<?xml version="1.0"?>
<!-- DO NOT EDIT THIS FILE! - FUTURE VERSION OF HYDRAIRC WILL OVERWRITE IT - TAKE A COPY!! -->
<HydraIRCColorSchemeCollection name="The Anders Collection" author="-Anders">
  <colorscheme name="Basic gray" author="-Anders" version="1.2" date="28/Jun/2003">
<!-- This Colorscheme is called 'Basic gray' -->
<!-- Default Colors -->    
    <item name="Color_white" color="#ffffff"/>
    <item name="Color_black" color="#000000"/>
    <item name="Color_darkblue" color="#00007f"/>
    <item name="Color_darkgreen" color="#009300"/>
    <item name="Color_red" color="#ff0000"/>
    <item name="Color_brown" color="#7f0000"/>
    <item name="Color_purple" color="#9c009c"/>
    <item name="Color_orange" color="#fc7f00"/>
    <item name="Color_yellow" color="#ffff00"/>
    <item name="Color_green" color="#00fc00"/>
    <item name="Color_darkcyan" color="#009393"/>
    <item name="Color_cyan" color="#00ffff"/>
    <item name="Color_blue" color="#0000fc"/>
    <item name="Color_pink" color="#ff00ff"/>
    <item name="Color_gray" color="#7f7f7f"/>
    <item name="Color_lightgray" color="#aaaaaa"/>
<!-- Text -->
    <item name="Item_background" color="#505050"/>
    <item name="Item_normal" color="#909090"/>
    <item name="Item_notice" color="#999999"/>
    <item name="Item_topic" color="#909090"/>
    <item name="Item_join" color="#808080"/>
    <item name="Item_kick" color="#808080"/>
    <item name="Item_mode" color="#808080"/>
    <item name="Item_nick" color="#808080"/>
    <item name="Item_part" color="#808080"/>
    <item name="Item_action" color="#909090"/>
    <item name="Item_ctcp" color="#808080"/>
    <item name="Item_quit" color="#808080"/>
    <item name="Item_connecting" color="#909090"/>
    <item name="Item_querytext" color="#999999"/>
    <item name="Item_owntext" color="#959595"/>
<!-- Stuff -->
    <item name="Item_info" color="#999999"/>
    <item name="Item_warning" color="#AA9999"/>
    <item name="Item_error" color="#FF9999"/>
<!-- Timestamp -->
    <item name="Item_timestamp" color="#808080"/>
<!-- Userlist -->
    <item name="Item_userlistbackground" color="#505050"/>
    <item name="Item_userlistnormaltext" color="#909090"/>
    <item name="Item_userlistselectedbackground" color="-1"/>
<!-- Text input -->
    <item name="Item_textinputbackground" color="#505050"/>
    <item name="Item_textinputnormaltext" color="#909090"/>
<!-- Global Userlist -->
    <item name="Item_globaluserlistbackground" color="#505050"/>
    <item name="Item_globaluserlistnormaltext" color="#909090"/>
    <item name="Item_globaluserlistselectedbackground" color="-1"/>
<!-- Serverlist -->
    <item name="Item_serverlistbackground" color="#505050"/>
    <item name="Item_serverlistnormaltext" color="#909090"/>
    <item name="Item_serverlistselectedbackground" color="-1"/>
<!-- Serverlist, Connecting, Disconnecting -->
    <item name="Item_serverlistdisconnected" color="#909090"/>
    <item name="Item_serverlistconnecting" color="#909090"/>
    <item name="Item_serverlistconnected" color="#909090"/>
<!-- Serverlist, Dirty -->
    <item name="Item_serverlistserverdirtytext" color="-1"/>
    <item name="Item_serverlistserverdirtybackground" color="#505050"/>
    <item name="Item_serverlistdccchatdirtytext" color="#909090"/>
    <item name="Item_serverlistdccchatdirtybackground" color="#505050"/>
    <item name="Item_serverlistchanneldirtytext" color="#909090"/>
    <item name="Item_serverlistchanneldirtybackground" color="#505050"/>
    <item name="Item_serverlistquerydirtytext" color="#909090"/>
    <item name="Item_serverlistquerydirtybackground" color="#505050"/>
<!-- Serverlist, Recent -->
    <item name="Item_serverlistserverrecenttext" color="-1"/>
    <item name="Item_serverlistserverrecentbackground" color="#505050"/>
    <item name="Item_serverlistdccchatrecenttext" color="#999999"/>
    <item name="Item_serverlistdccchatrecentbackground" color="#505050"/>
    <item name="Item_serverlistchannelrecenttext" color="#999999"/>
    <item name="Item_serverlistchannelrecentbackground" color="#505050"/>
    <item name="Item_serverlistqueryrecenttext" color="#999999"/>
    <item name="Item_serverlistqueryrecentbackground" color="#505050"/>
    <item name="Item_transferlisterrortext" color="#FF9999"/>
    <item name="Item_transferlistcompletetext" color="#999999"/>
    <item name="Item_transferlistnormaltext" color="#505050"/>
  </colorscheme>
</HydraIRCColorSchemeCollection>
