<?xml version="1.0"?>
<!-- DO NOT EDIT THIS FILE! - FUTURE VERSION OF HYDRAIRC WILL OVERWRITE IT - TAKE A COPY!! -->
<HydraIRCColorSchemeCollection name="Collection 1" author="darkjedi">
  <colorscheme name="decent" author="darkjedi" version="1.0" date="28/Jun/2003">
    <item name="Color_white" color="#ffffff"/>
    <item name="Color_black" color="#000000"/>
    <item name="Color_darkblue" color="#00007f"/>
    <item name="Color_darkgreen" color="#009300"/>
    <item name="Color_red" color="#ff0000"/>
    <item name="Color_brown" color="#7f0000"/>
    <item name="Color_purple" color="#9c009c"/>
    <item name="Color_orange" color="#fc7f00"/>
    <item name="Color_yellow" color="#ffff00"/>
    <item name="Color_green" color="#00fc00"/>
    <item name="Color_darkcyan" color="#009393"/>
    <item name="Color_cyan" color="#00ffff"/>
    <item name="Color_blue" color="#0000fc"/>
    <item name="Color_pink" color="#ff00ff"/>
    <item name="Color_gray" color="#7f7f7f"/>
    <item name="Color_lightgray" color="#aaaaaa"/>
    
    <item name="Item_background" color="#dadada"/>
    <item name="Item_normal" color="#404040"/>
    <item name="Item_notice" color="#7f0000"/>
    <item name="Item_topic" color="#00006B"/>
    <item name="Item_join" color="#009300"/>
    <item name="Item_kick" color="#cc0011"/>
    <item name="Item_mode" color="#009300"/>
    <item name="Item_nick" color="#009300"/>
    <item name="Item_part" color="#00007f"/>
    <item name="Item_action" color="#00008a"/>
    <item name="Item_ctcp" color="#C36A00"/>
    <item name="Item_quit" color="#00006B"/>
    <item name="Item_connecting" color="#00007f"/>
    <item name="Item_querytext" color="#000080"/>
    <item name="Item_owntext" color="#000080"/>

    <item name="Item_info" color="#008000"/>
    <item name="Item_warning" color="#808000"/>
    <item name="Item_error" color="#800000"/>

    <item name="Item_timestamp" color="#808080"/>

    <item name="Item_userlistbackground" color="#dadada"/>
    <item name="Item_userlistnormaltext" color="#000000"/>
    <item name="Item_userlistselectedbackground" color="-1"/>

    <item name="Item_textinputbackground" color="#dadada"/>
    <item name="Item_textinputnormaltext" color="#000080"/>

    <item name="Item_globaluserlistbackground" color="#dadada"/>
    <item name="Item_globaluserlistnormaltext" color="#000000"/>
    <item name="Item_globaluserlistselectedbackground" color="-1"/>

    <item name="Item_serverlistbackground" color="#dadada"/>
    <item name="Item_serverlistnormaltext" color="#000000"/>
    <item name="Item_serverlistselectedbackground" color="-1"/>

    <item name="Item_serverlistdisconnected" color="#800000"/>
    <item name="Item_serverlistconnecting" color="#00006B"/>
    <item name="Item_serverlistconnected" color="#00006B"/>
    <item name="Item_serverlistserverdirtytext" color="-1"/>
    <item name="Item_serverlistserverdirtybackground" color="#dadada"/>
    <item name="Item_serverlistdccchatdirtytext" color="#000080"/>
    <item name="Item_serverlistdccchatdirtybackground" color="#dadada"/>
    <item name="Item_serverlistchanneldirtytext" color="#000080"/>
    <item name="Item_serverlistchanneldirtybackground" color="#dadada"/>
    <item name="Item_serverlistquerydirtytext" color="#000080"/>
    <item name="Item_serverlistquerydirtybackground" color="#dadada"/>
    <item name="Item_serverlistserverrecenttext" color="-1"/>
    <item name="Item_serverlistserverrecentbackground" color="#dadada"/>
    <item name="Item_serverlistdccchatrecenttext" color="#ff0000"/>
    <item name="Item_serverlistdccchatrecentbackground" color="#dadada"/>
    <item name="Item_serverlistchannelrecenttext" color="#ff0000"/>
    <item name="Item_serverlistchannelrecentbackground" color="#dadada"/>
    <item name="Item_serverlistqueryrecenttext" color="#ff0000"/>
    <item name="Item_serverlistqueryrecentbackground" color="#dadada"/>
    <item name="Item_transferlisterrortext" color="#930000"/>
    <item name="Item_transferlistcompletetext" color="#009300"/>
    <item name="Item_transferlistnormaltext" color="#000000"/>
  </colorscheme>
</HydraIRCColorSchemeCollection>
