<?xml version="1.0"?>
<!-- DO NOT EDIT THIS FILE! - FUTURE VERSION OF HYDRAIRC WILL OVERWRITE IT - TAKE A COPY!! -->
<HydraIRCColorSchemeCollection name="Basic" author="Hydra">
  <colorscheme name="Dark on Light" author="Hydra" version="1.4" date="05/Feb/2004">
    <item name="Color_white" color="#ffffff"/>
    <item name="Color_black" color="#000000"/>
    <item name="Color_darkblue" color="#000080"/>
    <item name="Color_darkgreen" color="#009200"/>
    <item name="Color_red" color="#ff0000"/>
    <item name="Color_brown" color="#800000"/>
    <item name="Color_purple" color="#9c009c"/>
    <item name="Color_orange" color="#fc8000"/>
    <item name="Color_yellow" color="#ffff00"/>
    <item name="Color_green" color="#00fc00"/>
    <item name="Color_darkcyan" color="#009292"/>
    <item name="Color_cyan" color="#00ffff"/>
    <item name="Color_blue" color="#0000fc"/>
    <item name="Color_pink" color="#ff00ff"/>
    <item name="Color_gray" color="#808080"/>
    <item name="Color_lightgray" color="#aaaaaa"/>
    <item name="Item_background" color="#ffffff"/>
    <item name="Item_normal" color="#404040"/>
    <item name="Item_notice" color="#800000"/>
    <item name="Item_topic" color="#009200"/>
    <item name="Item_join" color="#009200"/>
    <item name="Item_kick" color="#c00000"/>
    <item name="Item_mode" color="#009200"/>
    <item name="Item_nick" color="#009200"/>
    <item name="Item_part" color="#800000"/>
    <item name="Item_action" color="#9c009c"/>
    <item name="Item_ctcp" color="#c000c0"/>
    <item name="Item_quit" color="#800000"/>
    <item name="Item_connecting" color="#000080"/>
    <item name="Item_querytext" color="#00c0c0"/>
    <item name="Item_owntext" color="#000080"/>
    <item name="Item_wallops" color="#c00000"/>
    <item name="Item_info" color="#008000"/>
    <item name="Item_warning" color="#808000"/>
    <item name="Item_error" color="#800000"/>
    <item name="Item_timestamp" color="#808080"/>
    <item name="Item_userlistbackground" color="#ffffff"/>
    <item name="Item_userlistnormaltext" color="#000000"/>
    <item name="Item_userlistselectedbackground" color="-1"/>
    <item name="Item_textinputbackground" color="#ffffff"/>
    <item name="Item_textinputnormaltext" color="#000000"/>
    <item name="Item_globaluserlistbackground" color="#ffffff"/>
    <item name="Item_globaluserlistnormaltext" color="#000000"/>
    <item name="Item_globaluserlistselectedbackground" color="-1"/>
    <item name="Item_serverlistbackground" color="#ffffff"/>
    <item name="Item_serverlistnormaltext" color="#000000"/>
    <item name="Item_serverlistselectedbackground" color="-1"/>
    <item name="Item_serverlistdisconnected" color="#800000"/>
    <item name="Item_serverlistconnecting" color="#808000"/>
    <item name="Item_serverlistconnected" color="#008000"/>
    <item name="Item_serverlistserverdirtytext" color="#000080"/>
    <item name="Item_serverlistserverdirtybackground" color="#ffffff"/>
    <item name="Item_serverlistdccchatdirtytext" color="#000080"/>
    <item name="Item_serverlistdccchatdirtybackground" color="#ffffff"/>
    <item name="Item_serverlistchanneldirtytext" color="#000080"/>
    <item name="Item_serverlistchanneldirtybackground" color="#ffffff"/>
    <item name="Item_serverlistquerydirtytext" color="#000080"/>
    <item name="Item_serverlistquerydirtybackground" color="#ffffff"/>
    <item name="Item_serverlistserverrecenttext" color="#ff0000"/>
    <item name="Item_serverlistserverrecentbackground" color="#ffffff"/>
    <item name="Item_serverlistdccchatrecenttext" color="#ff0000"/>
    <item name="Item_serverlistdccchatrecentbackground" color="#ffffff"/>
    <item name="Item_serverlistchannelrecenttext" color="#ff0000"/>
    <item name="Item_serverlistchannelrecentbackground" color="#ffffff"/>
    <item name="Item_serverlistqueryrecenttext" color="#ff0000"/>
    <item name="Item_serverlistqueryrecentbackground" color="#ffffff"/>
    <item name="Item_transferlisterrortext" color="#930000"/>
    <item name="Item_transferlistcompletetext" color="#009300"/>
    <item name="Item_transferlistnormaltext" color="#000000"/>
    <item name="Item_headertext" color="#000000"/>
    <item name="Item_headerbackground" color="#f7f3e9"/>
    <item name="Item_infotext" color="#000000"/>
    <item name="Item_infobackground" color="#f7f3e9"/>
  </colorscheme>
  <colorscheme name="Light on Dark" author="Hydra" version="1.4" date="05/Feb/2004">
    <item name="Color_darkblue" color="#4040c0"/>
    <item name="Color_darkgreen" color="#40c040"/>
    <item name="Color_red" color="#ff4040"/>
    <item name="Color_brown" color="#c08040"/>
    <item name="Color_purple" color="#c040c0"/>
    <item name="Color_orange" color="#ff8040"/>
    <item name="Color_yellow" color="#ffff40"/>
    <item name="Color_green" color="#40ff40"/>
    <item name="Color_darkcyan" color="#40c0c0"/>
    <item name="Color_cyan" color="#40ffff"/>
    <item name="Color_blue" color="#4040ff"/>
    <item name="Color_pink" color="#ffc0ff"/>
    <item name="Color_gray" color="#808080"/>
    <item name="Color_lightgray" color="#c0c0c0"/>
    <item name="Item_background" color="#000000"/>
    <item name="Item_normal" color="#e0e0e0"/>
    <item name="Item_notice" color="#66ffff"/>
    <item name="Item_topic" color="#40ff40"/>
    <item name="Item_join" color="#66ff66"/>
    <item name="Item_kick" color="#ff6666"/>
    <item name="Item_mode" color="#40ff40"/>
    <item name="Item_nick" color="#fffe66"/>
    <item name="Item_part" color="#ff8c8c"/>
    <item name="Item_action" color="#ffc0ff"/>
    <item name="Item_ctcp" color="#ffff40"/>
    <item name="Item_quit" color="#ff8c8c"/>
    <item name="Item_connecting" color="#1ab1ff"/>
    <item name="Item_querytext" color="#40ffff"/>
    <item name="Item_owntext" color="#c0c0ff"/>
    <item name="Item_wallops" color="#ffff9c"/>
    <item name="Item_info" color="#40ff40"/>
    <item name="Item_warning" color="#ffff40"/>
    <item name="Item_error" color="#ff4040"/>
    <item name="Item_timestamp" color="#c0c0c0"/>
    <item name="Item_userlistbackground" color="#000000"/>
    <item name="Item_userlistnormaltext" color="#ffffff"/>
    <item name="Item_userlistselectedbackground" color="-1"/>
    <item name="Item_textinputbackground" color="#000000"/>
    <item name="Item_textinputnormaltext" color="#ffffff"/>
    <item name="Item_globaluserlistbackground" color="#000000"/>
    <item name="Item_globaluserlistnormaltext" color="#ffffff"/>
    <item name="Item_globaluserlistselectedbackground" color="-1"/>
    <item name="Item_serverlistbackground" color="#000000"/>
    <item name="Item_serverlistnormaltext" color="#ffffff"/>
    <item name="Item_serverlistdisconnected" color="#c05050"/>
    <item name="Item_serverlistconnecting" color="#c0c050"/>
    <item name="Item_serverlistconnected" color="#50c050"/>
    <item name="Item_serverlistserverdirtytext" color="-1"/>
    <item name="Item_serverlistserverdirtybackground" color="#000000"/>
    <item name="Item_serverlistdccchatdirtytext" color="#0080ff"/>
    <item name="Item_serverlistdccchatdirtybackground" color="#000000"/>
    <item name="Item_serverlistchanneldirtytext" color="#0080ff"/>
    <item name="Item_serverlistchanneldirtybackground" color="#000000"/>
    <item name="Item_serverlistquerydirtytext" color="#0080ff"/>
    <item name="Item_serverlistquerydirtybackground" color="#000000"/>
    <item name="Item_serverlistselectedbackground" color="-1"/>
    <item name="Item_serverlistserverrecenttext" color="-1"/>
    <item name="Item_serverlistserverrecentbackground" color="#000000"/>
    <item name="Item_serverlistdccchatrecenttext" color="#ff3000"/>
    <item name="Item_serverlistdccchatrecentbackground" color="#000000"/>
    <item name="Item_serverlistchannelrecenttext" color="#ff3000"/>
    <item name="Item_serverlistchannelrecentbackground" color="#000000"/>
    <item name="Item_serverlistqueryrecenttext" color="#ff3000"/>
    <item name="Item_serverlistqueryrecentbackground" color="#000000"/>
    <item name="Item_transferlisterrortext" color="#930000"/>
    <item name="Item_transferlistcompletetext" color="#009300"/>
    <item name="Item_transferlistnormaltext" color="#000000"/>
  </colorscheme>
</HydraIRCColorSchemeCollection>
