<?xml version="1.0" encoding="iso-8859-1" standalone="yes"?>
<!-- HydraIRC -->
<HydraIRC>
  <networklist>
    <network name="Aitvaras" id="10004"/>
    <network name="Aniverse" id="10013"/>
    <network name="ARCNet" id="10016"/>
    <network name="AtomicChat" id="10019"/>
    <network name="AustNet" id="10023"/>
    <network name="Axenet" id="10025"/>
    <network name="chatsociety" id="10058"/>
    <network name="DALnet" id="10074"/>
    <network name="DALnet" id="10074"/>
    <network name="Elite-IRC" id="10104"/>
    <network name="EnterTheGame" id="10105"/>
    <network name="FreedomIRC" id="10122"/>
    <network name="FreeNode" id="10124"/>
    <network name="Fusetech" id="10131"/>
    <network name="GalaxyNet" id="10133"/>
    <network name="GamesNET" id="10135"/>
    <network name="GIMPnet" id="10141"/>
    <network name="IceChat" id="10162"/>
    <network name="Infatech" id="10169"/>
    <network name="insiderZ.de" id="10174"/>
    <network name="IRCGate" id="10183"/>
    <network name="IRCnet" id="10189"/>
    <network name="IRCSoulz" id="10193"/>
    <network name="LinkIRC" id="10216"/>
    <network name="mIRCx.com" id="10228"/>
    <network name="QuakeNet" id="10271"/>
    <network name="RelicNet" id="10280"/>
    <network name="RenegadeIRC" id="10281"/>
    <network name="Rizon" id="10283"/>
    <network name="RusNet" id="10284"/>
    <network name="SandNET" id="10285"/>
    <network name="Telefragged" id="10309"/>
    <network name="UberNinja.Net" id="10318"/>
    <network name="Voila" id="10329"/>
    <network name="WonderNet" id="10343"/>
    <network name="ZeroFuzion" id="10357"/>
    <network name="ZeroLimit" id="10358"/>
    <network name="EFnet" id="10362"/>
    <network name="Deskmod" id="10363"/>
    <network name="Criten" id="10380"/>
    <network name="freedom" id="10443"/>
    <network name="Betas-Online" id="10445"/>
    <network name="UnderNet" id="10446"/>
    <network name="EV1" id="10448"/>
    <network name="Mozilla" id="10449"/>
    <network name="AnimeNetworkS" id="10450"/>
    <network name="BakaNET" id="10451"/>
    <network name="WyldRyde" id="10452"/>
    <network name="UFNet" id="10453"/>
  </networklist>
  <serverlist>
    <Server name="irc.deskmod.com" description="Deskmod" port="6667" password="" network="10363"/>
    <Server name="irc.freenode.net" description="FreeNode" port="6667" password="" network="10124"/>
    <Server name="irc.ufnet.org" description="UFNet" port="6667" password="" network="10453"/>
    <Server name="odyssey.ufnet.org" description="UFNet" port="6667" password="" network="10453"/>
    <Server name="irc.animenetworks.org" description="AnimeNetworkS" port="6667" password="" network="10450"/>
    <Server name="irc2.absoluteanime.net" description="AnimeNetworkS" port="6667" password="" network="10450"/>
    <Server name="irc.pyroshells.com" description="AnimeNetworkS" port="6667" password="" network="10450"/>
    <Server name="my.animenetworks.org" description="AnimeNetworkS" port="6667" password="" network="10450"/>
    <Server name="irc.absoluteanime.net" description="AnimeNetworkS" port="6667" password="" network="10450"/>
    <Server name="irc.bakanet.org" description="BakaNET" port="6667" password="" network="10451"/>
    <Server name="Singapore-1.SG.BakaNet.org" description="BakaNET" port="6667" password="" network="10451"/>
    <Server name="Singapore-2.SG.BakaNet.org" description="BakaNET" port="6667" password="" network="10451"/>
    <Server name="Singapore-3.SG.BakaNet.org" description="BakaNET" port="6667" password="" network="10451"/>
    <Server name="Singapore-4.SG.BakaNet.org" description="BakaNET" port="6667" password="" network="10451"/>
    <Server name="irc.wyldryde.net" description="WyldRyde" port="6667" password="" network="10452"/>
    <Server name="BearCave.WyldRyde.Net" description="WyldRyde" port="6667" password="" network="10452"/>
    <Server name="WizTower.WyldRyde.Net" description="WyldRyde" port="6667" password="" network="10452"/>
    <Server name="LockerGnome.WyldRyde.Net" description="WyldRyde" port="6667" password="" network="10452"/>
    <Server name="Prometheus.WyldRyde.Net" description="WyldRyde" port="6667" password="" network="10452"/>
    <Server name="MadFun.WyldRyde.Net" description="WyldRyde" port="6667" password="" network="10452"/>
    <Server name="Dimensions.WyldRyde.Net" description="WyldRyde" port="6667" password="" network="10452"/>
    <Server name="Basics.WyldRyde.Net" description="WyldRyde" port="6667" password="" network="10452"/>
    <Server name="Carnage.WyldRyde.Net" description="WyldRyde" port="6667" password="" network="10452"/>
    <Server name="Alpha.WyldRyde.Net" description="WyldRyde" port="6667" password="" network="10452"/>
    <Server name="Spicy.WyldRyde.Net" description="WyldRyde" port="6667" password="" network="10452"/>
    <Server name="ircnet.demon.co.uk" description="IRCnet" port="6667" password="" network="10189"/>
    <Server name="irc.ev1.net" description="EV1" port="6667" password="" network="10448"/>
    <Server name="irc.gamesnet.net" description="GamesNET" port="6667" password="" network="10135"/>
    <Server name="east.gamesnet.net" description="GamesNET" port="6667" password="" network="10135"/>
    <Server name="west.gamesnet.net" description="GamesNET" port="6667" password="" network="10135"/>
    <Server name="irc.Mozilla.org" description="Mozilla" port="6667" password="" network="10449"/>
    <Server name="irc.zerolimit.net" description="ZeroLimit" port="6667" password="" network="10358"/>
    <Server name="irc.rizon.net" description="Rizon" port="6667" password="" network="10283"/>
    <Server name="irc.quakenet.eu.org" description="QuakeNet" port="6667" password="" network="10271"/>
    <Server name="irc.quakenet.org" description="QuakeNet" port="6667" password="" network="10271"/>
    <Server name="irc.barrysworld.com" description="QuakeNet" port="6667" password="" network="10271"/>
    <Server name="irc.criten.net" description="Criten" port="6667" password="" network="10380"/>
    <Server name="irc.elite-irc.net" description="Elite-IRC" port="6667" password="" network="10104"/>
    <Server name="irc.zerofusion.net" description="ZeroFuzion" port="6667" password="" network="10357"/>
    <Server name="irc.betas-online.com" description="Betas-Online" port="6667" password="" network="10445"/>
    <Server name="newton.betas-online.com" description="Betas-Online" port="6667" password="" network="10445"/>
    <Server name="amadeus.betas-online.com" description="Betas-Online" port="6667" password="" network="10445"/>
    <Server name="dirac.betas-online.com" description="Betas-Online" port="6667" password="" network="10445"/>
    <Server name="portal.betas-online.com" description="Betas-Online" port="6667" password="" network="10445"/>
    <Server name="galileo.betas-online.com" description="Betas-Online" port="6667" password="" network="10445"/>
    <Server name="faraday.betas-online.com" description="Betas-Online" port="6667" password="" network="10445"/>
    <Server name="einstein.betas-online.com" description="Betas-Online" port="6667" password="" network="10445"/>
    <Server name="kepler.betas-online.com" description="Betas-Online" port="6667" password="" network="10445"/>
    <Server name="irc.undernet.org" description="UnderNet" port="6667" password="" network="10446"/>
    <Server name="irc.delfi.lt" description="Aitvaras" port="6667" password="" network="10004"/>
    <Server name="irc.dokeda.lt" description="Aitvaras" port="6667" password="" network="10004"/>
    <Server name="irc.elekta.lt" description="Aitvaras" port="6667" password="" network="10004"/>
    <Server name="irc.interneka.lt" description="Aitvaras" port="6667" password="" network="10004"/>
    <Server name="irc.ktu.lt" description="Aitvaras" port="6667" password="" network="10004"/>
    <Server name="irc.le.lt" description="Aitvaras" port="6667" password="" network="10004"/>
    <Server name="irc.splius.lt" description="Aitvaras" port="6667" password="" network="10004"/>
    <Server name="irc.takas.lt" description="Aitvaras" port="6667" password="" network="10004"/>
    <Server name="irc.5ci.net" description="Aitvaras" port="6667" password="" network="10004"/>
    <Server name="irc2.omnitel.net" description="Aitvaras" port="6667" password="" network="10004"/>
    <Server name="irc-1.aniverse.com" description="Aniverse" port="6667" password="" network="10013"/>
    <Server name="irc-4.aniverse.com" description="Aniverse" port="6667" password="" network="10013"/>
    <Server name="Services.Aniverse.Com" description="Aniverse" port="6667" password="" network="10013"/>
    <Server name="admin.arcnet.vapor.com" description="ARCNet" port="6667" password="" network="10016"/>
    <Server name="ch1.arcnet.vapor.com" description="ARCNet" port="6667" password="" network="10016"/>
    <Server name="de1.arcnet.vapor.com" description="ARCNet" port="6667" password="" network="10016"/>
    <Server name="de2.arcnet.vapor.com" description="ARCNet" port="6667" password="" network="10016"/>
    <Server name="de3.arcnet.vapor.com" description="ARCNet" port="6667" password="" network="10016"/>
    <Server name="opserv.arcnet.vapor.com" description="ARCNet" port="6667" password="" network="10016"/>
    <Server name="proxycheck.arcnet.vapor.com" description="ARCNet" port="6667" password="" network="10016"/>
    <Server name="se1.arcnet.vapor.com" description="ARCNet" port="6667" password="" network="10016"/>
    <Server name="se3.arcnet.vapor.com" description="ARCNet" port="6667" password="" network="10016"/>
    <Server name="services.arcnet.vapor.com" description="ARCNet" port="6667" password="" network="10016"/>
    <Server name="uk2.arcnet.vapor.com" description="ARCNet" port="6667" password="" network="10016"/>
    <Server name="uk3.arcnet.vapor.com" description="ARCNet" port="6667" password="" network="10016"/>
    <Server name="us1.arcnet.vapor.com" description="ARCNet" port="6667" password="" network="10016"/>
    <Server name="us2.arcnet.vapor.com" description="ARCNet" port="6667" password="" network="10016"/>
    <Server name="irc.a2znethost.com" description="AtomicChat" port="6667" password="" network="10019"/>
    <Server name="irc.autobotnation.com" description="AtomicChat" port="6667" password="" network="10019"/>
    <Server name="irc.darkdreamz.com" description="AtomicChat" port="6667" password="" network="10019"/>
    <Server name="DarkDreamz.Netw0rkz.com" description="AtomicChat" port="6667" password="" network="10019"/>
    <Server name="irc.animextacy.net" description="AtomicChat" port="6667" password="" network="10019"/>
    <Server name="irc.atomicchat.net" description="AtomicChat" port="6667" password="" network="10019"/>
    <Server name="irc.dark-inferno.net" description="AtomicChat" port="6667" password="" network="10019"/>
    <Server name="atomic.enforcerz.net" description="AtomicChat" port="6667" password="" network="10019"/>
    <Server name="irc.superior-web.net" description="AtomicChat" port="6667" password="" network="10019"/>
    <Server name="irc.tv-eps.net" description="AtomicChat" port="6667" password="" network="10019"/>
    <Server name="irc.austnet.org" description="AustNet" port="6667" password="" network="10023"/>
    <Server name="pacific.nsw.au.austnet.org" description="AustNet" port="6667" password="" network="10023"/>
    <Server name="spin.nsw.au.austnet.org" description="AustNet" port="6667" password="" network="10023"/>
    <Server name="netspace.vic.au.austnet.org" description="AustNet" port="6667" password="" network="10023"/>
    <Server name="yoyo.vic.au.austnet.org" description="AustNet" port="6667" password="" network="10023"/>
    <Server name="iinet.wa.au.austnet.org" description="AustNet" port="6667" password="" network="10023"/>
    <Server name="tornado.no.eu.austnet.org" description="AustNet" port="6667" password="" network="10023"/>
    <Server name="eastciti.sg.austnet.org" description="AustNet" port="6667" password="" network="10023"/>
    <Server name="pacific.sg.austnet.org" description="AustNet" port="6667" password="" network="10023"/>
    <Server name="starhub.sg.austnet.org" description="AustNet" port="6667" password="" network="10023"/>
    <Server name="webmaster.ca.us.austnet.org" description="AustNet" port="6667" password="" network="10023"/>
    <Server name="eerie.mi.us.austnet.org" description="AustNet" port="6667" password="" network="10023"/>
    <Server name="bohica.tx.us.austnet.org" description="AustNet" port="6667" password="" network="10023"/>
    <Server name="digital.tx.us.austnet.org" description="AustNet" port="6667" password="" network="10023"/>
    <Server name="bn.axenet.org" description="Axenet" port="6667" password="" network="10025"/>
    <Server name="camelot.axenet.org" description="Axenet" port="6667" password="" network="10025"/>
    <Server name="cannibal.axenet.org" description="Axenet" port="6667" password="" network="10025"/>
    <Server name="ghetto.axenet.org" description="Axenet" port="6667" password="" network="10025"/>
    <Server name="hardstyle.axenet.org" description="Axenet" port="6667" password="" network="10025"/>
    <Server name="heaven.axenet.org" description="Axenet" port="6667" password="" network="10025"/>
    <Server name="jolt.axenet.org" description="Axenet" port="6667" password="" network="10025"/>
    <Server name="kinetic.axenet.org" description="Axenet" port="6667" password="" network="10025"/>
    <Server name="mf.axenet.org" description="Axenet" port="6667" password="" network="10025"/>
    <Server name="nemesis.axenet.org" description="Axenet" port="6667" password="" network="10025"/>
    <Server name="shipwreck.axenet.org" description="Axenet" port="6667" password="" network="10025"/>
    <Server name="void.axenet.org" description="Axenet" port="6667" password="" network="10025"/>
    <Server name="worldakt.axenet.org" description="Axenet" port="6667" password="" network="10025"/>
    <Server name="xentix.axenet.org" description="Axenet" port="6667" password="" network="10025"/>
    <Server name="core.chatsociety.net" description="chatsociety" port="6667" password="" network="10058"/>
    <Server name="2600.dk.eu.chatsociety.net" description="chatsociety" port="6667" password="" network="10058"/>
    <Server name="massive.dk.eu.chatsociety.net" description="chatsociety" port="6667" password="" network="10058"/>
    <Server name="mirage.se.eu.chatsociety.net" description="chatsociety" port="6667" password="" network="10058"/>
    <Server name="services.chatsociety.net" description="chatsociety" port="6667" password="" network="10058"/>
    <Server name="meia.az.us.chatsociety.net" description="chatsociety" port="6667" password="" network="10058"/>
    <Server name="midori.sg.as.criten.net" description="Criten" port="6667" password="" network="10380"/>
    <Server name="underworld.hub.eu.criten.net" description="Criten" port="6667" password="" network="10380"/>
    <Server name="dracul.no.eu.criten.net" description="Criten" port="6667" password="" network="10380"/>
    <Server name="ntnu.no.eu.criten.net" description="Criten" port="6667" password="" network="10380"/>
    <Server name="thc.no.eu.criten.net" description="Criten" port="6667" password="" network="10380"/>
    <Server name="routing.hub.criten.net" description="Criten" port="6667" password="" network="10380"/>
    <Server name="southo.ca.us.criten.net" description="Criten" port="6667" password="" network="10380"/>
    <Server name="aohell.hub.us.criten.net" description="Criten" port="6667" password="" network="10380"/>
    <Server name="encrypted.hub.us.criten.net" description="Criten" port="6667" password="" network="10380"/>
    <Server name="psychz.hub.us.criten.net" description="Criten" port="6667" password="" network="10380"/>
    <Server name="shadow.hub.us.criten.net" description="Criten" port="6667" password="" network="10380"/>
    <Server name="serve.oh.us.criten.net" description="Criten" port="6667" password="" network="10380"/>
    <Server name="omega.tx.us.criten.net" description="Criten" port="6667" password="" network="10380"/>
    <Server name="toronto.on.ca.dal.net" description="DALnet" port="6667" password="" network="10074"/>
    <Server name="valhall.hub.eu.dal.net" description="DALnet" port="6667" password="" network="10074"/>
    <Server name="borg.se.eu.dal.net" description="DALnet" port="6667" password="" network="10074"/>
    <Server name="ced.se.eu.dal.net" description="DALnet" port="6667" password="" network="10074"/>
    <Server name="gaston.se.eu.dal.net" description="DALnet" port="6667" password="" network="10074"/>
    <Server name="tiscali.uk.eu.dal.net" description="DALnet" port="6667" password="" network="10074"/>
    <Server name="mesra.kl.my.dal.net" description="DALnet" port="6667" password="" network="10074"/>
    <Server name="spanish-inquisition-e.dal.net" description="DALnet" port="6667" password="" network="10074"/>
    <Server name="acool-e.ga.us.dal.net" description="DALnet" port="6667" password="" network="10074"/>
    <Server name="rhythm.hub.us.dal.net" description="DALnet" port="6667" password="" network="10074"/>
    <Server name="vanity.hub.us.dal.net" description="DALnet" port="6667" password="" network="10074"/>
    <Server name="ithaca-s.ny.us.dal.net" description="DALnet" port="6667" password="" network="10074"/>
    <Server name="jade.va.us.dal.net" description="DALnet" port="6667" password="" network="10074"/>
    <Server name="sibinet.com" description="DALnet" port="6667" password="" network="10074"/>
    <Server name="irc.debil.net" description="DALnet" port="6667" password="" network="10074"/>
    <Server name="irc.svao.net" description="DALnet" port="6667" password="" network="10074"/>
    <Server name="www.ukhta.net" description="DALnet" port="6667" password="" network="10074"/>
    <Server name="dalnet.zhulebino.net" description="DALnet" port="6667" password="" network="10074"/>
    <Server name="irc.netspike.org" description="DALnet" port="6667" password="" network="10074"/>
    <Server name="irc.tpi.ac.ru" description="DALnet" port="6667" password="" network="10074"/>
    <Server name="m9control.am.ru" description="DALnet" port="6667" password="" network="10074"/>
    <Server name="irc.attack.ru" description="DALnet" port="6667" password="" network="10074"/>
    <Server name="irc.blood.ru" description="DALnet" port="6667" password="" network="10074"/>
    <Server name="kaktus.bmstu.ru" description="DALnet" port="6667" password="" network="10074"/>
    <Server name="abakan.dalnet.ru" description="DALnet" port="6667" password="" network="10074"/>
    <Server name="hub2.dalnet.ru" description="DALnet" port="6667" password="" network="10074"/>
    <Server name="iskra.dalnet.ru" description="DALnet" port="6667" password="" network="10074"/>
    <Server name="knastu.dalnet.ru" description="DALnet" port="6667" password="" network="10074"/>
    <Server name="megion.dalnet.ru" description="DALnet" port="6667" password="" network="10074"/>
    <Server name="services.dalnet.ru" description="DALnet" port="6667" password="" network="10074"/>
    <Server name="tomsk.dalnet.ru" description="DALnet" port="6667" password="" network="10074"/>
    <Server name="irc.gcnet.ru" description="DALnet" port="6667" password="" network="10074"/>
    <Server name="irc.gtn.ru" description="DALnet" port="6667" password="" network="10074"/>
    <Server name="irc.iskra.ru" description="DALnet" port="6667" password="" network="10074"/>
    <Server name="irc.iskra-net.ru" description="DALnet" port="6667" password="" network="10074"/>
    <Server name="cable1.khakassia.ru" description="DALnet" port="6667" password="" network="10074"/>
    <Server name="cable2.khakassia.ru" description="DALnet" port="6667" password="" network="10074"/>
    <Server name="irc.khsu.ru" description="DALnet" port="6667" password="" network="10074"/>
    <Server name="irc.migsv.ru" description="DALnet" port="6667" password="" network="10074"/>
    <Server name="irc.mipt.ru" description="DALnet" port="6667" password="" network="10074"/>
    <Server name="baza.m-lan.ru" description="DALnet" port="6667" password="" network="10074"/>
    <Server name="irc.m-lan.ru" description="DALnet" port="6667" password="" network="10074"/>
    <Server name="irc.murphy.pp.ru" description="DALnet" port="6667" password="" network="10074"/>
    <Server name="irc.realnet.ru" description="DALnet" port="6667" password="" network="10074"/>
    <Server name="irc.seversk.ru" description="DALnet" port="6667" password="" network="10074"/>
    <Server name="dalnet.sgu.ru" description="DALnet" port="6667" password="" network="10074"/>
    <Server name="irc.starlink.ru" description="DALnet" port="6667" password="" network="10074"/>
    <Server name="irc.tatneft.ru" description="DALnet" port="6667" password="" network="10074"/>
    <Server name="irc.tlt.ru" description="DALnet" port="6667" password="" network="10074"/>
    <Server name="dalnet.tMH.ru" description="DALnet" port="6667" password="" network="10074"/>
    <Server name="irc.kash.tomsk.ru" description="DALnet" port="6667" password="" network="10074"/>
    <Server name="scalpnet.tomsk.ru" description="DALnet" port="6667" password="" network="10074"/>
    <Server name="irc.trg.ru" description="DALnet" port="6667" password="" network="10074"/>
    <Server name="irc.trktvs.ru" description="DALnet" port="6667" password="" network="10074"/>
    <Server name="irc.vaz.ru" description="DALnet" port="6667" password="" network="10074"/>
    <Server name="irc.volga.ru" description="DALnet" port="6667" password="" network="10074"/>
    <Server name="vtx.ru" description="DALnet" port="6667" password="" network="10074"/>
    <Server name="dalnet.dp.ua" description="DALnet" port="6667" password="" network="10074"/>
    
    <!-- Efnet, updated via /links on irc.blessed.net 24/4/2007 -->
    <Server name="backup.services.int" description="EFnet" port="6667" password="" network="10362"/>  
    <Server name="chat.efnet.org" description="EFnet" port="6667" password="" network="10362"/>  
    <Server name="efnet.cs.hut.fi" description="EFnet" port="6667" password="" network="10362"/> 
    <Server name="efnet.demon.co.uk" description="EFnet" port="6667" password="" network="10362"/>
    <Server name="efnet.ipv6.xs4all.nl" description="EFnet" port="6667" password="" network="10362"/>  
    <Server name="efnet.port80.se" description="EFnet" port="6667" password="" network="10362"/> 
    <Server name="efnet.teleglobe.net" description="EFnet" port="6667" password="" network="10362"/>  
    <Server name="efnet.xs4all.nl" description="EFnet" port="6667" password="" network="10362"/> 
    <Server name="hub.dk" description="EFnet" port="6667" password="" network="10362"/>          
    <Server name="hub.efnet.nl" description="EFnet" port="6667" password="" network="10362"/>    
    <Server name="hub.efnet.us" description="EFnet" port="6667" password="" network="10362"/>    
    <Server name="hub.il" description="EFnet" port="6667" password="" network="10362"/>          
    <Server name="hub.se" description="EFnet" port="6667" password="" network="10362"/>          
    <Server name="hub.uk" description="EFnet" port="6667" password="" network="10362"/>          
    <Server name="irc.Prison.NET" description="EFnet" port="6667" password="" network="10362"/>  
    <Server name="irc.ac.za" description="EFnet" port="6667" password="" network="10362"/>       
    <Server name="irc.arcti.ca" description="EFnet" port="6667" password="" network="10362"/>    
    <Server name="irc.blackened.com" description="EFnet" port="6667" password="" network="10362"/>
    <Server name="irc.blessed.net" description="EFnet" port="6667" password="" network="10362"/> 
    <Server name="irc.choopa.ca" description="EFnet" port="6667" password="" network="10362"/>   
    <Server name="irc.choopa.net" description="EFnet" port="6667" password="" network="10362"/>  
    <Server name="irc.colosolutions.net" description="EFnet" port="6667" password="" network="10362"/>  
    <Server name="irc.dataphone.se" description="EFnet" port="6667" password="" network="10362"/>
    <Server name="irc.daxnet.no" description="EFnet" port="6667" password="" network="10362"/>   
    <Server name="irc.dks.ca" description="EFnet" port="6667" password="" network="10362"/>      
    <Server name="irc.du.se" description="EFnet" port="6667" password="" network="10362"/>       
    <Server name="irc.easynews.com" description="EFnet" port="6667" password="" network="10362"/>
    <Server name="irc.efnet.ch" description="EFnet" port="6667" password="" network="10362"/>    
    <Server name="irc.efnet.fr" description="EFnet" port="6667" password="" network="10362"/>    
    <Server name="irc.efnet.nl" description="EFnet" port="6667" password="" network="10362"/>    
    <Server name="irc.efnet.no" description="EFnet" port="6667" password="" network="10362"/>    
    <Server name="irc.efnet.pl" description="EFnet" port="6667" password="" network="10362"/>    
    <Server name="irc.efnet.ru" description="EFnet" port="6667" password="" network="10362"/>    
    <Server name="irc.eversible.com" description="EFnet" port="6667" password="" network="10362"/>
    <Server name="irc.he.net" description="EFnet" port="6667" password="" network="10362"/>      
    <Server name="irc.homelien.no" description="EFnet" port="6667" password="" network="10362"/> 
    <Server name="irc.igs.ca" description="EFnet" port="6667" password="" network="10362"/>      
    <Server name="irc.inet.tele.dk" description="EFnet" port="6667" password="" network="10362"/>
    <Server name="irc.inter.net.il" description="EFnet" port="6667" password="" network="10362"/>
    <Server name="irc.mindspring.com" description="EFnet" port="6667" password="" network="10362"/>
    <Server name="irc.mzima.net" description="EFnet" port="6667" password="" network="10362"/>   
    <Server name="irc.nac.net" description="EFnet" port="6667" password="" network="10362"/>     
    <Server name="irc.pte.hu" description="EFnet" port="6667" password="" network="10362"/>      
    <Server name="irc.ptptech.com" description="EFnet" port="6667" password="" network="10362"/> 
    <Server name="irc.servercentral.net" description="EFnet" port="6667" password="" network="10362"/>
    <Server name="irc.shoutcast.com" description="EFnet" port="6667" password="" network="10362"/>
    <Server name="irc.umich.edu" description="EFnet" port="6667" password="" network="10362"/>   
    <Server name="irc.umn.edu" description="EFnet" port="6667" password="" network="10362"/>     
    <Server name="irc.vel.net" description="EFnet" port="6667" password="" network="10362"/>     
    <Server name="irc.wh.verio.net" description="EFnet" port="6667" password="" network="10362"/>
    <Server name="irc2.choopa.net" description="EFnet" port="6667" password="" network="10362"/> 
    <Server name="ircd.arcti.ca" description="EFnet" port="6667" password="" network="10362"/>   
    <Server name="ircd.choopa.net" description="EFnet" port="6667" password="" network="10362"/> 
    <Server name="ircd.efnet.no" description="EFnet" port="6667" password="" network="10362"/>   
    <Server name="ircd.he.net" description="EFnet" port="6667" password="" network="10362"/>     
    <Server name="ircd.lagged.org" description="EFnet" port="6667" password="" network="10362"/> 
    <Server name="ircd.llnw.net" description="EFnet" port="6667" password="" network="10362"/>   
    <Server name="ircd.nac.net" description="EFnet" port="6667" password="" network="10362"/>    
    <Server name="services.int" description="EFnet" port="6667" password="" network="10362"/>        
    <!--
    <Server name="irc.efnet.net" description="EFnet" port="6667" password="" network="10362"/>
    <Server name="efnet.skynet.be" description="EFnet" port="6667" password="" network="10362"/>
    <Server name="irc.arcti.ca" description="EFnet" port="6667" password="" network="10362"/>
    <Server name="ircd.arcti.ca" description="EFnet" port="6667" password="" network="10362"/>
    <Server name="irc.mpls.ca" description="EFnet" port="6667" password="" network="10362"/>
    <Server name="irc2.mpls.ca" description="EFnet" port="6667" password="" network="10362"/>
    <Server name="irc.torix.ca" description="EFnet" port="6667" password="" network="10362"/>
    <Server name="ircd.torix.ca" description="EFnet" port="6667" password="" network="10362"/>
    <Server name="irc.aol.com" description="EFnet" port="6667" password="" network="10362"/>
    <Server name="irc.easynews.com" description="EFnet" port="6667" password="" network="10362"/>
    <Server name="irc.mindspring.com" description="EFnet" port="6667" password="" network="10362"/>
    <Server name="irc.vrfx.com" description="EFnet" port="6667" password="" network="10362"/>
    <Server name="irc.weblook2k.com" description="EFnet" port="6667" password="" network="10362"/>
    <Server name="hub.dk" description="EFnet" port="6667" password="" network="10362"/>
    <Server name="irc.inet.tele.dk" description="EFnet" port="6667" password="" network="10362"/>
    <Server name="irc.umich.edu" description="EFnet" port="6667" password="" network="10362"/>
    <Server name="irc.umn.edu" description="EFnet" port="6667" password="" network="10362"/>
    <Server name="efnet.cs.hut.fi" description="EFnet" port="6667" password="" network="10362"/>
    <Server name="irc.isdnet.fr" description="EFnet" port="6667" password="" network="10362"/>
    <Server name="hub.il" description="EFnet" port="6667" password="" network="10362"/>
    <Server name="irc.inter.net.il" description="EFnet" port="6667" password="" network="10362"/>
    <Server name="services.int" description="EFnet" port="6667" password="" network="10362"/>
    <Server name="irc.aloha.net" description="EFnet" port="6667" password="" network="10362"/>
    <Server name="irc.blessed.net" description="EFnet" port="6667" password="" network="10362"/>
    <Server name="irc.choopa.net" description="EFnet" port="6667" password="" network="10362"/>
    <Server name="ircd.flamed.net" description="EFnet" port="6667" password="" network="10362"/>
    <Server name="irc.he.net" description="EFnet" port="6667" password="" network="10362"/>
    <Server name="ircd.he.net" description="EFnet" port="6667" password="" network="10362"/>
    <Server name="irc.nac.net" description="EFnet" port="6667" password="" network="10362"/>
    <Server name="irc.Prison.NET" description="EFnet" port="6667" password="" network="10362"/>
    <Server name="irc.Qeast.net" description="EFnet" port="6667" password="" network="10362"/>
    <Server name="irc6.Qeast.net" description="EFnet" port="6667" password="" network="10362"/>
    <Server name="ircd.Qeast.net" description="EFnet" port="6667" password="" network="10362"/>
    <Server name="irc.servercentral.net" description="EFnet" port="6667" password="" network="10362"/>
    <Server name="ircd.servercentral.net" description="EFnet" port="6667" password="" network="10362"/>
    <Server name="irc.wh.verio.net" description="EFnet" port="6667" password="" network="10362"/>
    <Server name="ircd-w.us.xo.net" description="EFnet" port="6667" password="" network="10362"/>
    <Server name="irc-efnet.svc.us.xo.net" description="EFnet" port="6667" password="" network="10362"/>
    <Server name="efnet.vuurwerk.nl" description="EFnet" port="6667" password="" network="10362"/>
    <Server name="irc.banetele.no" description="EFnet" port="6667" password="" network="10362"/>
    <Server name="irc.daxnet.no" description="EFnet" port="6667" password="" network="10362"/>
    <Server name="irc.ipv6.homelien.no" description="EFnet" port="6667" password="" network="10362"/>
    <Server name="irc.homelien.no" description="EFnet" port="6667" password="" network="10362"/>
    <Server name="irc.secsup.org" description="EFnet" port="6667" password="" network="10362"/>
    <Server name="irc2.secsup.org" description="EFnet" port="6667" password="" network="10362"/>
    <Server name="ircd.secsup.org" description="EFnet" port="6667" password="" network="10362"/>
    <Server name="irc.efnet.pl" description="EFnet" port="6667" password="" network="10362"/>
    <Server name="irc.hemmet.chalmers.se" description="EFnet" port="6667" password="" network="10362"/>
    <Server name="irc.du.se" description="EFnet" port="6667" password="" network="10362"/>
    <Server name="hub.se" description="EFnet" port="6667" password="" network="10362"/>
    <Server name="efnet.demon.co.uk" description="EFnet" port="6667" password="" network="10362"/>
    <Server name="irc.servercentral.net" description="EFnet" port="6667" password="" network="10362"/>
    <Server name="irc.limelight.us" description="EFnet" port="6667" password="" network="10362"/>
    <Server name="services.xo" description="EFnet" port="6667" password="" network="10362"/>
    -->
    <Server name="Buccaneers.Elite-Irc.Net" description="Elite-IRC" port="6667" password="" network="10104"/>
    <Server name="Crystal.Elite-Irc.Net" description="Elite-IRC" port="6667" password="" network="10104"/>
    <Server name="Darwin.Elite-Irc.Net" description="Elite-IRC" port="6667" password="" network="10104"/>
    <Server name="Demon.Elite-Irc.Net" description="Elite-IRC" port="6667" password="" network="10104"/>
    <Server name="Foxy.Elite-Irc.Net" description="Elite-IRC" port="6667" password="" network="10104"/>
    <Server name="Hub.Elite-Irc.Net" description="Elite-IRC" port="6667" password="" network="10104"/>
    <Server name="Hub2.Elite-Irc.Net" description="Elite-IRC" port="6667" password="" network="10104"/>
    <Server name="Israel.Elite-Irc.Net" description="Elite-IRC" port="6667" password="" network="10104"/>
    <Server name="Killer.Elite-Irc.Net" description="Elite-IRC" port="6667" password="" network="10104"/>
    <Server name="Merlin.Elite-Irc.Net" description="Elite-IRC" port="6667" password="" network="10104"/>
    <Server name="Nomad.Elite-Irc.Net" description="Elite-IRC" port="6667" password="" network="10104"/>
    <Server name="Pokie.Elite-Irc.Net" description="Elite-IRC" port="6667" password="" network="10104"/>
    <Server name="SnapShot.Elite-Irc.Net" description="Elite-IRC" port="6667" password="" network="10104"/>
    <Server name="Syndicate.Elite-Irc.Net" description="Elite-IRC" port="6667" password="" network="10104"/>
    <Server name="Aussie-Hub.EnterTheGame.Com" description="EnterTheGame" port="6667" password="" network="10105"/>
    <Server name="Aussie1.EnterTheGame.Com" description="EnterTheGame" port="6667" password="" network="10105"/>
    <Server name="Aussie2.EnterTheGame.Com" description="EnterTheGame" port="6667" password="" network="10105"/>
    <Server name="Aussie3.EnterTheGame.Com" description="EnterTheGame" port="6667" password="" network="10105"/>
    <Server name="Ex-Services.EnterTheGame.Com" description="EnterTheGame" port="6667" password="" network="10105"/>
    <Server name="Ky-Hub.EnterTheGame.Com" description="EnterTheGame" port="6667" password="" network="10105"/>
    <Server name="Ky1.EnterTheGame.Com" description="EnterTheGame" port="6667" password="" network="10105"/>
    <Server name="Services.EnterTheGame.Com" description="EnterTheGame" port="6667" password="" network="10105"/>
    <Server name="midgard.freedomirc.net" description="FreedomIRC" port="6667" password="" network="10122"/>
    <Server name="valhalla.freedomirc.net" description="FreedomIRC" port="6667" password="" network="10122"/>
    <Server name="adams.freenode.net" description="FreeNode" port="6667" password="" network="10124"/>
    <Server name="anthony.freenode.net" description="FreeNode" port="6667" password="" network="10124"/>
    <Server name="brin.freenode.net" description="FreeNode" port="6667" password="" network="10124"/>
    <Server name="calvino.freenode.net" description="FreeNode" port="6667" password="" network="10124"/>
    <Server name="capek.freenode.net" description="FreeNode" port="6667" password="" network="10124"/>
    <Server name="gerrold.freenode.net" description="FreeNode" port="6667" password="" network="10124"/>
    <Server name="gibson.freenode.net" description="FreeNode" port="6667" password="" network="10124"/>
    <Server name="herbert.freenode.net" description="FreeNode" port="6667" password="" network="10124"/>
    <Server name="hogan.freenode.net" description="FreeNode" port="6667" password="" network="10124"/>
    <Server name="leguin.freenode.net" description="FreeNode" port="6667" password="" network="10124"/>
    <Server name="saberhagen.freenode.net" description="FreeNode" port="6667" password="" network="10124"/>
    <Server name="simak.freenode.net" description="FreeNode" port="6667" password="" network="10124"/>
    <Server name="sterling.freenode.net" description="FreeNode" port="6667" password="" network="10124"/>
    <Server name="vinge.freenode.net" description="FreeNode" port="6667" password="" network="10124"/>
    <Server name="zheng.freenode.net" description="FreeNode" port="6667" password="" network="10124"/>
    <Server name="services" description="FreeNode" port="6667" password="" network="10124"/>
    <Server name="chariot.au.galaxynet.org" description="GalaxyNet" port="6667" password="" network="10133"/>
    <Server name="sydney.nsw.au.galaxynet.org" description="GalaxyNet" port="6667" password="" network="10133"/>
    <Server name="online.be.galaxynet.org" description="GalaxyNet" port="6667" password="" network="10133"/>
    <Server name="online-hub.be.galaxynet.org" description="GalaxyNet" port="6667" password="" network="10133"/>
    <Server name="jolt.dk.galaxynet.org" description="GalaxyNet" port="6667" password="" network="10133"/>
    <Server name="Caen.FR.GalaxyNet.Org" description="GalaxyNet" port="6667" password="" network="10133"/>
    <Server name="netvision.il.galaxynet.org" description="GalaxyNet" port="6667" password="" network="10133"/>
    <Server name="zeelandnet.nl.galaxynet.org" description="GalaxyNet" port="6667" password="" network="10133"/>
    <Server name="services.galaxynet.org" description="GalaxyNet" port="6667" password="" network="10133"/>
    <Server name="services2.galaxynet.org" description="GalaxyNet" port="6667" password="" network="10133"/>
    <Server name="K-Systems.SG.GalaxyNet.Org" description="GalaxyNet" port="6667" password="" network="10133"/>
    <Server name="pacific.sg.galaxynet.org" description="GalaxyNet" port="6667" password="" network="10133"/>
    <Server name="pacific2.sg.galaxynet.org" description="GalaxyNet" port="6667" password="" network="10133"/>
    <Server name="singapore.sg.galaxynet.org" description="GalaxyNet" port="6667" password="" network="10133"/>
    <Server name="SingNet.SG.GalaxyNet.Org" description="GalaxyNet" port="6667" password="" network="10133"/>
    <Server name="SingNet-Hub.SG.GalaxyNet.Org" description="GalaxyNet" port="6667" password="" network="10133"/>
    <Server name="SingNet2.SG.GalaxyNet.Org" description="GalaxyNet" port="6667" password="" network="10133"/>
    <Server name="SingNet3.SG.GalaxyNet.Org" description="GalaxyNet" port="6667" password="" network="10133"/>
    <Server name="K-Systems.Th.GalaxyNet.Org" description="GalaxyNet" port="6667" password="" network="10133"/>
    <Server name="Phoenix.AZ.uS.GalaxyNet.org" description="GalaxyNet" port="6667" password="" network="10133"/>
    <Server name="Boston-Hub.US.GalaxyNet.Org" description="GalaxyNet" port="6667" password="" network="10133"/>
    <Server name="atlanta.ga.us.galaxynet.org" description="GalaxyNet" port="6667" password="" network="10133"/>
    <Server name="K-Systems.US.Galaxynet.Org" description="GalaxyNet" port="6667" password="" network="10133"/>
    <Server name="Boston.MA.US.GalaxyNet.Org" description="GalaxyNet" port="6667" password="" network="10133"/>
    <Server name="Boston2.MA.US.GalaxyNet.Org" description="GalaxyNet" port="6667" password="" network="10133"/>
    <Server name="Durham.NC.US.GalaxyNet.Org" description="GalaxyNet" port="6667" password="" network="10133"/>
    <Server name="Nexus.US.GalaxyNet.Org" description="GalaxyNet" port="6667" password="" network="10133"/>
    <Server name="albany.ny.us.galaxynet.org" description="GalaxyNet" port="6667" password="" network="10133"/>
    <Server name="findlay.oh.us.galaxynet.org" description="GalaxyNet" port="6667" password="" network="10133"/>
    <Server name="findlay-hub.oh.us.galaxynet.org" description="GalaxyNet" port="6667" password="" network="10133"/>
    <Server name="RedPhive.BC.CA.GamesNET.net" description="GamesNET" port="6667" password="" network="10135"/>
    <Server name="Lausanne.CH.EU.GamesNET.net" description="GamesNET" port="6667" password="" network="10135"/>
    <Server name="Tukikohta.FI.EU.GamesNET.net" description="GamesNET" port="6667" password="" network="10135"/>
    <Server name="Services.GamesNET.net" description="GamesNET" port="6667" password="" network="10135"/>
    <Server name="Staff.GamesNET.net" description="GamesNET" port="6667" password="" network="10135"/>
    <Server name="Kaneda.CA.US.GamesNET.net" description="GamesNET" port="6667" password="" network="10135"/>
    <Server name="NuclearFallout.CA.US.GamesNET.net" description="GamesNET" port="6667" password="" network="10135"/>
    <Server name="Prothid.CA.US.GamesNET.net" description="GamesNET" port="6667" password="" network="10135"/>
    <Server name="Staff.CA.US.GamesNET.net" description="GamesNET" port="6667" password="" network="10135"/>
    <Server name="Largo.Hub.US.GamesNET.net" description="GamesNET" port="6667" password="" network="10135"/>
    <Server name="Suarez.Hub.US.GamesNET.net" description="GamesNET" port="6667" password="" network="10135"/>
    <Server name="Zapp.Hub.US.GamesNET.net" description="GamesNET" port="6667" password="" network="10135"/>
    <Server name="Daemon.IL.US.GamesNET.net" description="GamesNET" port="6667" password="" network="10135"/>
    <Server name="Dreamland.IL.US.GamesNET.net" description="GamesNET" port="6667" password="" network="10135"/>
    <Server name="Twisted.MA.US.GamesNET.net" description="GamesNET" port="6667" password="" network="10135"/>
    <Server name="GameWarriors.NJ.US.GamesNET.net" description="GamesNET" port="6667" password="" network="10135"/>
    <Server name="Slim.NY.US.GamesNET.net" description="GamesNET" port="6667" password="" network="10135"/>
    <Server name="Boopers.OR.US.GamesNET.net" description="GamesNET" port="6667" password="" network="10135"/>
    <Server name="Abyss.TX.US.GamesNET.net" description="GamesNET" port="6667" password="" network="10135"/>
    <Server name="NetFire.TX.US.GamesNET.net" description="GamesNET" port="6667" password="" network="10135"/>
    <Server name="Totalhost.TX.US.GamesNET.net" description="GamesNET" port="6667" password="" network="10135"/>
    <Server name="sumo.solutionsfirst.com.au" description="GIMPnet" port="6667" password="" network="10141"/>
    <Server name="irc.lyrical.net" description="GIMPnet" port="6667" password="" network="10141"/>
    <Server name="irc.gimp.org" description="GIMPnet" port="6667" password="" network="10141"/>
    <Server name="ircd.gimp.org" description="GIMPnet" port="6667" password="" network="10141"/>
    <Server name="irc.lekstuga.org" description="GIMPnet" port="6667" password="" network="10141"/>
    <Server name="irc.acc.umu.se" description="GIMPnet" port="6667" password="" network="10141"/>
    <Server name="irc2.us.gimp.org" description="GIMPnet" port="6667" password="" network="10141"/>
    <Server name="irc3.us.gimp.org" description="GIMPnet" port="6667" password="" network="10141"/>
    <Server name="armymen.insiderZ.de" description="insiderZ.de" port="6667" password="" network="10174"/>
    <Server name="bunny.insiderz.de" description="insiderZ.de" port="6667" password="" network="10174"/>
    <Server name="hell.insiderZ.de" description="insiderZ.de" port="6667" password="" network="10174"/>
    <Server name="hub1.insiderZ.de" description="insiderZ.de" port="6667" password="" network="10174"/>
    <Server name="hub2.insiderZ.de" description="insiderZ.de" port="6667" password="" network="10174"/>
    <Server name="luna.insiderZ.de" description="insiderZ.de" port="6667" password="" network="10174"/>
    <Server name="paranetic.insiderZ.de" description="insiderZ.de" port="6667" password="" network="10174"/>
    <Server name="scout.insiderZ.de" description="insiderZ.de" port="6667" password="" network="10174"/>
    <Server name="softeis.insiderZ.de" description="insiderZ.de" port="6667" password="" network="10174"/>
    <Server name="storm.insiderZ.de" description="insiderZ.de" port="6667" password="" network="10174"/>
    <Server name="uni-duisburg.insiderZ.de" description="insiderZ.de" port="6667" password="" network="10174"/>
    <Server name="BelWue.DE" description="IRCnet" port="6667" password="" network="10189"/>
    <Server name="freenet.de" description="IRCnet" port="6667" password="" network="10189"/>
    <Server name="fu-berlin.de" description="IRCnet" port="6667" password="" network="10189"/>
    <Server name="Netsurf.DE" description="IRCnet" port="6667" password="" network="10189"/>
    <Server name="TU-Ilmenau.DE" description="IRCnet" port="6667" password="" network="10189"/>
    <Server name="TU-Muenchen.DE" description="IRCnet" port="6667" password="" network="10189"/>
    <Server name="rmap.TU-Muenchen.DE" description="IRCnet" port="6667" password="" network="10189"/>
    <Server name="Uni-Erlangen.DE" description="IRCnet" port="6667" password="" network="10189"/>
    <Server name="uni-karlsruhe.de" description="IRCnet" port="6667" password="" network="10189"/>
    <Server name="sunsite.dk" description="IRCnet" port="6667" password="" network="10189"/>
    <Server name="ircnet.kaptech.fr" description="IRCnet" port="6667" password="" network="10189"/>
    <Server name="ircnet.nerim.fr" description="IRCnet" port="6667" password="" network="10189"/>
    <Server name="ircnet.hinet.hr" description="IRCnet" port="6667" password="" network="10189"/>
    <Server name="irc.flashnet.it" description="IRCnet" port="6667" password="" network="10189"/>
    <Server name="irc6.ngnet.it" description="IRCnet" port="6667" password="" network="10189"/>
    <Server name="irc.gate.ru" description="IRCnet" port="6667" password="" network="10189"/>
    <Server name="irc.ru" description="IRCnet" port="6667" password="" network="10189"/>
    <Server name="ircnet.rt.ru" description="IRCnet" port="6667" password="" network="10189"/>
    <Server name="ircnet.demon.co.uk" description="IRCnet" port="6667" password="" network="10189"/>
    <Server name="ircnet.easynet.co.uk" description="IRCnet" port="6667" password="" network="10189"/>
    <Server name="Freebase.BIZ.CA.US.LinkIRC" description="LinkIRC" port="6667" password="" network="10216"/>
    <Server name="Firedance.Canada.LinkIRC.NET" description="LinkIRC" port="6667" password="" network="10216"/>
    <Server name="Master.Hub.LinkIRC.NET" description="LinkIRC" port="6667" password="" network="10216"/>
    <Server name="Admiral.CA.US.LinkIRC.NET" description="LinkIRC" port="6667" password="" network="10216"/>
    <Server name="ElectricStorm.CA.US.LinkIRC.NET" description="LinkIRC" port="6667" password="" network="10216"/>
    <Server name="Meep.CA.US.LinkIRC.NET" description="LinkIRC" port="6667" password="" network="10216"/>
    <Server name="Tilisa.OH.US.LinkIRC.NET" description="LinkIRC" port="6667" password="" network="10216"/>
    <Server name="Total.OH.US.LinkIRC.NET" description="LinkIRC" port="6667" password="" network="10216"/>
    <Server name="Sanfrancisco.ca.us.neverscape.net" description="LinkIRC" port="6667" password="" network="10216"/>
    <Server name="SanJose.ca.us.neverscape.net" description="LinkIRC" port="6667" password="" network="10216"/>
    <Server name="Madison.wi.us.neverscape.net" description="LinkIRC" port="6667" password="" network="10216"/>
    <Server name="irc.mircx.com" description="mIRCx.com" port="6667" password="" network="10228"/>
    <Server name="irc.simon1.net" description="mIRCx.com" port="6667" password="" network="10228"/>
    <Server name="irc.planetjurai.org" description="mIRCx.com" port="6667" password="" network="10228"/>
    <Server name="fragland1.be.quakenet.org" description="QuakeNet" port="6667" password="" network="10271"/>
    <Server name="CServe.quakenet.org" description="QuakeNet" port="6667" password="" network="10271"/>
    <Server name="dev.data.quakenet.org" description="QuakeNet" port="6667" password="" network="10271"/>
    <Server name="hub.de.quakenet.org" description="QuakeNet" port="6667" password="" network="10271"/>
    <Server name="splatterworld1.de.quakenet.org" description="QuakeNet" port="6667" password="" network="10271"/>
    <Server name="splatterworld4.de.quakenet.org" description="QuakeNet" port="6667" password="" network="10271"/>
    <Server name="splatterworld6.de.quakenet.org" description="QuakeNet" port="6667" password="" network="10271"/>
    <Server name="splatterworld7.de.quakenet.org" description="QuakeNet" port="6667" password="" network="10271"/>
    <Server name="hub.dk.quakenet.org" description="QuakeNet" port="6667" password="" network="10271"/>
    <Server name="jubiigames.dk.quakenet.org" description="QuakeNet" port="6667" password="" network="10271"/>
    <Server name="tiscali.dk.quakenet.org" description="QuakeNet" port="6667" password="" network="10271"/>
    <Server name="hub.eu.quakenet.org" description="QuakeNet" port="6667" password="" network="10271"/>
    <Server name="mediatraffic.fi.quakenet.org" description="QuakeNet" port="6667" password="" network="10271"/>
    <Server name="mediatraffic2.fi.quakenet.org" description="QuakeNet" port="6667" password="" network="10271"/>
    <Server name="euroserv.fr.quakenet.org" description="QuakeNet" port="6667" password="" network="10271"/>
    <Server name="helpers.quakenet.org" description="QuakeNet" port="6667" password="" network="10271"/>
    <Server name="ign.ie.quakenet.org" description="QuakeNet" port="6667" password="" network="10271"/>
    <Server name="irc1.it.quakenet.org" description="QuakeNet" port="6667" password="" network="10271"/>
    <Server name="lightweight.quakenet.org" description="QuakeNet" port="6667" password="" network="10271"/>
    <Server name="snoke.nl.quakenet.org" description="QuakeNet" port="6667" password="" network="10271"/>
    <Server name="hub.no.quakenet.org" description="QuakeNet" port="6667" password="" network="10271"/>
    <Server name="oslo.no.quakenet.org" description="QuakeNet" port="6667" password="" network="10271"/>
    <Server name="operserv.quakenet.org" description="QuakeNet" port="6667" password="" network="10271"/>
    <Server name="proxyscan.quakenet.org" description="QuakeNet" port="6667" password="" network="10271"/>
    <Server name="hub.se.quakenet.org" description="QuakeNet" port="6667" password="" network="10271"/>
    <Server name="ludd.se.quakenet.org" description="QuakeNet" port="6667" password="" network="10271"/>
    <Server name="stockholm.se.quakenet.org" description="QuakeNet" port="6667" password="" network="10271"/>
    <Server name="wineasy1.se.quakenet.org" description="QuakeNet" port="6667" password="" network="10271"/>
    <Server name="wineasy2.se.quakenet.org" description="QuakeNet" port="6667" password="" network="10271"/>
    <Server name="wineasy3.se.quakenet.org" description="QuakeNet" port="6667" password="" network="10271"/>
    <Server name="spamscan.quakenet.org" description="QuakeNet" port="6667" password="" network="10271"/>
    <Server name="b0rk.uk.quakenet.org" description="QuakeNet" port="6667" password="" network="10271"/>
    <Server name="hub.barrysworld.uk.quakenet.org" description="QuakeNet" port="6667" password="" network="10271"/>
    <Server name="vhosts.barrysworld.uk.quakenet.org" description="QuakeNet" port="6667" password="" network="10271"/>
    <Server name="barrysworld1.uk.quakenet.org" description="QuakeNet" port="6667" password="" network="10271"/>
    <Server name="barrysworld2.uk.quakenet.org" description="QuakeNet" port="6667" password="" network="10271"/>
    <Server name="barrysworld3.uk.quakenet.org" description="QuakeNet" port="6667" password="" network="10271"/>
    <Server name="barrysworld4.uk.quakenet.org" description="QuakeNet" port="6667" password="" network="10271"/>
    <Server name="blueyonder1.uk.quakenet.org" description="QuakeNet" port="6667" password="" network="10271"/>
    <Server name="blueyonder2.uk.quakenet.org" description="QuakeNet" port="6667" password="" network="10271"/>
    <Server name="blueyonder3.uk.quakenet.org" description="QuakeNet" port="6667" password="" network="10271"/>
    <Server name="blueyonder4.uk.quakenet.org" description="QuakeNet" port="6667" password="" network="10271"/>
    <Server name="chat.uk.quakenet.org" description="QuakeNet" port="6667" password="" network="10271"/>
    <Server name="demon1.uk.quakenet.org" description="QuakeNet" port="6667" password="" network="10271"/>
    <Server name="hub.uk.quakenet.org" description="QuakeNet" port="6667" password="" network="10271"/>
    <Server name="test.uk.quakenet.org" description="QuakeNet" port="6667" password="" network="10271"/>
    <Server name="whole.mi.us.quakenet.org" description="QuakeNet" port="6667" password="" network="10271"/>
    <Server name="whole.ny.us.quakenet.org" description="QuakeNet" port="6667" password="" network="10271"/>
    <Server name="freedom.ca.renegadeirc.net" description="RenegadeIRC" port="6667" password="" network="10281"/>
    <Server name="chaos.renegadeirc.net" description="RenegadeIRC" port="6667" password="" network="10281"/>
    <Server name="chronic.renegadeirc.net" description="RenegadeIRC" port="6667" password="" network="10281"/>
    <Server name="cyclone.renegadeirc.net" description="RenegadeIRC" port="6667" password="" network="10281"/>
    <Server name="defiant.renegadeirc.net" description="RenegadeIRC" port="6667" password="" network="10281"/>
    <Server name="firestar.renegadeirc.net" description="RenegadeIRC" port="6667" password="" network="10281"/>
    <Server name="ghost.renegadeirc.net" description="RenegadeIRC" port="6667" password="" network="10281"/>
    <Server name="golden-dragon.renegadeirc.net" description="RenegadeIRC" port="6667" password="" network="10281"/>
    <Server name="infinity.renegadeirc.net" description="RenegadeIRC" port="6667" password="" network="10281"/>
    <Server name="lomag.renegadeirc.net" description="RenegadeIRC" port="6667" password="" network="10281"/>
    <Server name="matrix.renegadeirc.net" description="RenegadeIRC" port="6667" password="" network="10281"/>
    <Server name="ozspace.renegadeirc.net" description="RenegadeIRC" port="6667" password="" network="10281"/>
    <Server name="perl.renegadeirc.net" description="RenegadeIRC" port="6667" password="" network="10281"/>
    <Server name="sgshells.renegadeirc.net" description="RenegadeIRC" port="6667" password="" network="10281"/>
    <Server name="stellar.renegadeirc.net" description="RenegadeIRC" port="6667" password="" network="10281"/>
    <Server name="coco.uk.renegadeirc.net" description="RenegadeIRC" port="6667" password="" network="10281"/>
    <Server name="elevation.uk.renegadeirc.net" description="RenegadeIRC" port="6667" password="" network="10281"/>
    <Server name="viper.renegadeirc.net" description="RenegadeIRC" port="6667" password="" network="10281"/>
    <Server name="wbat.renegadeirc.net" description="RenegadeIRC" port="6667" password="" network="10281"/>
    <Server name="xeno.renegadeirc.net" description="RenegadeIRC" port="6667" password="" network="10281"/>
    <Server name="irc.maxho.com" description="RusNet" port="6667" password="" network="10284"/>
    <Server name="irc.start4.info" description="RusNet" port="6667" password="" network="10284"/>
    <Server name="irc.runcis.lv" description="RusNet" port="6667" password="" network="10284"/>
    <Server name="irc.alkar.net" description="RusNet" port="6667" password="" network="10284"/>
    <Server name="irc.baikal.net" description="RusNet" port="6667" password="" network="10284"/>
    <Server name="irc.hovrino.net" description="RusNet" port="6667" password="" network="10284"/>
    <Server name="lainer.hovrino.net" description="RusNet" port="6667" password="" network="10284"/>
    <Server name="rk.hovrino.net" description="RusNet" port="6667" password="" network="10284"/>
    <Server name="server.hovrino.net" description="RusNet" port="6667" password="" network="10284"/>
    <Server name="irc.ilyichevsk.net" description="RusNet" port="6667" password="" network="10284"/>
    <Server name="irc.lucky.net" description="RusNet" port="6667" password="" network="10284"/>
    <Server name="irc.nnov.net" description="RusNet" port="6667" password="" network="10284"/>
    <Server name="irc.odessa.net" description="RusNet" port="6667" password="" network="10284"/>
    <Server name="irc.odtel.net" description="RusNet" port="6667" password="" network="10284"/>
    <Server name="irc.paco.net" description="RusNet" port="6667" password="" network="10284"/>
    <Server name="irc.rus.net" description="RusNet" port="6667" password="" network="10284"/>
    <Server name="irc.tomsk.net" description="RusNet" port="6667" password="" network="10284"/>
    <Server name="irc.tsua.net" description="RusNet" port="6667" password="" network="10284"/>
    <Server name="irc.crocodile.org" description="RusNet" port="6667" password="" network="10284"/>
    <Server name="irc.caramanta.ru" description="RusNet" port="6667" password="" network="10284"/>
    <Server name="irc.chelyabinsk.ru" description="RusNet" port="6667" password="" network="10284"/>
    <Server name="irc.krasnet.ru" description="RusNet" port="6667" password="" network="10284"/>
    <Server name="irc.mv.ru" description="RusNet" port="6667" password="" network="10284"/>
    <Server name="irc.nsib.ru" description="RusNet" port="6667" password="" network="10284"/>
    <Server name="irc.nsu.ru" description="RusNet" port="6667" password="" network="10284"/>
    <Server name="irc.perm.ru" description="RusNet" port="6667" password="" network="10284"/>
    <Server name="irc.primorye.ru" description="RusNet" port="6667" password="" network="10284"/>
    <Server name="irc.rinet.ru" description="RusNet" port="6667" password="" network="10284"/>
    <Server name="irc.siberianet.ru" description="RusNet" port="6667" password="" network="10284"/>
    <Server name="irc.sicnit.ru" description="RusNet" port="6667" password="" network="10284"/>
    <Server name="irc.sovtest.ru" description="RusNet" port="6667" password="" network="10284"/>
    <Server name="ghost.dorms.spbu.ru" description="RusNet" port="6667" password="" network="10284"/>
    <Server name="tranq.dorms.spbu.ru" description="RusNet" port="6667" password="" network="10284"/>
    <Server name="irc.spbu.ru" description="RusNet" port="6667" password="" network="10284"/>
    <Server name="irc.tom.ru" description="RusNet" port="6667" password="" network="10284"/>
    <Server name="rusnet.tomsk.ru" description="RusNet" port="6667" password="" network="10284"/>
    <Server name="irc.tpu.ru" description="RusNet" port="6667" password="" network="10284"/>
    <Server name="irc.ttn.ru" description="RusNet" port="6667" password="" network="10284"/>
    <Server name="irc.tyumen.ru" description="RusNet" port="6667" password="" network="10284"/>
    <Server name="irc.vescom.ru" description="RusNet" port="6667" password="" network="10284"/>
    <Server name="irc.izm.vescom.ru" description="RusNet" port="6667" password="" network="10284"/>
    <Server name="irc.vtelecom.ru" description="RusNet" port="6667" password="" network="10284"/>
    <Server name="irc.anarxi.st" description="RusNet" port="6667" password="" network="10284"/>
    <Server name="irc.merlin.com.ua" description="RusNet" port="6667" password="" network="10284"/>
    <Server name="irc.ntu-kpi.kiev.ua" description="RusNet" port="6667" password="" network="10284"/>
    <Server name="irc.aip.net.ua" description="RusNet" port="6667" password="" network="10284"/>
    <Server name="irc.itl.net.ua" description="RusNet" port="6667" password="" network="10284"/>
    <Server name="irc.nikolaev.ua" description="RusNet" port="6667" password="" network="10284"/>
    <Server name="Casino.Beach.sandnet.net" description="SandNET" port="6667" password="" network="10285"/>
    <Server name="Novaland.Fl.sandnet.net" description="SandNET" port="6667" password="" network="10285"/>
    <Server name="GreatLakes.sandnet.net" description="SandNET" port="6667" password="" network="10285"/>
    <Server name="Harbour.sandnet.net" description="SandNET" port="6667" password="" network="10285"/>
    <Server name="DuneBuggy.NJ.sandnet.net" description="SandNET" port="6667" password="" network="10285"/>
    <Server name="sandstone.sandnet.net" description="SandNET" port="6667" password="" network="10285"/>
    <Server name="sandstone2.sandnet.net" description="SandNET" port="6667" password="" network="10285"/>
    <Server name="sandstone3.sandnet.net" description="SandNET" port="6667" password="" network="10285"/>
    <Server name="services.sandnet.net" description="SandNET" port="6667" password="" network="10285"/>
    <Server name="Mystic.Tides.sandnet.net" description="SandNET" port="6667" password="" network="10285"/>
    <Server name="irc.telefragged.com" description="Telefragged" port="6667" password="" network="10309"/>
    <Server name="armageddon.de.uk-net.org" description="UberNinja.Net" port="6667" password="" network="10318"/>
    <Server name="core.eu.uk-net.org" description="UberNinja.Net" port="6667" password="" network="10318"/>
    <Server name="Mystic.cpt.za.uk-net.org" description="UberNinja.Net" port="6667" password="" network="10318"/>
    <Server name="eclipse.jhb.za.uk-net.org" description="UberNinja.Net" port="6667" password="" network="10318"/>
    <Server name="chat2.servihoo.com" description="Voila" port="6667" password="" network="10329"/>
    <Server name="chat14.x-echo.com" description="Voila" port="6667" password="" network="10329"/>
    <Server name="chat4.x-echo.com" description="Voila" port="6667" password="" network="10329"/>
    <Server name="chat5.x-echo.com" description="Voila" port="6667" password="" network="10329"/>
    <Server name="chat7.x-echo.com" description="Voila" port="6667" password="" network="10329"/>
    <Server name="chat9.x-echo.com" description="Voila" port="6667" password="" network="10329"/>
    <Server name="chat.wanadoo.dz" description="Voila" port="6667" password="" network="10329"/>
    <Server name="chat-hub.voila.fr" description="Voila" port="6667" password="" network="10329"/>
    <Server name="chat1.voila.fr" description="Voila" port="6667" password="" network="10329"/>
    <Server name="irc.voila.fr" description="Voila" port="6667" password="" network="10329"/>
    <Server name="chat.wanadoo.ma" description="Voila" port="6667" password="" network="10329"/>
    <Server name="chat.wanadoo.mg" description="Voila" port="6667" password="" network="10329"/>
    <Server name="wakhtane.sentoo.sn" description="Voila" port="6667" password="" network="10329"/>
    <Server name="Clawdike.ON.CA.WonderNet.nu" description="WonderNet" port="6667" password="" network="10343"/>
    <Server name="Paddie.DE.EU.WonderNet.nu" description="WonderNet" port="6667" password="" network="10343"/>
    <Server name="Surfnet.FI.EU.WonderNet.nu" description="WonderNet" port="6667" password="" network="10343"/>
    <Server name="Asgard.NL.EU.WonderNet.nu" description="WonderNet" port="6667" password="" network="10343"/>
    <Server name="Borna.NL.EU.WonderNet.nu" description="WonderNet" port="6667" password="" network="10343"/>
    <Server name="Enterprise.NL.EU.WonderNet.nu" description="WonderNet" port="6667" password="" network="10343"/>
    <Server name="Knoxville.NL.EU.WonderNet.nu" description="WonderNet" port="6667" password="" network="10343"/>
    <Server name="Nforce.NL.EU.WonderNet.nu" description="WonderNet" port="6667" password="" network="10343"/>
    <Server name="Tealc.NL.EU.WonderNet.nu" description="WonderNet" port="6667" password="" network="10343"/>
    <Server name="Cyb.SE.EU.WonderNet.nu" description="WonderNet" port="6667" password="" network="10343"/>
    <Server name="Hup.SE.EU.WonderNet.nu" description="WonderNet" port="6667" password="" network="10343"/>
    <Server name="Impact.SE.EU.WonderNet.nu" description="WonderNet" port="6667" password="" network="10343"/>
    <Server name="Lizzard.SE.EU.WonderNet.nu" description="WonderNet" port="6667" password="" network="10343"/>
    <Server name="Otherland.SE.EU.WonderNet.nu" description="WonderNet" port="6667" password="" network="10343"/>
    <Server name="Sgf.SE.EU.WonderNet.nu" description="WonderNet" port="6667" password="" network="10343"/>
    <Server name="Thunder.SE.EU.WonderNet.nu" description="WonderNet" port="6667" password="" network="10343"/>
    <Server name="Watto.SE.EU.WonderNet.nu" description="WonderNet" port="6667" password="" network="10343"/>
    <Server name="Yoda.UK.EU.WonderNet.nu" description="WonderNet" port="6667" password="" network="10343"/>
    <Server name="Spooky.CA.US.WonderNet.nu" description="WonderNet" port="6667" password="" network="10343"/>
    <Server name="Ganja.ID.US.WonderNet.nu" description="WonderNet" port="6667" password="" network="10343"/>
    <Server name="Comlink.MO.US.WonderNet.nu" description="WonderNet" port="6667" password="" network="10343"/>
    <Server name="Firefly.NC.US.WonderNet.nu" description="WonderNet" port="6667" password="" network="10343"/>
    <Server name="Aegis.TX.US.WonderNet.nu" description="WonderNet" port="6667" password="" network="10343"/>
    <Server name="Angela.TX.US.WonderNet.nu" description="WonderNet" port="6667" password="" network="10343"/>
    <Server name="Nforce.TX.US.WonderNet.nu" description="WonderNet" port="6667" password="" network="10343"/>
    <Server name="Jamillia.VA.US.WonderNet.nu" description="WonderNet" port="6667" password="" network="10343"/>
    <Server name="ObiWan.VA.US.WonderNet.nu" description="WonderNet" port="6667" password="" network="10343"/>
    <Server name="alien.zerofuzion.net" description="ZeroFuzion" port="6667" password="" network="10357"/>
    <Server name="hub.zerofuzion.net" description="ZeroFuzion" port="6667" password="" network="10357"/>
    <Server name="liquid.zerofuzion.net" description="ZeroFuzion" port="6667" password="" network="10357"/>
    <Server name="mystic.zerofuzion.net" description="ZeroFuzion" port="6667" password="" network="10357"/>
    <Server name="stargate.zerofuzion.net" description="ZeroFuzion" port="6667" password="" network="10357"/>
    <Server name="xenomorph.zerofuzion.net" description="ZeroFuzion" port="6667" password="" network="10357"/>
  </serverlist>
</HydraIRC>
