<?xml version="1.0" encoding="utf-8"?>
<anime>
  <entry>
    <id>15061</id>
    <title>Aikatsu!</title>
    <english></english>
    <synonyms>Aikatsu! Idol Katsudou! Idol ga Tsudou!; Aidoru ga Tsudou!; Aikatsu! 2; Idol ga Tsudou! 2</synonyms>
    <episodes>0</episodes>
    <score>7.21</score>
    <type>TV</type>
    <status>Currently Airing</status>
    <start_date>2012-10-08</start_date>
    <end_date>0000-00-00</end_date>
    <synopsis>Ichigo Hoshimiya is a regular, ordinary middle school girl. But when her best friend, Aoi, invites her to join the idol training academy, Starlight Academy, her whole world is turned upside down. As she encounters all kinds of rivals and learns what it takes to be an idol, she uses her Aikatsu Cards to challenge countless auditions. &lt;br /&gt;
&lt;br /&gt;
(Source: ANN) </synopsis>
    <image>http://cdn.myanimelist.net/images/anime/3/40855.jpg</image>
  </entry>
  <entry>
    <id>22819</id>
    <title>Aikatsu! Movie</title>
    <english></english>
    <synonyms>Gekijouban Aikatsu! Idol Katsudou!; Aikatsu! Idol Katsudou! Movie</synonyms>
    <episodes>1</episodes>
    <score>0.00</score>
    <type>Movie</type>
    <status>Finished Airing</status>
    <start_date>2014-12-13</start_date>
    <end_date>2014-12-13</end_date>
    <synopsis>The story of the anime revolves around Ichigo, who was just a normal middle school student until she suddenly got involved in the world of idols. The film will center on Aikatsu!'s greatest &amp;quot;Super Live&amp;quot; concert yet, the Dai Star Miya Ichigo Matsuri. Ichigo prepares for the concert with press conferences, last-minute lessons, and more.&lt;br /&gt;
&lt;br /&gt;
(Source: ANN)</synopsis>
    <image>http://cdn.myanimelist.net/images/anime/2/68463.jpg</image>
  </entry>
  <entry>
    <id>28723</id>
    <title>Aikatsu! Dai Starmiya Ichigo Matsuri Zenyasai!!</title>
    <english></english>
    <synonyms></synonyms>
    <episodes>1</episodes>
    <score>0.00</score>
    <type>Special</type>
    <status>Finished Airing</status>
    <start_date>2014-11-24</start_date>
    <end_date>2014-11-24</end_date>
    <synopsis>Narrated recap of the [i]Aikatsu![/i] series.</synopsis>
    <image>http://cdn.myanimelist.net/images/anime/7/69345.jpg</image>
  </entry>
</anime>
