<?xml version="1.0" encoding="utf-8"?>
<anime>
  <entry>
    <id>25013</id>
    <title>Akatsuki no Yona</title>
    <english>Yona of the Dawn</english>
    <synonyms>Yona: The girl standing in the blush of dawn</synonyms>
    <episodes>0</episodes>
    <score>7.71</score>
    <type>TV</type>
    <status>Currently Airing</status>
    <start_date>2014-10-07</start_date>
    <end_date>0000-00-00</end_date>
    <synopsis>Upon her sixteenth birthday, the cheerful Princess Yona intended to tell her doting father of her love for Soo-won, but her life was turned upside down after witnessing the man she loves cruelly assassinating her father. Heartbroken by this painful betrayal, Princess Yona fled the palace with her loyal servant Hak. Now, she will take up the sword and the bow on a quest to gain new allies and protect her beloved people.&lt;br /&gt;
&lt;br /&gt;
(Source: Funimation)</synopsis>
    <image>http://cdn.myanimelist.net/images/anime/9/64225.jpg</image>
  </entry>
</anime>
