<?xml version="1.0" encoding="utf-8"?>
<anime>
  <entry>
    <id>22147</id>
    <title>Amagi Brilliant Park</title>
    <english></english>
    <synonyms>Amaburi</synonyms>
    <episodes>13</episodes>
    <score>7.86</score>
    <type>TV</type>
    <status>Finished Airing</status>
    <start_date>2014-10-07</start_date>
    <end_date>2014-12-26</end_date>
    <synopsis>Seiya was forced to accept an invitation to an amusement park by the mysterious and beautiful girl Isuzu. What he didn't know was that she would bring him to the decrepit Amagi Brilliant Park, Japan's most disappointing amusement park. Seiya is introduced to the leader of the Park, the &amp;quot;real princess&amp;quot; Latifah, who suddenly entrusts him with saving the park, which is in danger of shutting down. Amagi Brilliant Park, it turns out, is not just any amusement park, but rather one populated by fairies.&lt;br /&gt;
&lt;br /&gt;
(Source: ANN)</synopsis>
    <image>http://cdn.myanimelist.net/images/anime/3/67615.jpg</image>
  </entry>
</anime>
