<?xml version="1.0" encoding="utf-8"?>
<anime>
  <entry>
    <id>18227</id>
    <title>Bakujuu Gasshin Ziguru Hazeru</title>
    <english></english>
    <synonyms></synonyms>
    <episodes>0</episodes>
    <score>0.00</score>
    <type>TV</type>
    <status>Currently Airing</status>
    <start_date>2013-04-06</start_date>
    <end_date>0000-00-00</end_date>
    <synopsis>The anime is based on MegaHouse's line of Ziguru Hazeru (literally, &quot;Jiggle and Pop Out&quot;) mecha toys that allow people to remove parts from the joints and add different parts in their place. In addition, if one combines together Hazeru Gokuu, Hazeru Sagojo, and Hazeru Hakkai, the resulting mecha will be Hazeru Seioh, allowing for users to combine their toys together.&lt;br /&gt;
&lt;br /&gt;
The ZIGURUHAZERU animated series is based on the upcoming original toy line of the same name from MegaHouse, featuring cool robot toys modelled after characters from the famous Journey to the West tale.</synopsis>
    <image>http://cdn.myanimelist.net/images/anime/5/51759.jpg</image>
  </entry>
</anime>
