<?xml version="1.0" encoding="utf-8"?>
<anime>
  <entry>
    <id>966</id>
    <title>Crayon Shin-chan</title>
    <english>Shin Chan</english>
    <synonyms></synonyms>
    <episodes>0</episodes>
    <score>7.73</score>
    <type>TV</type>
    <status>Currently Airing</status>
    <start_date>1992-04-13</start_date>
    <end_date>0000-00-00</end_date>
    <synopsis>Crayon Shin-chan follows the wacky antics and adventures of five-year-old Shinnosuke &amp;quot;Shin&amp;quot; Nohara and his parents, neighbors, and friends and is set in Kasukabe, Saitama Prefecture, Japan.&lt;br /&gt;
&lt;br /&gt;
Many of the jokes in the series stem from Shin-chan's occasionally weird, unnatural and inappropriate use of language, as well as from his inappropriate behavior. A typical gag involves Shin-chan confounding his parents by using the wrong phrase for the occasion; for example, saying &amp;quot;Welcome back!&amp;quot; instead of &amp;quot;I am back!&amp;quot; when he comes home.&lt;br /&gt;
&lt;br /&gt;
During the beginning of the series, the TV show was mostly based on the storyline in the original manga. As the show progressed, more and more episodes became anime-original.&lt;br /&gt;
&lt;br /&gt;
(Source: Wikipedia)</synopsis>
    <image>http://cdn.myanimelist.net/images/anime/10/59897.jpg</image>
  </entry>
  <entry>
    <id>2172</id>
    <title>Crayon Shin-chan Movie 15: Arashi wo Yobu Utau Ketsu dake Bakudan!</title>
    <english></english>
    <synonyms>Eiga Crayon Shin-chan: Arashi wo Yobu Utau Ketsu dake Bakudan!; Crayon Shin-chan: The Storm Called: The Singing Buttocks Bomb</synonyms>
    <episodes>1</episodes>
    <score>7.01</score>
    <type>Movie</type>
    <status>Finished Airing</status>
    <start_date>2007-04-21</start_date>
    <end_date>2007-04-21</end_date>
    <synopsis>The fifteenth Crayon Shin-chan movie.</synopsis>
    <image>http://cdn.myanimelist.net/images/anime/1/2332.jpg</image>
  </entry>
  <entry>
    <id>2450</id>
    <title>Crayon Shin-chan Movie 09: Arashi wo Yobu Mouretsu! Otona Teikoku no Gyakushuu</title>
    <english></english>
    <synonyms>Eiga Crayon Shin-chan: Arashi wo Yobu Mouretsu! Otona Teikoku Gyakushuu; Crayon Shin-chan: The Storm Called: The Adult Empire Strikes Back</synonyms>
    <episodes>1</episodes>
    <score>7.74</score>
    <type>Movie</type>
    <status>Finished Airing</status>
    <start_date>2001-04-21</start_date>
    <end_date>2001-04-21</end_date>
    <synopsis>As the 21st century approaches, a new 20th-century museum has opened in town, for the adults to relive their childhood. However, the owners of the museum seem to have other plans for it. The adults start to behave strangely, and one morning, they abandon their children for the 20th-century museum. Shinnosuke, along with his friends, must now rescue his parents and stop the world from returning to the 20th century before they get captured.&lt;br /&gt;
&lt;br /&gt;
(Source:  ANN)</synopsis>
    <image>http://cdn.myanimelist.net/images/anime/10/22025.jpg</image>
  </entry>
  <entry>
    <id>3744</id>
    <title>Crayon Shin-chan Movie 10: Arashi wo Yobu Appare! Sengoku Daikassen</title>
    <english></english>
    <synonyms>Eiga Crayon Shin-chan: Arashi wo Yobu Appare! Sengoku Dai Kassen; Crayon Shin-chan: The Storm Called: The Battle of the Warring States</synonyms>
    <episodes>1</episodes>
    <score>7.39</score>
    <type>Movie</type>
    <status>Finished Airing</status>
    <start_date>2002-04-20</start_date>
    <end_date>2002-04-20</end_date>
    <synopsis>Shin-chan and his family travel to Samurai&amp;#039;s Era by accident and try to save the Princess&amp;#039; city by helping in the war.</synopsis>
    <image>http://cdn.myanimelist.net/images/anime/11/22026.jpg</image>
  </entry>
  <entry>
    <id>3745</id>
    <title>Crayon Shin-chan Movie 02: Buriburi Oukoku no Hihou</title>
    <english></english>
    <synonyms>Eiga Crayon Shin-chan: Buriburi Oukoku no Hihou; Crayon Shin-chan: The Secret Treasure of Buri Buri Kingdom</synonyms>
    <episodes>1</episodes>
    <score>7.15</score>
    <type>Movie</type>
    <status>Finished Airing</status>
    <start_date>1994-04-23</start_date>
    <end_date>1994-04-23</end_date>
    <synopsis>A band of criminals want to get the treasure of the famous Treasure Island, but the key of the treasure chamber is guarded by a little kid. Then, they come to Japan and kidnap Shinosuke Nohara by mistake, who looks exactly like the little kid who has the key.</synopsis>
    <image>http://cdn.myanimelist.net/images/anime/8/22020.jpg</image>
  </entry>
  <entry>
    <id>3853</id>
    <title>Crayon Shin-chan Manatsu no Yoru ni Ora Sanjou! Arashi wo Yobu Den-O VS Shin-O 60-bu Special!!</title>
    <english>Crayon Shin-Chan: Den-O vs. Shin-O</english>
    <synonyms>Kamen Rider Den-O 26.5; Den-O vs Shin-O; Shin-Chan vs Den-O; Kamen Rider Den-O vs Crayon Shin-Chin; Crayon Shin-chan Midsummer Night: I Have Arrived! The Storm is Called Den-O vs. Shin-O 60 Minute Special!!; Crayon Shin-chan and Kamen Rider: Den-O vs. Shi</synonyms>
    <episodes>1</episodes>
    <score>6.85</score>
    <type>Special</type>
    <status>Finished Airing</status>
    <start_date>2007-08-03</start_date>
    <end_date>2007-08-03</end_date>
    <synopsis>A sixty minute special of the Crayon Shin-chan anime featuring a crossover between Shin-chan and the live action tokusatsu series Kamen Rider Den-O, as well as three normal summer-themed episodes. The Den-O characters are drawn in the style of Shin-chan's regular characters. &lt;br /&gt;
&lt;br /&gt;
Another thing of note, inbetween commercial breaks, clips of a live action Shin-Chan onboard the Den-Liner or with characters from the Kamen Rider Den-O Series were shown. In most of these scenes it involves the Owner giving Shin a speech of sorts or making Shin feel uncomfortable. </synopsis>
    <image>http://cdn.myanimelist.net/images/anime/10/6890.jpg</image>
  </entry>
  <entry>
    <id>6217</id>
    <title>Crayon Shin-chan Movie 03: Unkokusai no Yabou</title>
    <english></english>
    <synonyms>Eiga Crayon Shin-chan: Unkokusai no Yabou; Crayon Shin-chan: Unkokusai's Ambition</synonyms>
    <episodes>1</episodes>
    <score>7.18</score>
    <type>Movie</type>
    <status>Finished Airing</status>
    <start_date>1995-04-15</start_date>
    <end_date>1995-04-15</end_date>
    <synopsis>A member of the Time Patrol finds out that there is a disturbance in Japan, 1570. While heading to that particular time and location to investigate, she is attacked and ends up stuck underground the Nohara residence at the end of the 20th century Japan. Having limited resources at hand, she is forced to ask for the help of the Nohara family. Together they go back in time and meet with a samurai named Fubuki-maru who believes that they are the legendary three persons and dog whom someone from her family would eventually meet in a crucial moment. The lonely samurai asks for their assistance in defeating the man that possesses strange magical powers, the sinister Unkokusai lord.&lt;br /&gt;
&lt;br /&gt;
(Source: ANN)</synopsis>
    <image>http://cdn.myanimelist.net/images/anime/10/13779.jpg</image>
  </entry>
  <entry>
    <id>6460</id>
    <title>Crayon Shin-chan Movie 05: Ankoku Tamatama Daitsuiseki</title>
    <english></english>
    <synonyms>Eiga Crayon Shin-chan: Ankoku Tamatama Daitsuiseki; Crayon Shin-chan: Pursuit of the Balls of Darkness</synonyms>
    <episodes>1</episodes>
    <score>7.18</score>
    <type>Movie</type>
    <status>Finished Airing</status>
    <start_date>1997-04-19</start_date>
    <end_date>1997-04-19</end_date>
    <synopsis>Shinnosuke found a black marble near a sleeping travestite and Himawari swallows it. That marble is necessary for summoning an evil demon, so the Noharas are chased by some ninja clans.</synopsis>
    <image>http://cdn.myanimelist.net/images/anime/3/22021.jpg</image>
  </entry>
  <entry>
    <id>8358</id>
    <title>Crayon Shin-chan Movie 01: Action Kamen vs. Haigure Maou</title>
    <english></english>
    <synonyms>Eiga Crayon Shin-chan: Action Kamen vs. Haigure Maou; Crayon Shin-chan: Action Kamen vs. Haigure Devil</synonyms>
    <episodes>1</episodes>
    <score>7.07</score>
    <type>Movie</type>
    <status>Finished Airing</status>
    <start_date>1993-07-24</start_date>
    <end_date>1993-07-24</end_date>
    <synopsis>By finding a rare Action Kamen card, Shinnosuke Nohara and his family end up being chosen to go to a parallel world and help foil an alien invasion that is occurring over there. &lt;br /&gt;
&lt;br /&gt;
(Source: ANN) </synopsis>
    <image>http://cdn.myanimelist.net/images/anime/12/22017.jpg</image>
  </entry>
  <entry>
    <id>8359</id>
    <title>Crayon Shin-chan Movie 04: Henderland no Daibouken</title>
    <english></english>
    <synonyms>Eiga Crayon Shin-chan: Henderland no Daibouken; Crayon Shin-chan: Adventure in Henderland</synonyms>
    <episodes>1</episodes>
    <score>7.18</score>
    <type>Movie</type>
    <status>Finished Airing</status>
    <start_date>1996-04-19</start_date>
    <end_date>1996-04-19</end_date>
    <synopsis>The fourth Crayon Shin-chan movie.</synopsis>
    <image>http://cdn.myanimelist.net/images/anime/3/22019.jpg</image>
  </entry>
  <entry>
    <id>8360</id>
    <title>Crayon Shin-chan Movie 06: Dengeki! Buta no Hizume Daisakusen</title>
    <english></english>
    <synonyms>Eiga Crayon Shin-chan: Dengeki! Buta no Hizume Daisakusen; Crayon Shin-chan: Blitzkrieg! Pig's Hoof's Secret Mission</synonyms>
    <episodes>1</episodes>
    <score>7.03</score>
    <type>Movie</type>
    <status>Finished Airing</status>
    <start_date>1998-04-18</start_date>
    <end_date>1998-04-18</end_date>
    <synopsis>The sixth Crayon Shin-chan movie.</synopsis>
    <image>http://cdn.myanimelist.net/images/anime/6/22022.jpg</image>
  </entry>
  <entry>
    <id>8361</id>
    <title>Crayon Shin-chan Movie 07: Bakuhatsu! Onsen Wakuwaku Daikessen</title>
    <english></english>
    <synonyms>Eiga Crayon Shin-chan: Bakuhatsu! Onsen Wakuwaku Daikessen; Crayon Shin-chan: Explosion! The Hot Spring's Feel Good Final Battle/Kureshin Paradise! Made in Saitama</synonyms>
    <episodes>1</episodes>
    <score>6.87</score>
    <type>Movie</type>
    <status>Finished Airing</status>
    <start_date>1999-04-17</start_date>
    <end_date>1999-04-17</end_date>
    <synopsis>The seventh Crayon Shin-chan movie.</synopsis>
    <image>http://cdn.myanimelist.net/images/anime/10/22023.jpg</image>
  </entry>
  <entry>
    <id>8362</id>
    <title>Crayon Shin-chan Movie 08: Arashi wo Yobu Jungle</title>
    <english></english>
    <synonyms>Eiga Crayon Shin-chan: Arashi wo Yobu Jungle; Crayon Shin-chan: The Storm Called The Jungle</synonyms>
    <episodes>1</episodes>
    <score>7.11</score>
    <type>Movie</type>
    <status>Finished Airing</status>
    <start_date>2000-04-22</start_date>
    <end_date>2000-04-22</end_date>
    <synopsis>The Nohara family is on a cruise heading towards a tropical island when suddenly the ship is invaded by a large group of monkeys. The simians capture all adults and take them to a nearby isle while leaving all children behind. It is up to Shin-chan and his friends to find and save the grown-ups.&lt;br /&gt;
&lt;br /&gt;
(Source: ANN)</synopsis>
    <image>http://cdn.myanimelist.net/images/anime/13/22024.jpg</image>
  </entry>
  <entry>
    <id>8363</id>
    <title>Crayon Shin-chan Movie 11: Arashi wo Yobu Eikou no Yakiniku Road</title>
    <english></english>
    <synonyms>Eiga Crayon Shin-chan: Arashi wo Yobu Eikou no Yakiniku Road; Crayon Shin-chan: The Storm Called: Yakiniku Road of Honor</synonyms>
    <episodes>1</episodes>
    <score>7.07</score>
    <type>Movie</type>
    <status>Finished Airing</status>
    <start_date>2003-04-19</start_date>
    <end_date>2003-04-19</end_date>
    <synopsis>The eleventh Crayon Shin-chan movie.&lt;br /&gt;
&lt;br /&gt;
The Nohara family is preparing for a yakiniku feast for the ages when a mysterious man bursts in and gets them tangled up in a gigantic mess. Framed for various crimes down to baby Himawari and the dog, they must now escape the droves of police and yakuza after them and make their way to Atami to solve the case.</synopsis>
    <image>http://cdn.myanimelist.net/images/anime/11/22027.jpg</image>
  </entry>
  <entry>
    <id>8364</id>
    <title>Crayon Shin-chan Movie 12: Arashi wo Yobu! Yuuhi no Kasukabe Boys</title>
    <english></english>
    <synonyms>Eiga Crayon Shin-chan: Arashi o Yobu! Yuhi no Kasukabe Boys; Crayon Shin-chan: The Storm Called: The Kasukabe Boys of the Evening Sun</synonyms>
    <episodes>1</episodes>
    <score>7.10</score>
    <type>Movie</type>
    <status>Finished Airing</status>
    <start_date>2004-04-17</start_date>
    <end_date>2004-04-17</end_date>
    <synopsis>Shin-chan and his friends discover an abandoned movie theater where some sort of western film is being displayed to an empty room. Shinnosuke's friends mysteriously disappear thus making the Nohara family start searching for them at the location they were last seen. While looking for the other kids, the Noharas inexplicably find themselves taken into the movie being exhibited.&lt;br /&gt;
&lt;br /&gt;
(Source: ANN)</synopsis>
    <image>http://cdn.myanimelist.net/images/anime/4/22028.jpg</image>
  </entry>
  <entry>
    <id>8365</id>
    <title>Crayon Shin-chan Movie 13: Densetsu wo Yobu Buriburi 3 Pun Dai Shingeki</title>
    <english></english>
    <synonyms>Eiga Crayon Shin-chan: Densetsu wo Yobu Buriburi 3 Pun Dai Shingeki; Crayon Shin-chan: The Legend Called Buri Buri 3 Minutes Charge</synonyms>
    <episodes>1</episodes>
    <score>6.79</score>
    <type>Movie</type>
    <status>Finished Airing</status>
    <start_date>2005-04-16</start_date>
    <end_date>2005-04-16</end_date>
    <synopsis>The thirteenth Crayon Shin-chan movie.</synopsis>
    <image>http://cdn.myanimelist.net/images/anime/6/22029.jpg</image>
  </entry>
  <entry>
    <id>8366</id>
    <title>Crayon Shin-chan Movie 14: Densetsu wo Yobu Odore! Amigo!</title>
    <english></english>
    <synonyms>Eiga Crayon Shin-chan: Densetsu wo Yobu Odore! Amigo!; Crayon Shin-chan: The Legend Called: Dance! Amigo!</synonyms>
    <episodes>1</episodes>
    <score>6.70</score>
    <type>Movie</type>
    <status>Finished Airing</status>
    <start_date>2006-04-15</start_date>
    <end_date>2006-04-15</end_date>
    <synopsis>The fourteenth Crayon Shin-chan movie.</synopsis>
    <image>http://cdn.myanimelist.net/images/anime/4/22030.jpg</image>
  </entry>
  <entry>
    <id>8367</id>
    <title>Crayon Shin-chan Movie 16: Chou Arashi wo Yobu Kinpoko no Yuusha</title>
    <english></english>
    <synonyms>Eiga Crayon Shin-chan: Chou Arashi wo Yobu Kinpoko no Yuusha; Crayon Shin-chan: The Storm Called: The Hero of Kinpoko</synonyms>
    <episodes>1</episodes>
    <score>6.60</score>
    <type>Movie</type>
    <status>Finished Airing</status>
    <start_date>2008-04-19</start_date>
    <end_date>2008-04-19</end_date>
    <synopsis>The sixteenth Crayon Shin-chan movie.</synopsis>
    <image>http://cdn.myanimelist.net/images/anime/12/22031.jpg</image>
  </entry>
  <entry>
    <id>8368</id>
    <title>Crayon Shin-chan Movie 17: Otakebe! Kasukabe Yasei Oukoku</title>
    <english></english>
    <synonyms>Eiga Crayon Shin-chan: Otakebe! Kasukabe Yasei Oukoku; Crayon Shin-chan: Roar! Kasukabe Animal Kingdom</synonyms>
    <episodes>1</episodes>
    <score>6.79</score>
    <type>Movie</type>
    <status>Finished Airing</status>
    <start_date>2009-04-18</start_date>
    <end_date>2009-04-18</end_date>
    <synopsis>The seventeenth Crayon Shin-chan movie.</synopsis>
    <image>http://cdn.myanimelist.net/images/anime/2/22032.jpg</image>
  </entry>
  <entry>
    <id>8369</id>
    <title>Crayon Shin-chan Movie 18: Chou Jikuu! Arashi wo Yobu Ora no Hanayome</title>
    <english></english>
    <synonyms>Eiga Crayon Shin-chan: Chou Jikuu! Arashi wo Yobu Ora no Hanayome; Crayon Shin-chan: Super-Dimmension! The Storm Called My Bride</synonyms>
    <episodes>1</episodes>
    <score>7.16</score>
    <type>Movie</type>
    <status>Finished Airing</status>
    <start_date>2010-04-17</start_date>
    <end_date>2010-04-17</end_date>
    <synopsis>From a bleak future, Shinnosuke Nohara sends a girl named Tamiko on a mission to bring his five-year-old self to that time period right before being captured. Reaching the past, she claims to be Shin-chan's bride and takes him and his friends on a wild adventure to try to save the world to come.&lt;br /&gt;
&lt;br /&gt;
(Source: ANN)</synopsis>
    <image>http://cdn.myanimelist.net/images/anime/13/22033.jpg</image>
  </entry>
  <entry>
    <id>9799</id>
    <title>Shin-Men</title>
    <english></english>
    <synonyms>Crayon Shin-chan: Shin-Men</synonyms>
    <episodes>13</episodes>
    <score>0.00</score>
    <type>TV</type>
    <status>Finished Airing</status>
    <start_date>2010-11-26</start_date>
    <end_date>2012-09-14</end_date>
    <synopsis>The spinoff is set in a parallel world known as Shin Jigen (Shin Dimension). The titular Shin-men team is composed of five heroes with supernatural powers symbolized by fire (Gou), water (Sui), wind (Hyuu), greenery (Nyoki), and iron (Kan). Together, they fight against their enemy, the evil pigs of Ton-Men.&lt;br /&gt;
&lt;br /&gt;
(Source: AniDB)</synopsis>
    <image>http://cdn.myanimelist.net/images/anime/12/27158.jpg</image>
  </entry>
  <entry>
    <id>10116</id>
    <title>Crayon Shin-chan Movie 19: Arashi wo Yobu Ougon no Spy Daisakusen</title>
    <english></english>
    <synonyms>Eiga Crayon Shin-chan: Arashi wo Yobu Ougon no Spy Daisakusen</synonyms>
    <episodes>1</episodes>
    <score>6.95</score>
    <type>Movie</type>
    <status>Finished Airing</status>
    <start_date>2011-04-16</start_date>
    <end_date>2011-04-16</end_date>
    <synopsis>No synopsis has been added for this series yet.&lt;br /&gt;
&lt;br /&gt;
&lt;!--link--&gt;&lt;a href=&quot;http://myanimelist.net/dbchanges.php?aid=10116&amp;amp;t=synopsis&quot;&gt;Click here&lt;/a&gt; to update this information.</synopsis>
    <image>http://cdn.myanimelist.net/images/anime/9/27894.jpg</image>
  </entry>
  <entry>
    <id>12499</id>
    <title>Crayon Shin-chan Movie 20: Arashi wo Yobu! Ora to Uchuu no Princess</title>
    <english></english>
    <synonyms>Eiga Crayon Shin-chan: Arashi wo Yobu! Ora to Uchuu no Princess</synonyms>
    <episodes>1</episodes>
    <score>6.74</score>
    <type>Movie</type>
    <status>Finished Airing</status>
    <start_date>2012-04-14</start_date>
    <end_date>2012-04-14</end_date>
    <synopsis>The Nohara family is abducted by aliens from an advanced civilization who claim that Himawari is a legendary princess who will save the solar system. Unaware of the consequences, Shinnosuke signs a contract that allows her to be raised in the alien world. This forces him and his parents to go on a desperate quest to bring her back.&lt;br /&gt;
&lt;br /&gt;
(Source: ANN)</synopsis>
    <image>http://cdn.myanimelist.net/images/anime/11/35099.jpg</image>
  </entry>
  <entry>
    <id>14095</id>
    <title>Kamen Rider Fourze X Crayon Shin-chan</title>
    <english></english>
    <synonyms></synonyms>
    <episodes>4</episodes>
    <score>6.28</score>
    <type>Special</type>
    <status>Finished Airing</status>
    <start_date>2012-04-13</start_date>
    <end_date>2012-04-29</end_date>
    <synopsis>Four short crossover episodes, collectively titled Kamen Rider Fourze &times; Crayon Shin-chan between Kamen Rider Fourze and Crayon Shin-chan were shown in each show's time slots during April 2012 to promote their respective series' new films: Kamen Rider &times; Super Sentai: Super Hero Taisen and Crayon Shin-chan: The Storm Called!: Me and the Space Princess. The characters will crossover in two episodes of each respective series. The story follows Shin-chan teaming up with Kamen Rider Fourze in order to go to space and rescue Shin's younger sister who had been taken to Planet Himawari to become its princess. The first and fourth episodes feature both anime and live-action while the second and third were entirely animated.&lt;br /&gt;
&lt;br /&gt;
(Source: Wikipedia)</synopsis>
    <image>http://cdn.myanimelist.net/images/anime/11/38885.jpg</image>
  </entry>
  <entry>
    <id>17113</id>
    <title>Crayon Shin-chan Movie 21: Bakauma! B-Kyuu Gourmet Survival Battle!!</title>
    <english></english>
    <synonyms></synonyms>
    <episodes>1</episodes>
    <score>6.82</score>
    <type>Movie</type>
    <status>Finished Airing</status>
    <start_date>2013-04-20</start_date>
    <end_date>2013-04-20</end_date>
    <synopsis></synopsis>
    <image>http://cdn.myanimelist.net/images/anime/6/45745.jpg</image>
  </entry>
  <entry>
    <id>21395</id>
    <title>Crayon Shin-chan Movie 22: Gachinko! Gyakushuu no Robo To-chan</title>
    <english></english>
    <synonyms>Eiga Crayon Shin-chan: Gachinko! Gyakushuu no Robo To-chan</synonyms>
    <episodes>1</episodes>
    <score>0.00</score>
    <type>Movie</type>
    <status>Finished Airing</status>
    <start_date>2014-04-19</start_date>
    <end_date>2014-04-19</end_date>
    <synopsis></synopsis>
    <image>http://cdn.myanimelist.net/images/anime/6/56479.jpg</image>
  </entry>
  <entry>
    <id>27653</id>
    <title>Crayon Shin-chan Movie 23: Ora no Hikkoshi Monogatari - Saboten Daisuugeki</title>
    <english></english>
    <synonyms></synonyms>
    <episodes>1</episodes>
    <score>0.00</score>
    <type>Movie</type>
    <status>Not yet aired</status>
    <start_date>2015-04-00</start_date>
    <end_date>2015-04-00</end_date>
    <synopsis>New Crayon Shin-chan movie.</synopsis>
    <image>http://cdn.myanimelist.net/images/anime/12/66933.jpg</image>
  </entry>
</anime>
