<?xml version="1.0" encoding="utf-8"?>
<anime>
  <entry>
    <id>25731</id>
    <title>Cross Ange: Tenshi to Ryuu no Rondo</title>
    <english>Cross Ange: Rondo of Angels and Dragons</english>
    <synonyms></synonyms>
    <episodes>25</episodes>
    <score>6.91</score>
    <type>TV</type>
    <status>Currently Airing</status>
    <start_date>2014-10-05</start_date>
    <end_date>0000-00-00</end_date>
    <synopsis>Due to humanity obtaining the data technology that has evolved to a great amount&amp;mdash;called &amp;quot;Mana&amp;quot;&amp;mdash;the human race is able to subjugate all wars, starvation, pollution, and other problems on Earth by using its power, which is similar to magic. Earth has obtained the utopia of complete peace and no wants.&lt;br /&gt;
&lt;br /&gt;
First princess of the Misurugi Empire, Angelize. As with everyone else, she also had no wants or worries. She was celebrated by the people of the empire, and was supposed to wear the crown. However, she realizes the shocking truth that she is a Norma. &amp;quot;Norma&amp;quot;: An irregular existence that cannot use Mana, and are treated as heretics and as &amp;quot;things&amp;quot; rather than people. Having everything stolen from her, she was thrown away on a remote island where she endured living a life in hell  .&lt;br /&gt;
&lt;br /&gt;
What was waiting for her there was a fateful meeting with a group of Norma girls who know nothing but battle. The girls spend their days riding humanoid robot weapons called &amp;quot;Paramails&amp;quot; hunting giant dragons that have come from another dimension to invade. Having her name taken from her, what will soldier Ange see at the end of the fight? What can she believe in? What will she obtain? The story of a single girl's fortitude starts now.&lt;br /&gt;
&lt;br /&gt;
(Source: ANN, edited)</synopsis>
    <image>http://cdn.myanimelist.net/images/anime/2/67515.jpg</image>
  </entry>
</anime>
