<?xml version="1.0" encoding="utf-8"?>
<anime>
  <entry>
    <id>17827</id>
    <title>Daitoshokan no Hitsujikai</title>
    <english>A Good Librarian Like a Good Shepherd</english>
    <synonyms></synonyms>
    <episodes>12</episodes>
    <score>7.06</score>
    <type>TV</type>
    <status>Finished Airing</status>
    <start_date>2014-10-09</start_date>
    <end_date>2014-12-25</end_date>
    <synopsis>The story is set at Shiomi Academy, a vast, prestigious academy with a Daitoshokan (literally, &amp;quot;great library&amp;quot;) that rivals Japan's national library. As a member of the Library Club, Kyoutarou Kakei goes to Daitoshokan to enjoy reading by himself. He then meets a second-year girl named Tsugumi Shirasaki through the efforts of a so-called &amp;quot;shepherd&amp;quot; who fulfills people's wishes. Eventually, more girls join the club thanks to the &amp;quot;shepherd.&amp;quot;&lt;br /&gt;
&lt;br /&gt;
(Source: ANN)</synopsis>
    <image>http://cdn.myanimelist.net/images/anime/2/64077.jpg</image>
  </entry>
  <entry>
    <id>29025</id>
    <title>Daitoshokan no Hitsujikai Specials</title>
    <english></english>
    <synonyms></synonyms>
    <episodes>0</episodes>
    <score>0.00</score>
    <type>Special</type>
    <status>Currently Airing</status>
    <start_date>0000-00-00</start_date>
    <end_date>0000-00-00</end_date>
    <synopsis>Specials included on the Blu-ray/DVD volumes. </synopsis>
    <image>http://cdn.myanimelist.net/images/anime/11/69959.jpg</image>
  </entry>
  <entry>
    <id>29165</id>
    <title>Daitoshokan no Hitsujikai Picture Drama</title>
    <english>A Good Librarian Like a Good Shepherd Picture Drama</english>
    <synonyms></synonyms>
    <episodes>1</episodes>
    <score>0.00</score>
    <type>Special</type>
    <status>Finished Airing</status>
    <start_date>2014-12-25</start_date>
    <end_date>0000-00-00</end_date>
    <synopsis>A Picture Drama bundled with the Blu Ray release. &lt;br /&gt;
&lt;br /&gt;
Sakuraba tries to draw Shirasaki, and things take a turn for the ecchi.</synopsis>
    <image>http://cdn.myanimelist.net/images/anime/6/70145.jpg</image>
  </entry>
  <entry>
    <id>29197</id>
    <title>Daitoshokan no Hitsujikai Specials</title>
    <english></english>
    <synonyms></synonyms>
    <episodes>0</episodes>
    <score>0.00</score>
    <type>Special</type>
    <status>Currently Airing</status>
    <start_date>2014-12-25</start_date>
    <end_date>0000-00-00</end_date>
    <synopsis>Specials included in Blu-rays/DVDs of Daitoshokan no Hitsujikai.</synopsis>
    <image>http://cdn.myanimelist.net/images/anime/5/70241.jpg</image>
  </entry>
  <entry>
    <id>29201</id>
    <title>Daitoshokan no Hitsujikai Specials</title>
    <english>A Good Librarian Like a Good Shepherd Specials</english>
    <synonyms></synonyms>
    <episodes>0</episodes>
    <score>0.00</score>
    <type>Special</type>
    <status>Currently Airing</status>
    <start_date>0000-00-00</start_date>
    <end_date>0000-00-00</end_date>
    <synopsis>Specials included on the Blu-ray/DVD volumes.</synopsis>
    <image>http://cdn.myanimelist.net/images/anime//0.jpg</image>
  </entry>
</anime>
