<?xml version="1.0" encoding="utf-8"?>
<anime>
  <entry>
    <id>21743</id>
    <title>Donten ni Warau</title>
    <english>Laughing Under the Clouds</english>
    <synonyms>Cloudy Laugh</synonyms>
    <episodes>12</episodes>
    <score>7.62</score>
    <type>TV</type>
    <status>Finished Airing</status>
    <start_date>2014-10-04</start_date>
    <end_date>2014-12-20</end_date>
    <synopsis>When swords were outlawed in the eleventh year of the Meiji Era, the mighty samurai population began to dwindle. Those who rejected the ban on blades rebelled, causing violent unrest to erupt throughout the countryside. To combat the rise in criminal activity, an inescapable lake prison was constructed. Three young men, born of the Kumoh line, were given the duty of delivering criminals to their place of confinement&amp;mdash;but could there be more to their mission than meets the eye?&lt;br /&gt;
&lt;br /&gt;
(Source: FUNimation)</synopsis>
    <image>http://cdn.myanimelist.net/images/anime/11/57309.jpg</image>
  </entry>
</anime>
