<?xml version="1.0" encoding="utf-8"?>
<anime>
  <entry>
    <id>22733</id>
    <title>Dragon Collection</title>
    <english></english>
    <synonyms></synonyms>
    <episodes>0</episodes>
    <score>6.10</score>
    <type>TV</type>
    <status>Currently Airing</status>
    <start_date>2014-04-07</start_date>
    <end_date>0000-00-00</end_date>
    <synopsis>Through an unexpected turn of events, an ordinary elementary school student, Hiro Enryuu, finds himself in the world of the &amp;quot;Dragon Collection&amp;quot; game. This is a world called Dragon Earth, where gods, humans, and monsters exist side by side. Those who roam this world using a magic book, called a Grimoire, and cards to summon monsters and search for treasures that bear the powers of dragons are called Dracolle Battlers. Despite his bewilderment, Hiro becomes a Dracolle Battler and, together with the friends he meets there, begins his adventure to become a legendary Dragon Master!&lt;br /&gt;
&lt;br /&gt;
(Source: Crunchyroll)</synopsis>
    <image>http://cdn.myanimelist.net/images/anime/13/59129.jpg</image>
  </entry>
</anime>
