<?xml version="1.0" encoding="utf-8"?>
<anime>
  <entry>
    <id>22297</id>
    <title>Fate/stay night: Unlimited Blade Works (TV)</title>
    <english></english>
    <synonyms>Fate/stay night (2014); Fate - Stay Night</synonyms>
    <episodes>12</episodes>
    <score>8.72</score>
    <type>TV</type>
    <status>Finished Airing</status>
    <start_date>2014-10-12</start_date>
    <end_date>2014-12-28</end_date>
    <synopsis>New anime adaptation of Fate/stay night, following the Unlimited Blade Works route.&lt;br /&gt;
&lt;br /&gt;
[b][size=90]Note: Episode 0 is listed [url=http://myanimelist.net/anime.php?id=27821]here[/url] on MAL.[/size][/b]</synopsis>
    <image>http://cdn.myanimelist.net/images/anime/12/67333.jpg</image>
  </entry>
  <entry>
    <id>27821</id>
    <title>Fate/stay night: Unlimited Blade Works (TV) - Prologue</title>
    <english></english>
    <synonyms>Fate/stay night (2014) Episode 00</synonyms>
    <episodes>1</episodes>
    <score>8.62</score>
    <type>Special</type>
    <status>Finished Airing</status>
    <start_date>2014-10-05</start_date>
    <end_date>2014-10-05</end_date>
    <synopsis>50-minute prequel of [i]Fate/stay night: Unlimited Blade Works (TV)[/i]</synopsis>
    <image>http://cdn.myanimelist.net/images/anime/9/67425.jpg</image>
  </entry>
  <entry>
    <id>28701</id>
    <title>Fate/stay night: Unlimited Blade Works (TV) 2nd Season</title>
    <english></english>
    <synonyms>Fate/stay night (2015), Fate - Stay Night</synonyms>
    <episodes>0</episodes>
    <score>0.00</score>
    <type>TV</type>
    <status>Not yet aired</status>
    <start_date>2015-04-00</start_date>
    <end_date>0000-00-00</end_date>
    <synopsis>Second cour of [i]Fate/stay night: Unlimited Blade Works (TV)[/i] series.</synopsis>
    <image>http://cdn.myanimelist.net/images/anime/4/69279.jpg</image>
  </entry>
</anime>
