<?xml version="1.0" encoding="utf-8"?>
<anime>
  <entry>
    <id>25503</id>
    <title>Fuusen Inu Tinny</title>
    <english></english>
    <synonyms>Tinny the Balloon Dog; Balloon Dog Tinny</synonyms>
    <episodes>26</episodes>
    <score>0.00</score>
    <type>TV</type>
    <status>Currently Airing</status>
    <start_date>2014-09-26</start_date>
    <end_date>0000-00-00</end_date>
    <synopsis>Based on a picture book series, it follows a dog who flies above the clouds with a balloon.</synopsis>
    <image>http://cdn.myanimelist.net/images/anime/10/66013.jpg</image>
  </entry>
</anime>
