<?xml version="1.0" encoding="utf-8"?>
<anime>
  <entry>
    <id>26163</id>
    <title>Ganbare! Lulu Lolo 2nd Season</title>
    <english></english>
    <synonyms>Tiny Twin Bears 2nd Season</synonyms>
    <episodes>0</episodes>
    <score>0.00</score>
    <type>TV</type>
    <status>Currently Airing</status>
    <start_date>2014-09-25</start_date>
    <end_date>0000-00-00</end_date>
    <synopsis>The anime centers around the daily life of two twin bear sisters: the orange-colored Lulu and the yellow-colored Lolo. The two take on new jobs and, despite the occasional failure and tears, give their best efforts.&lt;br /&gt;
&lt;br /&gt;
(Source: ANN)</synopsis>
    <image>http://cdn.myanimelist.net/images/anime/12/66095.jpg</image>
  </entry>
</anime>
