<?xml version="1.0" encoding="utf-8"?>
<anime>
  <entry>
    <id>24855</id>
    <title>Girlfriend (Kari)</title>
    <english>Girl Friend Beta</english>
    <synonyms>GF Kari; Girlfriend Beta</synonyms>
    <episodes>12</episodes>
    <score>6.14</score>
    <type>TV</type>
    <status>Finished Airing</status>
    <start_date>2014-10-13</start_date>
    <end_date>2014-12-29</end_date>
    <synopsis>A TV anime adaptation of the [i]Girlfriend (Kari)[/i] a mobile game where players can have girlfriends through playing the game.</synopsis>
    <image>http://cdn.myanimelist.net/images/anime/4/67045.jpg</image>
  </entry>
</anime>
