<?xml version="1.0" encoding="utf-8"?>
<anime>
  <entry>
    <id>22669</id>
    <title>Gohan Kaijuu Pap</title>
    <english></english>
    <synonyms>Rice Monster Pap</synonyms>
    <episodes>0</episodes>
    <score>0.00</score>
    <type>TV</type>
    <status>Currently Airing</status>
    <start_date>2011-04-25</start_date>
    <end_date>0000-00-00</end_date>
    <synopsis>A series of short, 30-second segments featuring Gohan Kaijuu Pap and various &quot;side dish&quot; monsters to produce delicious meals.</synopsis>
    <image>http://cdn.myanimelist.net/images/anime/13/59289.jpg</image>
  </entry>
</anime>
