<?xml version="1.0" encoding="utf-8"?>
<anime>
  <entry>
    <id>23539</id>
    <title>Gudetama</title>
    <english></english>
    <synonyms></synonyms>
    <episodes>0</episodes>
    <score>0.00</score>
    <type>TV</type>
    <status>Currently Airing</status>
    <start_date>2014-03-31</start_date>
    <end_date>0000-00-00</end_date>
    <synopsis>Gudetama, an egg that is dead to the world and completely lacks motivation. No matter what cooking method you use, Gudetama remains unmoved.&lt;br /&gt;
&lt;br /&gt;
(Source: ANN)</synopsis>
    <image>http://cdn.myanimelist.net/images/anime/9/60715.jpg</image>
  </entry>
</anime>
