<?xml version="1.0" encoding="utf-8"?>
<anime>
  <entry>
    <id>23251</id>
    <title>Gugure! Kokkuri-san</title>
    <english>Gugure! Kokkuri-san</english>
    <synonyms>Gugukoko; Gugure! Kokkurisan</synonyms>
    <episodes>12</episodes>
    <score>7.76</score>
    <type>TV</type>
    <status>Finished Airing</status>
    <start_date>2014-10-06</start_date>
    <end_date>2014-12-22</end_date>
    <synopsis>The story revolves around a little girl named Kohina. Kohina ends up summoning Kokkuri-san (a low-ranking ghost in Japanese folklore), who turns out to be a handsome, young, white-haired man. At first he merely intends to haunt her but soon becomes worried about her eating habits. Now he haunts her in order to protect her.&lt;br /&gt;
&lt;br /&gt;
(Source: ANN, edited) &lt;br /&gt;
</synopsis>
    <image>http://cdn.myanimelist.net/images/anime/6/65665.jpg</image>
  </entry>
  <entry>
    <id>27945</id>
    <title>Gugure! Kokkuri-san Specials</title>
    <english></english>
    <synonyms></synonyms>
    <episodes>6</episodes>
    <score>0.00</score>
    <type>Special</type>
    <status>Currently Airing</status>
    <start_date>2014-12-24</start_date>
    <end_date>0000-00-00</end_date>
    <synopsis>Short specials included with the Blu-ray/DVD volumes. </synopsis>
    <image>http://cdn.myanimelist.net/images/anime/4/67735.jpg</image>
  </entry>
</anime>
