<?xml version="1.0" encoding="utf-8"?>
<anime>
  <entry>
    <id>8336</id>
    <title>Hanakappa</title>
    <english></english>
    <synonyms>Hana Kappa</synonyms>
    <episodes>0</episodes>
    <score>0.00</score>
    <type>TV</type>
    <status>Currently Airing</status>
    <start_date>2010-03-29</start_date>
    <end_date>0000-00-00</end_date>
    <synopsis>Story about Kappa with flowers on their heads.</synopsis>
    <image>http://cdn.myanimelist.net/images/anime/3/21935.jpg</image>
  </entry>
  <entry>
    <id>17263</id>
    <title>Hanakappa Movie: Hana-sake! Pakkaan Chou no Kuni no Daibouken</title>
    <english></english>
    <synonyms>Eiga Hanakappa: Hanasake! Pakka~n♪ Chou no Kuni no Daibouken</synonyms>
    <episodes>1</episodes>
    <score>0.00</score>
    <type>Movie</type>
    <status>Finished Airing</status>
    <start_date>2013-04-12</start_date>
    <end_date>2013-04-12</end_date>
    <synopsis>In the film, butterfly warriors suddenly appear in Yamabiko and snatch away Hana Kappa's mother and others. Hana Kappa and his friends head out towards the mystery-filled land of butterflies. They overcome obstacles such as mountains and deserts and along the way, encounter a mysterious boy named Poru.&lt;br /&gt;
&lt;br /&gt;
(Source: ANN)</synopsis>
    <image>http://cdn.myanimelist.net/images/anime/5/46099.jpg</image>
  </entry>
</anime>
