<?xml version="1.0" encoding="utf-8"?>
<anime>
  <entry>
    <id>22099</id>
    <title>Hero Bank</title>
    <english>Herobank</english>
    <synonyms></synonyms>
    <episodes>51</episodes>
    <score>5.37</score>
    <type>TV</type>
    <status>Currently Airing</status>
    <start_date>2014-04-07</start_date>
    <end_date>0000-00-00</end_date>
    <synopsis>Anime adaptation of the Nintendo 3DS money battle role playing game by SEGA.</synopsis>
    <image>http://cdn.myanimelist.net/images/anime/13/59089.jpg</image>
  </entry>
</anime>
