<?xml version="1.0" encoding="utf-8"?>
<anime>
  <entry>
    <id>25159</id>
    <title>Inou-Battle wa Nichijou-kei no Naka de</title>
    <english>When Supernatural Battles Became Commonplace</english>
    <synonyms>InoBato; Inou-Battle in the Usually Daze.; Inou Battle Within Everyday Life</synonyms>
    <episodes>12</episodes>
    <score>7.49</score>
    <type>TV</type>
    <status>Finished Airing</status>
    <start_date>2014-10-07</start_date>
    <end_date>2014-12-23</end_date>
    <synopsis>Half a year ago, the four members of a literature club, as well as the elementary school niece of their faculty adviser, were bestowed with supernatural powers. The boy in the club, Ando Jurai, became able to produce black flames. The girls acquired a variety of powerful abilities: Tomoyo could slow, speed, or stop time, Hatoko could control the five elements (earth, water, fire, wind, light), little Chifuyu could create things, and Sayumi could repair objects or heal living things. However, since they gained these powers, nothing has really changed in their everyday life. Why have they been given these powers in the first place? Will the heroic fantasy life they imagined these powers would bring ever actually arrive?&lt;br /&gt;
&lt;br /&gt;
(Source: MangaHelpers)</synopsis>
    <image>http://cdn.myanimelist.net/images/anime/8/67047.jpg</image>
  </entry>
</anime>
