<?xml version="1.0" encoding="utf-8"?>
<anime>
  <entry>
    <id>24909</id>
    <title>Kaitou Joker</title>
    <english></english>
    <synonyms>Mysterious Joker</synonyms>
    <episodes>13</episodes>
    <score>6.26</score>
    <type>TV</type>
    <status>Currently Airing</status>
    <start_date>2014-10-06</start_date>
    <end_date>2015-01-05</end_date>
    <synopsis>In the story, there is nothing in the world that the mysterious phantom thief Joker cannot steal. He goes after one treasure after another in unpredictable capers with seemingly miraculous tricks.&lt;br /&gt;
&lt;br /&gt;
(Source: ANN)</synopsis>
    <image>http://cdn.myanimelist.net/images/anime/12/64975.jpg</image>
  </entry>
  <entry>
    <id>28869</id>
    <title>Kaitou Joker 2nd Season</title>
    <english>Mysterious Joker 2nd Season</english>
    <synonyms></synonyms>
    <episodes>0</episodes>
    <score>0.00</score>
    <type>TV</type>
    <status>Not yet aired</status>
    <start_date>2015-04-06</start_date>
    <end_date>0000-00-00</end_date>
    <synopsis>Second season of Kaitou Joker.&lt;br /&gt;
&lt;br /&gt;
The thief Mysterious Joker doesn't just steal things. An audacious and elusive miracle-maker, he travels the world searching for treasure with his partner and cook Hachi. As they circle the globe, they must avoid traps set by the police and compete in various competitions to reach their final goal, the Timeslip Treasure.&lt;br /&gt;
&lt;br /&gt;
(Source: ANN)</synopsis>
    <image>http://cdn.myanimelist.net/images/anime/4/69667.jpg</image>
  </entry>
</anime>
