<?xml version="1.0" encoding="utf-8"?>
<anime>
  <entry>
    <id>24775</id>
    <title>Koishite!! Namashi-chan</title>
    <english></english>
    <synonyms>In Love!! Sea Cucumber-chan</synonyms>
    <episodes>0</episodes>
    <score>0.00</score>
    <type>TV</type>
    <status>Currently Airing</status>
    <start_date>2013-10-26</start_date>
    <end_date>0000-00-00</end_date>
    <synopsis>Follows the life of a girl sea cucumber who lives in an aquarium.</synopsis>
    <image>http://cdn.myanimelist.net/images/anime/11/63713.jpg</image>
  </entry>
</anime>
