<?xml version="1.0" encoding="utf-8"?>
<anime>
  <entry>
    <id>27519</id>
    <title>Konna Watashitachi ga Nariyuki de Heroine ni Natta Kekka www (TV)</title>
    <english></english>
    <synonyms>Nari Hero www (TV); Narihero www (TV)</synonyms>
    <episodes>12</episodes>
    <score>0.00</score>
    <type>TV</type>
    <status>Finished Airing</status>
    <start_date>2014-10-07</start_date>
    <end_date>2014-12-23</end_date>
    <synopsis>TV series of Konna Watashitachi ga Nariyuki de Heroine ni Natta Kekka www</synopsis>
    <image>http://cdn.myanimelist.net/images/anime/2/66697.jpg</image>
  </entry>
  <entry>
    <id>28885</id>
    <title>Konna Watashitachi ga Nariyuki de Heroine ni Natta Kekka www (TV): Heroine Kentei</title>
    <english></english>
    <synonyms></synonyms>
    <episodes>11</episodes>
    <score>0.00</score>
    <type>ONA</type>
    <status>Finished Airing</status>
    <start_date>2014-10-08</start_date>
    <end_date>2014-12-17</end_date>
    <synopsis>Extra contents of Konna Watashitachi ga Nariyuki de Heroine ni Natta Kekka www (TV) that only streamed on YouTube and Nico Nico Douga</synopsis>
    <image>http://cdn.myanimelist.net/images/anime//0.jpg</image>
  </entry>
</anime>
