<?xml version="1.0" encoding="utf-8"?>
<anime>
  <entry>
    <id>25517</id>
    <title>Magic Kaito 1412</title>
    <english></english>
    <synonyms>Magic Kaito 2014</synonyms>
    <episodes>24</episodes>
    <score>7.47</score>
    <type>TV</type>
    <status>Currently Airing</status>
    <start_date>2014-10-04</start_date>
    <end_date>0000-00-00</end_date>
    <synopsis>Kaito Kuroba is a normal teenage student whose father is often absent. When his father dies under mysterious circumstances, he is made aware of his father's secret identity: a famous international criminal known as International Criminal 1412: the Phantom Thief, and that he was murdered by a mysterious organization for refusing to aid them in retrieving the &amp;quot;Pandora Gem,&amp;quot; a mystical stone said to shed a &amp;quot;tear&amp;quot; during the passing of a particular comet (often called the &amp;quot;Volley Comet&amp;quot;), the consumption of which bestows immortality.&lt;br /&gt;
&lt;br /&gt;
He vows to prevent the organization from gaining immortality, and assumes his father's identity as he begins his quest for the gem. His only clues as to the gem's location are that it glows red under the full moon and that it is a doublet: a gem hidden within a larger gem. Thus, it would have to be a relatively large one with a bizarre history, and always stored in a place that never receives moonlight. He thus researches and steals famous priceless gems with odd histories from incredibly well-defended areas, and always returns them after the very next full moon.&lt;br /&gt;
&lt;br /&gt;
(Source: Wikipedia)</synopsis>
    <image>http://cdn.myanimelist.net/images/anime/3/67807.jpg</image>
  </entry>
</anime>
