<?xml version="1.0" encoding="utf-8"?>
<anime>
  <entry>
    <id>24417</id>
    <title>Maido! Urayasu Tekkin Kazoku</title>
    <english></english>
    <synonyms>Always! Reinforced Urayasu Family; Always! Super Radical Gag Family</synonyms>
    <episodes>25</episodes>
    <score>0.00</score>
    <type>TV</type>
    <status>Finished Airing</status>
    <start_date>2014-07-06</start_date>
    <end_date>2014-12-28</end_date>
    <synopsis>Sequel to the Urayasu Tekkin Kazoku anime and adaptation of the manga of the same name. The series follows an energetic gradeschooler and his friends as they get into mischief.</synopsis>
    <image>http://cdn.myanimelist.net/images/anime/3/65115.jpg</image>
  </entry>
</anime>
