<?xml version="1.0" encoding="utf-8"?>
<anime>
  <entry>
    <id>21013</id>
    <title>Marvel Disk Wars: The Avengers</title>
    <english></english>
    <synonyms></synonyms>
    <episodes>0</episodes>
    <score>5.77</score>
    <type>TV</type>
    <status>Currently Airing</status>
    <start_date>2014-04-02</start_date>
    <end_date>0000-00-00</end_date>
    <synopsis>The story will revolve around how the Avengers&amp;mdash;Iron Man, Captain America, Thor, and the Hulk together with the help of Spider-Man and a group of teens&amp;mdash;will harness their respective fighting skills and superhuman powers to foil Loki's scheme to take over the world. [i]Marvel Disk Wars: The Avengers[/i] will target boys in the 6-12 age group.&lt;br /&gt;
&lt;br /&gt;
(Source: Marvel)</synopsis>
    <image>http://cdn.myanimelist.net/images/anime/13/56857.jpg</image>
  </entry>
</anime>
