<?xml version="1.0" encoding="utf-8"?>
<anime>
  <entry>
    <id>18093</id>
    <title>Nanatsu no Taizai (OVA)</title>
    <english>The Seven Deadly Sins</english>
    <synonyms>7 Sins</synonyms>
    <episodes>2</episodes>
    <score>0.00</score>
    <type>OVA</type>
    <status>Not yet aired</status>
    <start_date>0000-00-00</start_date>
    <end_date>0000-00-00</end_date>
    <synopsis>Seven beautiful female demons who embody the seven sins.</synopsis>
    <image>http://cdn.myanimelist.net/images/anime/12/48053.jpg</image>
  </entry>
  <entry>
    <id>23755</id>
    <title>Nanatsu no Taizai</title>
    <english>The Seven Deadly Sins</english>
    <synonyms></synonyms>
    <episodes>24</episodes>
    <score>8.24</score>
    <type>TV</type>
    <status>Currently Airing</status>
    <start_date>2014-10-05</start_date>
    <end_date>0000-00-00</end_date>
    <synopsis>The &amp;quot;Seven Deadly Sins,&amp;quot; a group of evil knights who conspired to overthrow the kingdom of Britannia, were said to have been eradicated by the Holy Knights, although some claim that they still live. Ten years later, the Holy Knights have staged a Coup d'&amp;eacute;tat and assassinated the king, becoming the new, tyrannical rulers of the kingdom. Elizabeth, the king's only daughter, sets out on a journey to find the &amp;quot;Seven Deadly Sins,&amp;quot; and to enlist their help in taking back the kingdom.&lt;br /&gt;
&lt;br /&gt;
(Source: Redhawk NEO)</synopsis>
    <image>http://cdn.myanimelist.net/images/anime/8/65409.jpg</image>
  </entry>
</anime>
