<?xml version="1.0" encoding="utf-8"?>
<anime>
  <entry>
    <id>18845</id>
    <title>Ninja Hattori-kun (2012)</title>
    <english></english>
    <synonyms></synonyms>
    <episodes>0</episodes>
    <score>0.00</score>
    <type>TV</type>
    <status>Currently Airing</status>
    <start_date>2012-05-13</start_date>
    <end_date>0000-00-00</end_date>
    <synopsis>Remake of the Ninja Hattori-kun series.</synopsis>
    <image>http://cdn.myanimelist.net/images/anime/9/50285.jpg</image>
  </entry>
</anime>
