<?xml version="1.0" encoding="utf-8"?>
<anime>
  <entry>
    <id>22585</id>
    <title>Nukko.</title>
    <english></english>
    <synonyms></synonyms>
    <episodes>0</episodes>
    <score>0.00</score>
    <type>TV</type>
    <status>Currently Airing</status>
    <start_date>2012-04-02</start_date>
    <end_date>0000-00-00</end_date>
    <synopsis>The new Nukko. anime is an adolescent school story revolving around Nukko and Nukko's slightly(?) oddball friends.&lt;br /&gt;
&lt;br /&gt;
(Source: ANN)</synopsis>
    <image>http://cdn.myanimelist.net/images/anime/2/58907.jpg</image>
  </entry>
</anime>
