<?xml version="1.0" encoding="utf-8"?>
<anime>
  <entry>
    <id>21</id>
    <title>One Piece</title>
    <english>One Piece</english>
    <synonyms></synonyms>
    <episodes>0</episodes>
    <score>8.64</score>
    <type>TV</type>
    <status>Currently Airing</status>
    <start_date>1999-10-20</start_date>
    <end_date>0000-00-00</end_date>
    <synopsis>Gol D. Roger was known as the Pirate King, the strongest and most infamous being to have sailed the Grand Line. The capture and death of Roger by the World Government brought a change throughout the world. His last words before his death revealed the location of the greatest treasure in the world, One Piece. It was this revelation that brought about the Grand Age of Pirates, men who dreamed of finding One Piece (which promises an unlimited amount of riches and fame), and quite possibly the most coveted of titles for the person who found it, the title of the Pirate King.&lt;br /&gt;
&lt;br /&gt;
Enter Monkey D. Luffy, a 17-year-old boy that defies your standard definition of a pirate. Rather than the popular persona of a wicked, hardened, toothless pirate who ransacks villages for fun, Luffy&amp;rsquo;s reason for being a pirate is one of pure wonder; the thought of an exciting adventure and meeting new and intriguing people, along with finding One Piece, are his reasons of becoming a pirate. Following in the footsteps of his childhood hero, Luffy and his crew travel across the Grand Line, experiencing crazy adventures, unveiling dark mysteries and battling strong enemies, all in order to reach One Piece.&lt;br /&gt;
&lt;br /&gt;
[Written by MAL Rewrite]</synopsis>
    <image>http://cdn.myanimelist.net/images/anime/7/20869.jpg</image>
  </entry>
  <entry>
    <id>459</id>
    <title>One Piece (2000)</title>
    <english></english>
    <synonyms>One Piece Movie 1</synonyms>
    <episodes>1</episodes>
    <score>7.29</score>
    <type>Movie</type>
    <status>Finished Airing</status>
    <start_date>2000-03-04</start_date>
    <end_date>2000-03-04</end_date>
    <synopsis>There once was a pirate known as the Great Gold Pirate Woonan, who obtained almost 1/3 of the world&amp;#039;s gold. Over the course of a few years, the pirate&amp;#039;s existence faded, and a legend grew that he disappeared with his gold to a remote island, an island pirates continue to search for. Aboard the Going Merry, Luffy and his crew, starved and reckless, are robbed of their treasure. In an attempt to get it back, they wreck the getaway ship, guided by a young boy named Tabio, who&amp;#039;s a captured part of El Drago&amp;#039;s pirate crew. El Drago&amp;#039;s love for gold has driven him to look for Woonan&amp;#039;s island, and thanks to Woonan&amp;#039;s treasure map, he finds it. During this time, Luffy&amp;#039;s crew have been split up, and despite their own circumstances, they must find a way to stop El Drago from obtaining Woonan&amp;#039;s gold. &lt;br /&gt;
&lt;br /&gt;
(Source: ANN)</synopsis>
    <image>http://cdn.myanimelist.net/images/anime/5/20925.jpg</image>
  </entry>
  <entry>
    <id>460</id>
    <title>One Piece: Nejimaki Jima no Daibouken</title>
    <english>One Piece: Clockwork Island Adventure</english>
    <synonyms>One Piece Movie 2</synonyms>
    <episodes>1</episodes>
    <score>7.40</score>
    <type>Movie</type>
    <status>Finished Airing</status>
    <start_date>2001-03-03</start_date>
    <end_date>2001-03-03</end_date>
    <synopsis>Informed by the Thief Brothers his ship has been stolen by the Trump Kyoudai (Trump Siblings) who have set up base on Clockwork Island. Monkey D. Luffy, Captain of the Going Merry and aspiring Pirate King works with his crew - Ussop, Zoro, Sanji and Nami to battle their way up Clockwork Island to reclaim their ship.&lt;br /&gt;
&lt;br /&gt;
(Source: ANN)</synopsis>
    <image>http://cdn.myanimelist.net/images/anime/2/3299.jpg</image>
  </entry>
  <entry>
    <id>461</id>
    <title>One Piece: Chinjuujima no Chopper Oukoku</title>
    <english>One Piece: Chopper Kingdom of Strange Animal Island</english>
    <synonyms>One Piece Movie 3</synonyms>
    <episodes>1</episodes>
    <score>7.23</score>
    <type>Movie</type>
    <status>Finished Airing</status>
    <start_date>2002-03-02</start_date>
    <end_date>2002-03-02</end_date>
    <synopsis>The crew comes upon Crown Island where the animals can talk and they makes Chopper their new king. But there are human hunters there also looking for the legendary horns that will give the person who consumes it immense power. Luffy and friends must stop them from destroying this animal kingdom.&lt;br /&gt;
&lt;br /&gt;
(Source: ANN)</synopsis>
    <image>http://cdn.myanimelist.net/images/anime/8/6937.jpg</image>
  </entry>
  <entry>
    <id>462</id>
    <title>One Piece: Dead End no Bouken</title>
    <english>One Piece: Dead End</english>
    <synonyms>One Piece Movie 4</synonyms>
    <episodes>1</episodes>
    <score>7.84</score>
    <type>Movie</type>
    <status>Finished Airing</status>
    <start_date>2003-03-01</start_date>
    <end_date>2003-03-01</end_date>
    <synopsis>Luffy and crew arrive at the harbour of Anabaru. The local casino is holding a competition in which the winner will obtain a huge monetary reward if he reaches the finishing line first. Nami is elated and decides to participate in the competition. However, there is a conspiracy going behind the competition and the mastermind is an ex-military commander, Gasparde. His plan is to lure all the pirates to the military base and send them to their deaths. Luffy and gang have to overcome the numerous tests and tribulations along the way to complete this dead-end adventure. &lt;br /&gt;
&lt;br /&gt;
(Source: ANN)</synopsis>
    <image>http://cdn.myanimelist.net/images/anime/10/20924.jpg</image>
  </entry>
  <entry>
    <id>463</id>
    <title>One Piece: Norowareta Seiken</title>
    <english>One Piece: The Curse of the Sacred Sword</english>
    <synonyms>One Piece Movie 5</synonyms>
    <episodes>1</episodes>
    <score>7.52</score>
    <type>Movie</type>
    <status>Finished Airing</status>
    <start_date>2004-03-06</start_date>
    <end_date>2004-03-06</end_date>
    <synopsis>Luffy and crew go to an island searching for a legendary sword, said to be the most expensive in the world. Soon attacking marines and beautiful maidens split the crew. Zoro betrays the crew to help an old friend, Luffy and Usopp wander through a cave, and the rest help a village fight marines. When Zoro defeats Sanji he takes the sacred pearls that are the only defense against the evil sword that will plunge the world into darkness. &lt;br /&gt;
&lt;br /&gt;
(Source: ANN)</synopsis>
    <image>http://cdn.myanimelist.net/images/anime/2/25413.jpg</image>
  </entry>
  <entry>
    <id>464</id>
    <title>One Piece: Omatsuri Danshaku to Himitsu no Shima</title>
    <english>One Piece: Baron Omatsuri and the Secret Island</english>
    <synonyms>One Piece Movie 6</synonyms>
    <episodes>1</episodes>
    <score>7.83</score>
    <type>Movie</type>
    <status>Finished Airing</status>
    <start_date>2005-03-05</start_date>
    <end_date>2005-03-05</end_date>
    <synopsis>The Straw Hat crew obtain an advertisement for a recreational island on the Grand Line run by the Baron Omatsuri. Luffy decides to take this opportunity to kick back and relax. Unfortunately, when they arrive at the island, they are asked to compete in contests through unity for access to relaxation. However, there seems to be a mysterious air on the island, as the Straw Hat Pirates begin to fight amongst themselves, while Robin, Chopper, and Luffy individually search for the secret behind Baron Omatsuri&amp;#039;s island.&lt;br /&gt;
&lt;br /&gt;
(Source: ANN)</synopsis>
    <image>http://cdn.myanimelist.net/images/anime/11/25415.jpg</image>
  </entry>
  <entry>
    <id>465</id>
    <title>One Piece: Karakurijou no Mecha Kyohei</title>
    <english></english>
    <synonyms>One Piece Movie 7; One Piece: Karakuri Shiro no Mecha Kyohei; One Piece: The Giant Mechanical Soldier of Karakuri Castle; Karakuri Castle's Mecha Giant Soldier</synonyms>
    <episodes>1</episodes>
    <score>7.53</score>
    <type>Movie</type>
    <status>Finished Airing</status>
    <start_date>2006-03-04</start_date>
    <end_date>2006-03-04</end_date>
    <synopsis>The Straw Hat crew salvages a treasure chest from a sinking wreck, inside which they find an old lady. To get the pirates to take her home, she promises them the treasure of a golden crown on her island: Mecha Island. Upon arrival, the crew is attacked by the lord of the island but he has a change of heart and decides to seek their help to solve the mystery of the Golden Crown.&lt;br /&gt;
&lt;br /&gt;
(Source: ANN, edited)</synopsis>
    <image>http://cdn.myanimelist.net/images/anime/9/20927.jpg</image>
  </entry>
  <entry>
    <id>466</id>
    <title>One Piece: Taose! Kaizoku Ganzack</title>
    <english>One Piece: Defeat the Pirate Ganzack!</english>
    <synonyms></synonyms>
    <episodes>1</episodes>
    <score>6.91</score>
    <type>OVA</type>
    <status>Finished Airing</status>
    <start_date>1998-07-26</start_date>
    <end_date>1998-07-26</end_date>
    <synopsis>While Luffy and his crew of Zoro and Nami are starving on their small boat, they are attacked by a large monster. Nami is taken away, while Luffy and Zoro wash up on shore. There they meet a young girl, Medaka, and learn of the sad history of the island. The evil Pirate Ganzack has taken away all the men in the village and enslaved them, including Medaka&amp;#039;s father. Now Luffy, Zoro, and Medaka must infiltrate Ganzack&amp;#039;s base in order to rescue the villagers and Nami. &lt;br /&gt;
&lt;br /&gt;
(Source: ANN)</synopsis>
    <image>http://cdn.myanimelist.net/images/anime/12/37647.jpg</image>
  </entry>
  <entry>
    <id>1094</id>
    <title>One Piece Special: Adventure in the Ocean's Navel</title>
    <english></english>
    <synonyms></synonyms>
    <episodes>1</episodes>
    <score>7.50</score>
    <type>Special</type>
    <status>Finished Airing</status>
    <start_date>2000-12-20</start_date>
    <end_date>2000-12-20</end_date>
    <synopsis>The Straw Hats encounter a city in the middle of a whirlpool, called the Ocean&amp;#039;s Navel, that is being destroyed by giant monsters. These monsters supposedly protect a treasure capable of granting wishes, but in the process of defeating these guardians, the crew ends up releasing another evil.  (aired after Episode 53)&lt;br /&gt;
&lt;br /&gt;
(Source: Wikipedia)</synopsis>
    <image>http://cdn.myanimelist.net/images/anime/6/20923.jpg</image>
  </entry>
  <entry>
    <id>1237</id>
    <title>One Piece Special: Open Upon the Great Sea! A Father's Huge, HUGE Dream!</title>
    <english>One Piece Special: Open Upon the Great Sea! A Father's Huge, HUGE Dream!</english>
    <synonyms></synonyms>
    <episodes>1</episodes>
    <score>7.48</score>
    <type>Special</type>
    <status>Finished Airing</status>
    <start_date>2003-04-06</start_date>
    <end_date>2003-04-06</end_date>
    <synopsis>The story opens on Pirate Zap&amp;#039;s ship, where two of his crew, Bonnie and Max, are tired and want to escape, but unfortunately they have no money. Three children were being held captive on the ship overhear them. The eldest, Amanda, who&amp;#039;s father was a pro treasure hunter, knows the whereabouts of a great treasure, and offers them a deal. If they help them make a clean escape, they could take all the treasure they wanted. They agree, and the five of them barely escape and make it onto a small island where they meet Luffy and his crew. Unfortunately they were pursued and Luffy and Amanda are captured and brought back to their boss, the head of the Bayan Pirates, who is also after the treasure. Now Luffy and the others must battle the Bayan pirates and find the treasure that Amanda&amp;#039;s father had left for his children. Amanda, who has always resented adventure and treasure because her father was constantly gone in search for it, finally understands his feelings. &lt;br /&gt;
&lt;br /&gt;
(Source: ANN)</synopsis>
    <image>http://cdn.myanimelist.net/images/anime/6/20850.jpg</image>
  </entry>
  <entry>
    <id>1238</id>
    <title>One Piece Special: Protect! The Last Great Performance</title>
    <english></english>
    <synonyms>One Piece TV Special 3</synonyms>
    <episodes>1</episodes>
    <score>7.54</score>
    <type>Special</type>
    <status>Finished Airing</status>
    <start_date>2003-12-14</start_date>
    <end_date>2003-12-14</end_date>
    <synopsis>For many years, Ex-Marine Lieutenant Randolph and his troupe have put on a play aboard his ship. Having lost his family to pirates, Randolph wishes to put on plays that will give courage to those who have also lost their loved ones to pirates. Unfortunately, Randolph must retire soon, and he is now giving his last performance. Luffy and his crew come to see the play, and somehow manage to take part in it themselves. But from Randolph&amp;#039;s past comes a vengeful subordinate with a diabolical plan who has finally become commander in order to capture Randolph. Luffy and his nakama now must prove to the people that not all pirates are scum, and protect Randolph&amp;#039;s final farewell performance from the bitter commander. (aired after Episode 174)&lt;br /&gt;
&lt;br /&gt;
(Source: ANN)</synopsis>
    <image>http://cdn.myanimelist.net/images/anime/13/61009.jpg</image>
  </entry>
  <entry>
    <id>2020</id>
    <title>One Piece Special: The Detective Memoirs of Chief Straw Hat Luffy</title>
    <english></english>
    <synonyms></synonyms>
    <episodes>1</episodes>
    <score>7.45</score>
    <type>Special</type>
    <status>Finished Airing</status>
    <start_date>2005-12-18</start_date>
    <end_date>2005-12-18</end_date>
    <synopsis>In an alternate reality world that resembles Edo Period Japan, Luffy acts as a member of the police. This is made up of two adventures: in the first, Buggy makes trouble in the town; in the second, a mysterious girl named Vivi appears. This special contains several cameos from characters throughout the entire series. (aired after Episode 253) This special contains several cameos from characters throughout the entire series. A second pair of episodes were aired after episode 290, continuing this story, as part of the New Year&amp;#039;s special.</synopsis>
    <image>http://cdn.myanimelist.net/images/anime/9/21651.jpg</image>
  </entry>
  <entry>
    <id>2107</id>
    <title>One Piece: Episode of Alabaster - Sabaku no Ojou to Kaizoku Tachi</title>
    <english>One Piece The Movie: Episode of Arabasta - The Desert Princess and the Pirates</english>
    <synonyms>One Piece Movie 8</synonyms>
    <episodes>1</episodes>
    <score>7.46</score>
    <type>Movie</type>
    <status>Finished Airing</status>
    <start_date>2007-03-03</start_date>
    <end_date>2007-03-03</end_date>
    <synopsis>A retelling of the Alabasta arc.</synopsis>
    <image>http://cdn.myanimelist.net/images/anime/13/21760.jpg</image>
  </entry>
  <entry>
    <id>2385</id>
    <title>One Piece: Jango's Dance Carnival</title>
    <english>One Piece: Django's Dance Carnival</english>
    <synonyms></synonyms>
    <episodes>1</episodes>
    <score>7.44</score>
    <type>Special</type>
    <status>Finished Airing</status>
    <start_date>2001-03-03</start_date>
    <end_date>2001-03-03</end_date>
    <synopsis>Luffy and his crew are on Mirror Ball Island during a dance carnival. They are spotted by Marines just as Jango the hypnotist is running from them. Luffy and the others are caught up in the dance carnival as Jango, in his desperate attempt to escape, hypnotizes the entire island to dance the night away.&lt;br /&gt;
&lt;br /&gt;
(Source: ANN)</synopsis>
    <image>http://cdn.myanimelist.net/images/anime/4/4022.jpg</image>
  </entry>
  <entry>
    <id>2386</id>
    <title>One Piece: Dream Soccer King!</title>
    <english></english>
    <synonyms>One Piece: Yume no Soccer Ou!</synonyms>
    <episodes>1</episodes>
    <score>7.44</score>
    <type>Special</type>
    <status>Finished Airing</status>
    <start_date>2002-03-02</start_date>
    <end_date>2002-03-02</end_date>
    <synopsis>Luffy and his crew take on the Villain All-Stars in a game of soccer in order to become the Dream Soccer King. The game comes down to a pk tie-breaker shoot-out with Coby as goalie and Helmeppo refereeing.&lt;br /&gt;
&lt;br /&gt;
(Source: ANN) </synopsis>
    <image>http://cdn.myanimelist.net/images/anime/2/3935.jpg</image>
  </entry>
  <entry>
    <id>2490</id>
    <title>One Piece: Take Aim! The Pirate Baseball King</title>
    <english></english>
    <synonyms></synonyms>
    <episodes>1</episodes>
    <score>7.27</score>
    <type>Special</type>
    <status>Finished Airing</status>
    <start_date>2004-03-06</start_date>
    <end_date>2004-03-06</end_date>
    <synopsis>Luffy and crew takes on Arlong&amp;#039;s crew in baseball. Announced by Bon Clay and Buggy.&lt;br /&gt;
&lt;br /&gt;
(Source: ANN)</synopsis>
    <image>http://cdn.myanimelist.net/images/anime/9/3051.jpg</image>
  </entry>
  <entry>
    <id>2680</id>
    <title>One Piece: Straw Hat Theater</title>
    <english></english>
    <synonyms>One Piece Strawhat Theater; One Piece: Mugiwara Theater</synonyms>
    <episodes>5</episodes>
    <score>7.69</score>
    <type>Special</type>
    <status>Finished Airing</status>
    <start_date>2006-10-01</start_date>
    <end_date>2006-10-29</end_date>
    <synopsis>Straw Hat Theater is made up of five shorts that aired alongside One Piece episodes 279 through 283 in October 2006. They are based on Oda Eiichiro&amp;#039;s side comics that were drawn when he was given three sheets of blank paper by his editor and told to draw anything.&lt;br /&gt;
&lt;br /&gt;
The first short is about Chopper Man infiltrating the lair of the evil Dr. Usodabada. The second short is a news report on what food was like for the Straw Hats before Sanji joined the crew. The third short investigates the hypothetical situation of &amp;quot;if the Straw Hat Pirates were Obahan, who would be the strongest?&amp;quot; The fourth short is about the bosses of the Luffione, Zorocia, and Sanjino families fighting for control. In the fifth short, all of the Straw Hats are carefree monsters.</synopsis>
    <image>http://cdn.myanimelist.net/images/anime/10/3600.jpg</image>
  </entry>
  <entry>
    <id>3848</id>
    <title>One Piece: Episode of Chopper Plus - Fuyu ni Saku, Kiseki no Sakura</title>
    <english></english>
    <synonyms>One Piece Movie 9; One Piece: Episode of Chopper Plus - Bloom in the Winter; Miracle Sakura</synonyms>
    <episodes>1</episodes>
    <score>7.71</score>
    <type>Movie</type>
    <status>Finished Airing</status>
    <start_date>2008-03-01</start_date>
    <end_date>2008-03-01</end_date>
    <synopsis>The movie is a retelling of the Drum Island arc with new music and animation. Vivi has been removed from the plot while both Nico Robin and Franky, who joined the crew after the Drum Island arc, have been added. The movie also has the Straw Hat's new ship, the Thousand Sunny. It has been stated that Oda will be creating a new character for this movie, Wapol's older brother, Mushul, who also appears to be a Devil Fruit user. &lt;br /&gt;
&lt;br /&gt;
(Source: Wikipedia) </synopsis>
    <image>http://cdn.myanimelist.net/images/anime/12/25414.jpg</image>
  </entry>
  <entry>
    <id>4155</id>
    <title>One Piece: Strong World</title>
    <english></english>
    <synonyms>One Piece Movie 10</synonyms>
    <episodes>1</episodes>
    <score>8.56</score>
    <type>Movie</type>
    <status>Finished Airing</status>
    <start_date>2009-12-12</start_date>
    <end_date>2009-12-12</end_date>
    <synopsis>20 years after his escape from Impel Down, the legendary pirate Shiki &amp;quot;the Golden Lion&amp;quot; reappears causing massive upheaval to the Marines. During his long seclusion, he was able to come up with a scheme to bring the World Government to its knees. On his way to execute the plan, Shiki crosses paths with the Straw Hat Pirates and becomes so impressed with Nami's knowledge of meteorology that he abducts her to forcedly enlist her into his crew. Luffy and the gang end up on a strange land populated with monstrous beasts as they desperately search for Shiki and Nami.&lt;br /&gt;
&lt;br /&gt;
(Source: ANN)</synopsis>
    <image>http://cdn.myanimelist.net/images/anime/11/17607.jpg</image>
  </entry>
  <entry>
    <id>5252</id>
    <title>One Piece: Romance Dawn Story</title>
    <english>One Piece: Romance Dawn Story</english>
    <synonyms>One Piece Prototype</synonyms>
    <episodes>1</episodes>
    <score>7.63</score>
    <type>OVA</type>
    <status>Finished Airing</status>
    <start_date>2008-11-24</start_date>
    <end_date>2008-11-24</end_date>
    <synopsis>The Straw Hat Pirates, searching for the great passage &quot;Grand Line&quot;, are in trouble when their food runs out! Luffy, searching for food on his own, finds a ship belonging to the pirate, Gary, and takes it over!! He lands at a nearby town...&lt;br /&gt;
&lt;br /&gt;
Luffy was attacked by a young girl, Silk, who mistook him for a member of the other pirate gang. As the two eat a meal, they tell their stories. Meanwhile, Gary and his band are burning with anger at Luffy, demanding payment from the town's defenseless citizens...!!&lt;br /&gt;
&lt;br /&gt;
(Source: jumpland.com/animetour/op/index_en.html)</synopsis>
    <image>http://cdn.myanimelist.net/images/anime/6/11300.jpg</image>
  </entry>
  <entry>
    <id>8171</id>
    <title>One Piece Recap</title>
    <english>One Piece Recap</english>
    <synonyms>One Piece Recap OVA</synonyms>
    <episodes>1</episodes>
    <score>7.40</score>
    <type>OVA</type>
    <status>Finished Airing</status>
    <start_date>2010-03-17</start_date>
    <end_date>2010-03-17</end_date>
    <synopsis>A recap OVA summarizing the ten-year TV series up to the Impel Down arc.</synopsis>
    <image>http://cdn.myanimelist.net/images/anime/9/20706.jpg</image>
  </entry>
  <entry>
    <id>8740</id>
    <title>One Piece: Strong World Episode 0</title>
    <english></english>
    <synonyms></synonyms>
    <episodes>1</episodes>
    <score>8.22</score>
    <type>OVA</type>
    <status>Finished Airing</status>
    <start_date>2010-04-00</start_date>
    <end_date>2010-04-00</end_date>
    <synopsis>Set over 20 years prior to the main One Piece story, this limited release OVA chronicles the confrontation between Gold Lion Shiki and Gold Roger as well as other events around the world around the time of the Pirate King&amp;#039;s execution. </synopsis>
    <image>http://cdn.myanimelist.net/images/anime/2/24152.jpg</image>
  </entry>
  <entry>
    <id>9999</id>
    <title>One Piece 3D: Mugiwara Chase</title>
    <english></english>
    <synonyms>One Piece 3D: Strawhat Chase</synonyms>
    <episodes>1</episodes>
    <score>7.45</score>
    <type>Movie</type>
    <status>Finished Airing</status>
    <start_date>2011-03-19</start_date>
    <end_date>2011-03-19</end_date>
    <synopsis>According to Weekly Shonen Jump, 3D movies of One Piece and Toriko was announced to premiered on March 19th, 2011. One Piece 3D is an original story about missing straw hat of Luffy.</synopsis>
    <image>http://cdn.myanimelist.net/images/anime/4/32455.jpg</image>
  </entry>
  <entry>
    <id>10033</id>
    <title>Toriko</title>
    <english>Toriko</english>
    <synonyms>Toriko (2011); Toriko (TV); Toriko x One Piece Collabo Special</synonyms>
    <episodes>147</episodes>
    <score>7.82</score>
    <type>TV</type>
    <status>Finished Airing</status>
    <start_date>2011-04-03</start_date>
    <end_date>2014-03-30</end_date>
    <synopsis>In the world where the taste and texture of food are very important there is Toriko, a hunter of precious foods regularly hired by restaurants and the rich. A man with inhuman skills to capture the ferocious, evasive and rare animals to complete his ultimate dinner course and then the chef Komatsu, his current accomplice: a weak timid person who was inspired by Toriko's greatness and accompanies him on all his journeys on his quest for the course of his life.</synopsis>
    <image>http://cdn.myanimelist.net/images/anime/12/56329.jpg</image>
  </entry>
  <entry>
    <id>12001</id>
    <title>One Piece 3D: Gekisou! Trap Coaster</title>
    <english></english>
    <synonyms></synonyms>
    <episodes>1</episodes>
    <score>7.42</score>
    <type>Movie</type>
    <status>Finished Airing</status>
    <start_date>2011-12-01</start_date>
    <end_date>2011-12-01</end_date>
    <synopsis>Toei Animation released a new 3D anime short at events starting December 1, 2011. The short run about 12 minutes long and played at stereoscopic 3D theaters at Aichi Prefecture&amp;#039;s Lagunasia theme park, Nagasaki Prefecture&amp;#039;s Huis Ten Bosch theme park, Kanagawa Prefecture&amp;#039;s Yokohama Landmark Tower, and Hiroshima Prefecture&amp;#039;s NTT CRED Hall.&lt;br /&gt;
&lt;br /&gt;
(Source: ANN)&lt;br /&gt;
</synopsis>
    <image>http://cdn.myanimelist.net/images/anime/4/33839.jpg</image>
  </entry>
  <entry>
    <id>12859</id>
    <title>One Piece Film Z</title>
    <english></english>
    <synonyms>One Piece Film: Z</synonyms>
    <episodes>1</episodes>
    <score>8.52</score>
    <type>Movie</type>
    <status>Finished Airing</status>
    <start_date>2012-12-15</start_date>
    <end_date>2012-12-15</end_date>
    <synopsis>Zephyr, now known as Z, rides the seas with only one goal: Destroy all pirates and their dreams at becoming King of Pirates. When Luffy and his crew encounter him at sea, not only are they utterly defeated by the man with an arm made of Seastone, Nami, Robin, and Chopper are turned 10 years younger due to Z's minion Ain. Luffy is so determined to win against him that he does not even notice Z's master plan that could sacrifice thousands of lives.&lt;br /&gt;
&lt;br /&gt;
(Source: ANN)</synopsis>
    <image>http://cdn.myanimelist.net/images/anime/6/44297.jpg</image>
  </entry>
  <entry>
    <id>15323</id>
    <title>One Piece: Episode of Nami - Koukaishi no Namida to Nakama no Kizuna</title>
    <english></english>
    <synonyms>One Piece Special; Episode of Nami: Tears of a Navigator and the Bonds of Friends</synonyms>
    <episodes>1</episodes>
    <score>8.38</score>
    <type>Special</type>
    <status>Finished Airing</status>
    <start_date>2012-08-25</start_date>
    <end_date>2012-08-25</end_date>
    <synopsis>A retelling of the Arlong Park arc, with new animation.</synopsis>
    <image>http://cdn.myanimelist.net/images/anime/5/41415.jpg</image>
  </entry>
  <entry>
    <id>16143</id>
    <title>One Piece: Kinkyuu Kikaku One Piece Kanzen Kouryakuhou</title>
    <english>One Piece: Emergency Planning, A Perfect Strategy for the One Piece</english>
    <synonyms>One Piece Recap</synonyms>
    <episodes>1</episodes>
    <score>7.46</score>
    <type>Special</type>
    <status>Finished Airing</status>
    <start_date>1999-12-22</start_date>
    <end_date>1999-12-22</end_date>
    <synopsis>This is the first recapitulation episode, covering the first five episodes with only the difference being that the episode follows the manga storyline and begins with Luffy and Shanks at the bar. Also, in the ending, the current Straw Hats have a small conversation about their goals.&lt;br /&gt;
&lt;br /&gt;
(Source: One Piece Wikia)</synopsis>
    <image>http://cdn.myanimelist.net/images/anime/6/44259.jpg</image>
  </entry>
  <entry>
    <id>16239</id>
    <title>One Piece: Episode of Luffy - Hand Island no Bouken</title>
    <english></english>
    <synonyms>One Piece: Episode of Luffy - Hand Island Adventure</synonyms>
    <episodes>1</episodes>
    <score>7.96</score>
    <type>Special</type>
    <status>Finished Airing</status>
    <start_date>2012-12-15</start_date>
    <end_date>2012-12-15</end_date>
    <synopsis>The story of the Hand Island no Bouken special is set a little before the events of One Piece Film Z and depicts a major &quot;Hand Island&quot; incident during the New World storyline. The story is set at &quot;Cannon Town&quot; where a parent and a child work as craftspeople. The incident revolves around them and a commodore of a marine base. The special will also have a flashback scene to the story in the first chapter of the manga, but with new animation. &lt;br /&gt;
&lt;br /&gt;
(Source: ANN) </synopsis>
    <image>http://cdn.myanimelist.net/images/anime/8/52463.jpg</image>
  </entry>
  <entry>
    <id>16287</id>
    <title>One Piece: Romance Dawn</title>
    <english></english>
    <synonyms></synonyms>
    <episodes>1</episodes>
    <score>7.60</score>
    <type>OVA</type>
    <status>Finished Airing</status>
    <start_date>2012-12-20</start_date>
    <end_date>2012-12-20</end_date>
    <synopsis>Bundled with the PSP pirate romance role-playing game One Piece Romance Dawn: Bouken no Yoake (ワンピース ロマンスドーン 冒険の夜明け).&lt;br /&gt;
&lt;br /&gt;
Note: This game is not based on &quot;Romance Dawn,&quot; Oda Eiichirou's prototype manga for what would eventually become One Piece. Instead, the title reflects the fact that the game covers the &quot;Romance Dawn&quot; arc of the manga, at the &quot;dawn&quot; of pirate Luffy's adventures in the East Blue.&lt;br /&gt;
&lt;br /&gt;
(Source: ANN)</synopsis>
    <image>http://cdn.myanimelist.net/images/anime/4/43841.jpg</image>
  </entry>
  <entry>
    <id>16468</id>
    <title>One Piece Special: Glorious Island</title>
    <english></english>
    <synonyms>One Piece: Glorious Island</synonyms>
    <episodes>2</episodes>
    <score>7.37</score>
    <type>Special</type>
    <status>Finished Airing</status>
    <start_date>2012-12-23</start_date>
    <end_date>2012-12-30</end_date>
    <synopsis>An exclusive anime prologue to One Piece Film Z with an original story penned by manga creator Eiichiro Oda. &lt;br /&gt;
&lt;br /&gt;
(Source: ANN) </synopsis>
    <image>http://cdn.myanimelist.net/images/anime/3/44410.jpg</image>
  </entry>
  <entry>
    <id>19123</id>
    <title>One Piece: Episode of Merry - Mou Hitori no Nakama no Monogatari</title>
    <english></english>
    <synonyms>One Piece Special; One Piece: Episode of Merry - The Tale of One More Friend</synonyms>
    <episodes>1</episodes>
    <score>8.35</score>
    <type>Special</type>
    <status>Finished Airing</status>
    <start_date>2013-08-24</start_date>
    <end_date>2013-08-24</end_date>
    <synopsis>The story arcs aboard the Straw Hat Crew's first ship Going Merry (Merry Go in some adaptations) are recreated with brand-new animation, from Luffy and Usopp's fight and Robin's disappearance to the crew's final farewell to the ship. Going Merry is treated as another member of the Straw Hats as Luffy, Zoro, Nami, and the rest of the crew set sail for the legendary treasure, the One Piece.&lt;br /&gt;
&lt;br /&gt;
(Source: ANN)</synopsis>
    <image>http://cdn.myanimelist.net/images/anime/9/61015.jpg</image>
  </entry>
  <entry>
    <id>20871</id>
    <title>Nissan Serena x One Piece 3D: Mugiwara Chase - Sennyuu!! Sauzando Sanii-gou</title>
    <english></english>
    <synonyms>Serena x One Piece; One Piece 3D Mugiwara Chase: Infiltration! Thousand Sunny!; Brook Introduces The Thousand Sunny</synonyms>
    <episodes>1</episodes>
    <score>7.20</score>
    <type>Special</type>
    <status>Finished Airing</status>
    <start_date>2011-03-05</start_date>
    <end_date>2011-03-05</end_date>
    <synopsis>Brook introduces the Thousand Sunny's while Luffy searches for his straw hat.&lt;br /&gt;
&lt;br /&gt;
This was a special included in a limited edition DVD that was released in Nissan stores across Japan. The DVD also included the making of One Piece 3D: Straw Hat Chase.</synopsis>
    <image>http://cdn.myanimelist.net/images/anime/2/55695.jpg</image>
  </entry>
  <entry>
    <id>22661</id>
    <title>One Piece: Cry Heart</title>
    <english></english>
    <synonyms>One Piece: Banpresto's &quot;Cry Heart&quot; Short; Fuyujima ni Furu Sakura; Children's Dream</synonyms>
    <episodes>2</episodes>
    <score>6.94</score>
    <type>Special</type>
    <status>Finished Airing</status>
    <start_date>2014-01-19</start_date>
    <end_date>2014-05-18</end_date>
    <synopsis>Episode 1: Fuyujima ni Furu Sakura&lt;br /&gt;
&lt;br /&gt;
Diligent animators took Banpresto's &amp;quot;One Piece Cry heart ~Fuyujima ni Furu Sakura~&amp;quot; (One Piece Cry heart ~The Cherry Blossoms That Fall on Winter Island~) line of crane game prize figures and created a five-minute stop-motion short. The short recreates the famous &amp;quot;Hiluluk's Cherry Blossoms&amp;quot; scene from Eiichiro Oda's manga and anime One Piece.&lt;br /&gt;
&lt;br /&gt;
&lt;br /&gt;
Episode 2: Fuyujima ni Furu Sakura&lt;br /&gt;
&lt;br /&gt;
A stop-motion animated video for Banpresto's &amp;quot;One Piece Cry heart ~children's dream~&amp;quot; line of crane game prize figures. The short recreates the famous &amp;quot;Oath of Brothers&amp;quot; scene from Eiichiro Oda's manga and anime.&lt;br /&gt;
&lt;br /&gt;
(Source: ANN)</synopsis>
    <image>http://cdn.myanimelist.net/images/anime/13/60173.jpg</image>
  </entry>
  <entry>
    <id>25161</id>
    <title>One Piece 3D2Y: Ace no shi wo Koete! Luffy Nakama Tono Chikai</title>
    <english></english>
    <synonyms>One Piece Special 15th Anniversary</synonyms>
    <episodes>1</episodes>
    <score>8.20</score>
    <type>Special</type>
    <status>Finished Airing</status>
    <start_date>2014-08-30</start_date>
    <end_date>2014-08-30</end_date>
    <synopsis>The special takes place during the two year before the Straw Hats reunite on Sabaody. Luffy is currently in Rusukaina training to get stronger to take on the New World. However the training is interrupted when Hancock's sisters, Marigold and Sandersonia, are kidnapped by the Byrnndi World, a pirate who was locked away on Level 6 of Impel Down but escaped during Luffy's invasion to save Ace, in order to lure Hancock to him and use her as a hostage against the World Government due to her Shichibukai status. Thus Luffy and Hancock head off to confront him and save Hancock's sisters.&lt;br /&gt;
&lt;br /&gt;
(Source: One Piece Wiki)</synopsis>
    <image>http://cdn.myanimelist.net/images/anime/3/64755.jpg</image>
  </entry>
  <entry>
    <id>28683</id>
    <title>One Piece: Episode of Alabaster - Prologue</title>
    <english></english>
    <synonyms></synonyms>
    <episodes>1</episodes>
    <score>6.99</score>
    <type>OVA</type>
    <status>Finished Airing</status>
    <start_date>2007-03-03</start_date>
    <end_date>2007-03-03</end_date>
    <synopsis>Prologue to the movie, showing the Whiskey Peak arc. Released as an OVA.&lt;br /&gt;
&lt;br /&gt;
(Source: AniDB)</synopsis>
    <image>http://cdn.myanimelist.net/images/anime/12/69239.jpg</image>
  </entry>
  <entry>
    <id>29009</id>
    <title>One Piece: Episode of Chopper Plus - Fuyu ni Saku, Kiseki no Sakura (2014)</title>
    <english>One Piece: Episode of Chopper Plus - Bloom in the Winter</english>
    <synonyms>One Piece Movie 9 (2014), One Piece: Episode of Chopper Plus - Bloom in the Winter (2014), Miracle Sakura (2014)</synonyms>
    <episodes>1</episodes>
    <score>0.00</score>
    <type>Movie</type>
    <status>Finished Airing</status>
    <start_date>2014-12-31</start_date>
    <end_date>2014-12-31</end_date>
    <synopsis>The new edition of the 2008 movie :&lt;br /&gt;
&lt;br /&gt;
The movie is a retelling of the Drum Island arc with new music and animation. Vivi has been removed from the plot while both Nico Robin and Franky, who joined the crew after the Drum Island arc, have been added. The movie also has the Straw Hat's new ship, the Thousand Sunny. It has been stated that Oda will be creating a new character for this movie, Wapol's older brother, Mushul, who also appears to be a Devil Fruit user. &lt;br /&gt;
&lt;br /&gt;
(Source: Wikipedia)</synopsis>
    <image>http://cdn.myanimelist.net/images/anime/9/69889.jpg</image>
  </entry>
</anime>
