<?xml version="1.0" encoding="utf-8"?>
<anime>
  <entry>
    <id>27687</id>
    <title>Oshiri Kajiri Mushi 3</title>
    <english>Bottom Biting Bug 3</english>
    <synonyms>Oshiri Kajiri Mushi (TV) 3</synonyms>
    <episodes>10</episodes>
    <score>5.81</score>
    <type>TV</type>
    <status>Finished Airing</status>
    <start_date>2014-10-06</start_date>
    <end_date>2014-12-08</end_date>
    <synopsis>A gag comedy about Oshiri Kajiri Mushi XVIII, a 10-year-old insect who goes to Biting School to inherit his family's Biting Shop business. &lt;br /&gt;
&lt;br /&gt;
(Source: ANN)</synopsis>
    <image>http://cdn.myanimelist.net/images/anime/8/67051.jpg</image>
  </entry>
</anime>
