<?xml version="1.0" encoding="utf-8"?>
<anime>
  <entry>
    <id>12393</id>
    <title>Oyako Club</title>
    <english></english>
    <synonyms></synonyms>
    <episodes>1818</episodes>
    <score>0.00</score>
    <type>TV</type>
    <status>Finished Airing</status>
    <start_date>1994-10-03</start_date>
    <end_date>2013-03-30</end_date>
    <synopsis>This anime was running almost 20 years and has over 1800 episodes.</synopsis>
    <image>http://cdn.myanimelist.net/images/anime/8/34817.jpg</image>
  </entry>
</anime>
