<?xml version="1.0" encoding="utf-8"?>
<anime>
  <entry>
    <id>28595</id>
    <title>Pac-World</title>
    <english></english>
    <synonyms>PAC-MAN and the Ghostly Adventures</synonyms>
    <episodes>0</episodes>
    <score>0.00</score>
    <type>TV</type>
    <status>Currently Airing</status>
    <start_date>2014-04-05</start_date>
    <end_date>0000-00-00</end_date>
    <synopsis>We follow the daily events of Pac as he saves Pac-World. Together with his friends Cyli and Spiral, Pac and his buds face the issues of being teenagers while also protecting Pac-World from a ghostly army led by the evil Betrayus. Pac-Worlders do not want Betrayus and his ghostly minions returning from the Netherworld and wreaking havoc. So, President Spheros teaches Pac and his pals the legend prophesizing a round yellow Pac-Worlder rescuing the planet. Pac, the only round yellow citizen, is the man for the job. Each adventure follows Pac and his friends as they try to return the ghosts to Netherworld, saving Pac-World.&lt;br /&gt;
&lt;br /&gt;
(Source: AniDB)</synopsis>
    <image>http://cdn.myanimelist.net/images/anime/2/69057.jpg</image>
  </entry>
</anime>
