<?xml version="1.0" encoding="utf-8"?>
<anime>
  <entry>
    <id>19291</id>
    <title>Pokemon XY</title>
    <english></english>
    <synonyms>Pocket Monsters XY; Pok&eacute;mon XY</synonyms>
    <episodes>0</episodes>
    <score>7.49</score>
    <type>TV</type>
    <status>Currently Airing</status>
    <start_date>2013-10-17</start_date>
    <end_date>0000-00-00</end_date>
    <synopsis>Satoshi and Pikachu will travel to Miare City at the center of the Kalos region.&lt;br /&gt;
There, they will encounter never-before-seen Pok&amp;eacute;mon and make new friends.&lt;br /&gt;
Thus begins a new adventure as Satoshi takes on the Kalos League.</synopsis>
    <image>http://cdn.myanimelist.net/images/anime/12/54549.jpg</image>
  </entry>
  <entry>
    <id>21569</id>
    <title>Pokemon XY: Hakai no Mayu to Diancie</title>
    <english>Pokemon the Movie: Diancie and the Cocoon of Destruction</english>
    <synonyms>Pokemon XY: Cocoon of Destruction and Diancie; Pocket Monsters XY: Hakai no Mayu to Diancie; Pokemon Movie 17</synonyms>
    <episodes>1</episodes>
    <score>6.90</score>
    <type>Movie</type>
    <status>Finished Airing</status>
    <start_date>2014-07-19</start_date>
    <end_date>2014-07-19</end_date>
    <synopsis>The story is set in Diamond Ore Country, of which Diancie is the princess.This is a country located deep underground, where the Pok&amp;eacute;mon Carbink live together in peace. The energy source of this country is a giant diamond called the Sacred Diamond, which can only be created by princess Diancie. However, the current princess doesn't yet possess the power to create such a diamond, and the current Sacred Diamond's power is soon going to run out, which would result in the end of the country. Diancie meets up with Ash and Pikachu, and set off together with them to search for the legendary Pokemon Xerneas, which possesses sacred power, but on the way, they find the cocoon where the Destruction Pok&amp;eacute;mon, Yveltal, who was said to have once destroyed life in Kalos, lies in wait.&lt;br /&gt;
&lt;br /&gt;
(Source: serebii.net)</synopsis>
    <image>http://cdn.myanimelist.net/images/anime/13/59743.jpg</image>
  </entry>
  <entry>
    <id>21695</id>
    <title>Pokemon XY SP: Road to Kalos</title>
    <english></english>
    <synonyms></synonyms>
    <episodes>1</episodes>
    <score>6.59</score>
    <type>Special</type>
    <status>Finished Airing</status>
    <start_date>2013-10-10</start_date>
    <end_date>2013-10-10</end_date>
    <synopsis>Prequel special to the Pokemon XY series.</synopsis>
    <image>http://cdn.myanimelist.net/images/anime/6/57125.jpg</image>
  </entry>
  <entry>
    <id>21703</id>
    <title>Pokemon XY: New Year Special</title>
    <english></english>
    <synonyms></synonyms>
    <episodes>1</episodes>
    <score>6.50</score>
    <type>Special</type>
    <status>Finished Airing</status>
    <start_date>2013-12-31</start_date>
    <end_date>2013-12-31</end_date>
    <synopsis></synopsis>
    <image>http://cdn.myanimelist.net/images/anime/13/57141.jpg</image>
  </entry>
  <entry>
    <id>23301</id>
    <title>Pokemon XY: Mega Evolution</title>
    <english></english>
    <synonyms>Pokemon XY: Saikyou Mega Shinka; Pokemon XY Special Episode: The Strongest Mega Evolution - Act I; Pokemon XY Special Episode: The Strongest Mega Evolution - Act II; Pokemon Monsters XY Tokubetsu-hen</synonyms>
    <episodes>0</episodes>
    <score>7.72</score>
    <type>Special</type>
    <status>Currently Airing</status>
    <start_date>2014-04-03</start_date>
    <end_date>0000-00-00</end_date>
    <synopsis>Mega Evolution - a new form of evolution that has spread through the Kalos region. However, is Mega Evolution something all Pokemon are capable of? This story is centered around a young Trainer named Alan and his partner Lizardon. &amp;quot;To master Mega Evolution, to defeat all mega evolved Pokemon and stand on top as the strongest&amp;quot;: That is the goal of Alan's journey.&lt;br /&gt;
&lt;br /&gt;
(Source: AniDB)</synopsis>
    <image>http://cdn.myanimelist.net/images/anime/12/60225.jpg</image>
  </entry>
  <entry>
    <id>23849</id>
    <title>Pokemon XY: Sora no Hahen</title>
    <english></english>
    <synonyms>Pocket Monsters XY: Sora no Hahen; Pok&eacute;mon XY: Fragments of the Heavens</synonyms>
    <episodes>1</episodes>
    <score>6.85</score>
    <type>Movie</type>
    <status>Finished Airing</status>
    <start_date>2014-07-19</start_date>
    <end_date>2014-07-19</end_date>
    <synopsis>Pocket Monsters XY: Sora no Hahen, a brand-new anime tied to the ongoing Pok&eacute;mon XY television anime, will run in two Tokyo planetariums this summer. Like previous Pok&eacute;mon planetarium anime, this new one will be projected onto 360-degree panoramic domes.&lt;br /&gt;
&lt;br /&gt;
The story follow Satoshi and his friends when they visit the Pok&eacute;mon Aerospace eXploration Agency (a nod to the real-life Japan Aerospace Exploration Agency).&lt;br /&gt;
&lt;br /&gt;
They are thrilled by stories from PAXA's astronauts about the wonders of space and the possibility of Pok&eacute;mon living in space. Then, just as they hear about the dangers posed by space debris, sirens suddenly ring out.&lt;br /&gt;
Team Rocket have plotted to seize control of PAXA and have apparently infiltrated the facility.&lt;br /&gt;
&lt;br /&gt;
At that critical moment, trouble develops in a control system for artificial satellites. Large pieces of space debris have collided, causing fears of even more debris. &lt;br /&gt;
&lt;br /&gt;
(Source: ANN)</synopsis>
    <image>http://cdn.myanimelist.net/images/anime/4/61685.jpg</image>
  </entry>
  <entry>
    <id>25365</id>
    <title>Pokemon XY: Koukoku no Princess Diancie</title>
    <english></english>
    <synonyms>Diancie, Princess of the Ore Country</synonyms>
    <episodes>1</episodes>
    <score>6.35</score>
    <type>ONA</type>
    <status>Finished Airing</status>
    <start_date>2014-07-17</start_date>
    <end_date>2014-07-17</end_date>
    <synopsis>Prequel to the 17th Pok&amp;eacute;mon movie, [i]Pokemon XY: Cocoon of Destruction and Diancie[/i].</synopsis>
    <image>http://cdn.myanimelist.net/images/anime/4/64727.jpg</image>
  </entry>
</anime>
