<?xml version="1.0" encoding="utf-8"?>
<anime>
  <entry>
    <id>23281</id>
    <title>Psycho-Pass 2</title>
    <english></english>
    <synonyms>Psychopath 2nd Season; Psycho-Pass 2nd Season; Psycho-Pass Second Season</synonyms>
    <episodes>11</episodes>
    <score>7.81</score>
    <type>TV</type>
    <status>Finished Airing</status>
    <start_date>2014-10-10</start_date>
    <end_date>2014-12-19</end_date>
    <synopsis>Sequel to the Psycho-Pass series, taking place one-and-a-half years later.&lt;br /&gt;
&lt;br /&gt;
Having learned the true nature of the Sibyl System, Akane Tsunemori chose to obey the system, believing in both humanity and the legal order. She's part of a new police section and spends her everyday life facing down criminals. Unbeknownst to Akane, however, a monster who will shake the system to its core is about to appear before her.&lt;br /&gt;
&lt;br /&gt;
(Source: ANN)</synopsis>
    <image>http://cdn.myanimelist.net/images/anime/13/67509.jpg</image>
  </entry>
</anime>
