<?xml version="1.0" encoding="utf-8"?>
<anime>
  <entry>
    <id>24037</id>
    <title>Selector Spread WIXOSS</title>
    <english></english>
    <synonyms></synonyms>
    <episodes>12</episodes>
    <score>7.53</score>
    <type>TV</type>
    <status>Finished Airing</status>
    <start_date>2014-10-04</start_date>
    <end_date>2014-12-20</end_date>
    <synopsis>Get ready for the thrilling second season of the WIXOSS series! Immerse yourself in a game where special cards called LRIGs&amp;mdash;cards that possess personalities and wills of their own&amp;mdash;can change your life forever. Teenager Ruko holds one of these rare cards, and if she wins, her wish will be granted. But what happens if she loses?&lt;br /&gt;
&lt;br /&gt;
(Source: FUNimation)</synopsis>
    <image>http://cdn.myanimelist.net/images/anime/5/67199.jpg</image>
  </entry>
</anime>
