<?xml version="1.0" encoding="utf-8"?>
<anime>
  <entry>
    <id>23273</id>
    <title>Shigatsu wa Kimi no Uso</title>
    <english>Your Lie in April</english>
    <synonyms></synonyms>
    <episodes>22</episodes>
    <score>8.55</score>
    <type>TV</type>
    <status>Currently Airing</status>
    <start_date>2014-10-10</start_date>
    <end_date>0000-00-00</end_date>
    <synopsis>Piano prodigy Arima Kosei dominated the competition and all child musicians knew his name. But after his mother, who was also his instructor, passed away, he had a mental breakdown while performing at a recital that resulted in him no longer being able to hear the sound of his piano even though his hearing was perfectly fine. Even two years later, Kosei hasn't touched the piano and views the world in monotone, and without any flair or color. He was content at living out his life with his good friends Tsubaki and Watari until, one day, a girl changed everything. Miyazono Kaori is a pretty, free spirited violinist whose playing style reflects her personality. Kaori helps Kosei return to the music world and show that it should be free and mold breaking unlike the structured and rigid style Kosei was used to.&lt;br /&gt;
&lt;br /&gt;
(Source: MangaHelpers)</synopsis>
    <image>http://cdn.myanimelist.net/images/anime/3/67177.jpg</image>
  </entry>
  <entry>
    <id>28069</id>
    <title>Shigatsu wa Kimi no Uso OVA</title>
    <english></english>
    <synonyms></synonyms>
    <episodes>1</episodes>
    <score>0.00</score>
    <type>OVA</type>
    <status>Not yet aired</status>
    <start_date>2015-05-15</start_date>
    <end_date>2015-05-15</end_date>
    <synopsis>OVA bundled with the 11th [i]Shigatsu wa Kimi no Uso[/i] manga volume.</synopsis>
    <image>http://cdn.myanimelist.net/images/anime/2/67943.jpg</image>
  </entry>
</anime>
