<?xml version="1.0" encoding="utf-8"?>
<anime>
  <entry>
    <id>23325</id>
    <title>Shirogane no Ishi: Argevollen</title>
    <english>Argevollen</english>
    <synonyms>Hakugin no Ishi: Argevollen; Silver Will Argevollen</synonyms>
    <episodes>24</episodes>
    <score>6.59</score>
    <type>TV</type>
    <status>Finished Airing</status>
    <start_date>2014-07-03</start_date>
    <end_date>2014-12-18</end_date>
    <synopsis>The Kingdom of Arandas Alliance and the Countries Unification of Ingelmia have been at war for many years. The situation has been at a stalemate across the fortress of the Great Wall, which has never been penetrated since the foundation of Arandas. The gate to the fortress has remained firmly closed, but when it creaks open, the complexity of war starts to change dramatically.&lt;br /&gt;
&lt;br /&gt;
(Source: Crunchyroll)</synopsis>
    <image>http://cdn.myanimelist.net/images/anime/12/64453.jpg</image>
  </entry>
</anime>
