<?xml version="1.0" encoding="utf-8"?>
<anime>
  <entry>
    <id>25835</id>
    <title>Shirobako</title>
    <english></english>
    <synonyms></synonyms>
    <episodes>24</episodes>
    <score>7.37</score>
    <type>TV</type>
    <status>Currently Airing</status>
    <start_date>2014-10-09</start_date>
    <end_date>0000-00-00</end_date>
    <synopsis>Aoi will never forget how she felt the day her high school animation club's labor of love was shown at the cultural festival. The sense of awe and the feeling of accomplishment that came with completing their very first project are exactly what encouraged Aoi and her club mates to enter the animation industry in the first place. But two years later Aoi has graduated, and now that she works as a production assistant for a big-name animation studio, the daunting reality of her job has somewhat diminished her enthusiasm. Despite the long hours and the punishing schedule, Aoi still hopes to fulfill the promise she and her club friends Ema, Shizuka, Misa, and Midori made: to one day reunite and make a real animated feature of their own as professionals!&lt;br /&gt;
&lt;br /&gt;
(Source: Sentai Filmworks)</synopsis>
    <image>http://cdn.myanimelist.net/images/anime/6/68021.jpg</image>
  </entry>
  <entry>
    <id>28105</id>
    <title>Shirobako Specials</title>
    <english></english>
    <synonyms></synonyms>
    <episodes>2</episodes>
    <score>0.00</score>
    <type>Special</type>
    <status>Not yet aired</status>
    <start_date>2015-02-25</start_date>
    <end_date>2015-06-25</end_date>
    <synopsis>Specials included with third and seventh volumes of the Blu-ray and DVD releases.</synopsis>
    <image>http://cdn.myanimelist.net/images/anime/8/68019.jpg</image>
  </entry>
</anime>
