<?xml version="1.0" encoding="utf-8"?>
<anime>
  <entry>
    <id>24893</id>
    <title>Sidonia no Kishi: Daikyuu Wakusei Seneki</title>
    <english>Knights of Sidonia: Battle for Planet Nine</english>
    <synonyms>Knights of Sidonia: War of the Ninth Planet; Sidonia no Kishi: Dai-kyuu Wakusei Seneki</synonyms>
    <episodes>0</episodes>
    <score>0.00</score>
    <type>TV</type>
    <status>Currently Airing</status>
    <start_date>2014-11-23</start_date>
    <end_date>0000-00-00</end_date>
    <synopsis>Second season of [i]Sidonia no Kishi[/i] series.&lt;br /&gt;
&lt;br /&gt;
[size=90][b]Note: The first two episodes will be streamed at a Sidonia no Kishi event on November 23, 2014. The TV broadcast will start Spring 2015.[/b][/size] </synopsis>
    <image>http://cdn.myanimelist.net/images/anime/12/68913.jpg</image>
  </entry>
</anime>
