<?xml version="1.0" encoding="utf-8"?>
<anime>
  <entry>
    <id>23209</id>
    <title>Sora no Method</title>
    <english>Celestial Method</english>
    <synonyms></synonyms>
    <episodes>13</episodes>
    <score>6.80</score>
    <type>TV</type>
    <status>Finished Airing</status>
    <start_date>2014-10-05</start_date>
    <end_date>2014-12-28</end_date>
    <synopsis>It's been seven years since an unusual saucer mysteriously appeared in the sky above Kiriya Lake. With no one knowing what this strange object was or where it came from, concern and panic spread amongst the people. But as time went on this occurrence went from oddity to tourist attraction. Before long, the world lost interest entirely, and the saucer remained nearly forgotten in the sky. Now, former resident Nonoka Komiya returns to the small town after seven years in Tokyo. With only vague memories of her time in the town, the appearance of a spritely girl named Noel causes Nonoka to slowly remember wishes she and four of her friends made in an old observatory.&lt;br /&gt;
&lt;br /&gt;
(Source: Sentai Filmworks)</synopsis>
    <image>http://cdn.myanimelist.net/images/anime/10/67583.jpg</image>
  </entry>
</anime>
