<?xml version="1.0" encoding="utf-8"?>
<anime>
  <entry>
    <id>19445</id>
    <title>Tetsujin 28-gou Gao!</title>
    <english></english>
    <synonyms></synonyms>
    <episodes>0</episodes>
    <score>0.00</score>
    <type>TV</type>
    <status>Currently Airing</status>
    <start_date>2013-04-06</start_date>
    <end_date>0000-00-00</end_date>
    <synopsis> This series of anime shorts, roughly five minutes in length, will focus on protagonist Shoutarou Kaneda's everyday life instead of focusing on battle scenes as previous Tetsujin 28 titles have done. The visuals of the title robot, its nemesis Black Ox, and other elements will have a pop-art style.&lt;br /&gt;
&lt;br /&gt;
(Source: ANN)</synopsis>
    <image>http://cdn.myanimelist.net/images/anime/8/52129.jpg</image>
  </entry>
</anime>
