<?xml version="1.0" encoding="utf-8"?>
<anime>
  <entry>
    <id>8189</id>
    <title>The World of Golden Eggs</title>
    <english></english>
    <synonyms></synonyms>
    <episodes>0</episodes>
    <score>0.00</score>
    <type>TV</type>
    <status>Currently Airing</status>
    <start_date>2005-00-00</start_date>
    <end_date>0000-00-00</end_date>
    <synopsis>The citizens of Turkey&amp;#039;s Hill model a bizzare American-esque town and engage in non-sequitur behavior.&lt;br /&gt;
&lt;br /&gt;
(Source: ANN)</synopsis>
    <image>http://cdn.myanimelist.net/images/anime/12/20808.jpg</image>
  </entry>
</anime>
