<?xml version="1.0" encoding="utf-8"?>
<anime>
  <entry>
    <id>26453</id>
    <title>Tribe Cool Crew</title>
    <english></english>
    <synonyms></synonyms>
    <episodes>0</episodes>
    <score>5.98</score>
    <type>TV</type>
    <status>Currently Airing</status>
    <start_date>2014-09-28</start_date>
    <end_date>0000-00-00</end_date>
    <synopsis>The protagonist Haneru is a middle school student who loves dancing. He can't sit still, as he even feels the rhythm of the sound of chalk in class. One day after school, Haneru Hiryuu meets Kanon who is practicing dancing at a secret training facility. The two know the joy of dancing together with others for the first time and the happiness of seeing their own dance moves. Japan's first full-fledged dance anime, depicting coming-of-age through meeting friends and dance battles with rivals, debuts!&lt;br /&gt;
&lt;br /&gt;
(Source: Official website)</synopsis>
    <image>http://cdn.myanimelist.net/images/anime/4/67523.jpg</image>
  </entry>
</anime>
