<?xml version="1.0" encoding="utf-8"?>
<anime>
  <entry>
    <id>24405</id>
    <title>World Trigger</title>
    <english></english>
    <synonyms></synonyms>
    <episodes>50</episodes>
    <score>6.70</score>
    <type>TV</type>
    <status>Currently Airing</status>
    <start_date>2014-10-05</start_date>
    <end_date>0000-00-00</end_date>
    <synopsis>A gate to another dimension has burst open, and from it emerge gigantic invincible creatures that threaten all of humanity. Earth's only defense is a mysterious group of warriors who have co-opted the alien technology in order to fight back!&lt;br /&gt;
&lt;br /&gt;
(Source: VIZ Media)</synopsis>
    <image>http://cdn.myanimelist.net/images/anime/7/66705.jpg</image>
  </entry>
</anime>
