<?xml version="1.0" encoding="utf-8"?>
<anime>
  <entry>
    <id>21435</id>
    <title>Yama no Susume 2nd Season</title>
    <english></english>
    <synonyms>Yama no Susume 2nd Season; Encouragement of Climb 2nd Season</synonyms>
    <episodes>24</episodes>
    <score>7.46</score>
    <type>TV</type>
    <status>Finished Airing</status>
    <start_date>2014-07-09</start_date>
    <end_date>2014-12-24</end_date>
    <synopsis>Second season of Yama no Susume.</synopsis>
    <image>http://cdn.myanimelist.net/images/anime/10/56595.jpg</image>
  </entry>
  <entry>
    <id>27887</id>
    <title>Yama no Susume 2nd Season Special</title>
    <english></english>
    <synonyms>Susume 2nd Season episode 6.5; Encouragement of Climb 2nd Season; Yama no Susume Second Season Special</synonyms>
    <episodes>2</episodes>
    <score>6.90</score>
    <type>Special</type>
    <status>Currently Airing</status>
    <start_date>2014-10-24</start_date>
    <end_date>2015-03-27</end_date>
    <synopsis>Unaired episodes included in the BD/DVD releases of Volume 2 and Volume 7.</synopsis>
    <image>http://cdn.myanimelist.net/images/anime/4/67577.jpg</image>
  </entry>
</anime>
