<?xml version="1.0" encoding="utf-8"?>
<anime>
  <entry>
    <id>21639</id>
    <title>Yu-Gi-Oh! Arc-V</title>
    <english></english>
    <synonyms>Yugioh; Yuu Gi Ou! Arc-V; Yu-Gi-Oh! Arc Five</synonyms>
    <episodes>0</episodes>
    <score>7.04</score>
    <type>TV</type>
    <status>Currently Airing</status>
    <start_date>2014-04-06</start_date>
    <end_date>0000-00-00</end_date>
    <synopsis>Yu-Gi-Oh! ARC-V centers around Yuya Sakaki, as he tries to escape from harsh reality by smiling. But one Duel leads him to make a determination to confront the difficulties and he will get the power of infinite possibilities. The show's main theme is &amp;quot;Take a step forward with courage!!&amp;quot;&lt;br /&gt;
&lt;br /&gt;
Yuya is a student at a preparatory school, learning to become an &amp;quot;entertainment Duelist,&amp;quot; a type of professional Duelist.&lt;br /&gt;
&lt;br /&gt;
The story is set in Miami City on the coast of Japan. Leo Corporation is run by its president Reiji Akaba. Thanks to the spread of the company's &amp;quot;Solid Vision with mass,&amp;quot; &amp;quot;Action Duels&amp;quot; are born in Miami City and has reached worldwide popularity. Children look up to star-level Pro Duelists, and they learn Summoning and Duel styles at various large and small cram schools, including the You Show Duel School that Yuya attends and the largest of such schools, Leo Duel School (LDS).&lt;br /&gt;
&lt;br /&gt;
(Source: Yu-Gi-Oh! Wikia, paraphrased from the V-Jump synopsis)</synopsis>
    <image>http://cdn.myanimelist.net/images/anime/10/62939.jpg</image>
  </entry>
</anime>
