<?xml version="1.0" encoding="utf-8"?>
<anime>
  <entry>
    <id>25519</id>
    <title>Yuuki Yuuna wa Yuusha de Aru</title>
    <english>Yuki Yuna is a Hero</english>
    <synonyms>Yuki Yuna wa Yusha de Aru; Yuuki Yuuna is a Hero</synonyms>
    <episodes>12</episodes>
    <score>7.56</score>
    <type>TV</type>
    <status>Finished Airing</status>
    <start_date>2014-10-17</start_date>
    <end_date>2014-12-26</end_date>
    <synopsis>The story takes place in the era of the gods, year 300. Yuuna Yuuki lives an ordinary life as a second year middle school student, but she's also a member of the &amp;quot;Hero Club,&amp;quot; where club activities involve dealing with a mysterious being called &amp;quot;Vertex.&amp;quot;&lt;br /&gt;
&lt;br /&gt;
(Source: ANN)</synopsis>
    <image>http://cdn.myanimelist.net/images/anime/13/67359.jpg</image>
  </entry>
</anime>
