<?xml version="1.0"?>
<!-- DO NOT EDIT THIS FILE! -->
<HydraIRCColorSchemeCollection name="Collection 1" author="cREX">
  <colorscheme name="Quake2" author="cREX" version="1" date="24/June/2003">
    <item name="Color_white" color="#dbdbdb"/>
    <item name="Color_black" color="#000000"/>
    <item name="Color_darkblue" color="#17536f"/>
    <item name="Color_darkgreen" color="#5f7b33"/>
    <item name="Color_red" color="#ff0000"/>
    <item name="Color_brown" color="#6f3b17"/>
    <item name="Color_purple" color="#8b5757"/>
    <item name="Color_orange" color="#ffab07"/>
    <item name="Color_yellow" color="#ffeb1f"/>
    <item name="Color_green" color="#5fa72f"/>
    <item name="Color_darkcyan" color="#47778b"/>
    <item name="Color_cyan" color="#87a7b7"/>
    <item name="Color_blue" color="#777bcf"/>
    <item name="Color_pink" color="#d7bbb7"/>
    <item name="Color_gray" color="#ababab"/>
    <item name="Color_lightgray" color="#dbdbdb"/>
    <item name="Item_background" color="#879763"/>
    <item name="Item_normal" color="#232f07"/>
    <item name="Item_notice" color="#a73b2b"/>
    <item name="Item_topic" color="#5f6f3b"/>
    <item name="Item_join" color="#5f6f3b"/>
    <item name="Item_kick" color="#ff0000"/>
    <item name="Item_mode" color="#5f6f3b"/>
    <item name="Item_nick" color="#5f6f3b"/>
    <item name="Item_part" color="#5f6f3b"/>
    <item name="Item_action" color="#cbd7df"/>
    <item name="Item_ctcp" color="#c000c0"/>
    <item name="Item_quit" color="#5f6f3b"/>
    <item name="Item_connecting" color="#0b3f53"/>
    <item name="Item_querytext" color="#634b23"/>
    <item name="Item_info" color="#0b3f53"/>
    <item name="Item_warning" color="#ff0000"/>
    <item name="Item_error" color="#ff0000"/>
    <item name="Item_timestamp" color="#ebd3c7"/>
    <item name="Item_userlistbackground" color="#879763"/>
    <item name="Item_userlistnormaltext" color="#3f4f1b"/>
    <item name="Item_textinputbackground" color="#879763"/>
    <item name="Item_textinputnormaltext" color="#232f07"/>
    <item name="Item_globaluserlistbackground" color="#9BAB7B"/>
    <item name="Item_globaluserlistnormaltext" color="#0B0F00"/>
    <item name="Item_serverlistbackground" color="#879763"/>
    <item name="Item_serverlistnormaltext" color="#3f4f1b"/>
    <item name="Item_serverlistdisconnected" color="#ff0000"/>
    <item name="Item_serverlistconnecting" color="#e36b00"/>
    <item name="Item_serverlistconnected" color="#232f07"/>
    <item name="Item_serverlistserverdirtytext" color="#ffbf0f"/>
    <item name="Item_serverlistserverdirtybackground" color="#879763"/>
    <item name="Item_serverlistdccchatdirtytext" color="#ffbf0f"/>
    <item name="Item_serverlistdccchatdirtybackground" color="#879763"/>
    <item name="Item_serverlistchanneldirtytext" color="#ffbf0f"/>
    <item name="Item_serverlistchanneldirtybackground" color="#879763"/>
    <item name="Item_serverlistquerydirtytext" color="#ffbf0f"/>
    <item name="Item_serverlistquerydirtybackground" color="#879763"/>
    <item name="Item_transferlisterrortext" color="#ff0000"/>
    <item name="Item_transferlistcompletetext" color="#634b23"/>
    <item name="Item_transferlistnormaltext" color="#000000"/>
  </colorscheme>
</HydraIRCColorSchemeCollection>
