<?xml version="1.0"?>
<!-- DO NOT EDIT THIS FILE! - FUTURE VERSION OF HYDRAIRC WILL OVERWRITE IT - TAKE A COPY!! -->
<HydraIRCColorSchemeCollection name="Collection 1" author="DarkHound">
  <colorscheme name="l33t h4x0r" author="DarkHound" version="1.0" date="11/Dec/2003">
    <item name="Color_white" color="#ffffff"/>
    <item name="Color_black" color="#000000"/>
    <item name="Color_darkblue" color="#00007f"/>
    <item name="Color_darkgreen" color="#009300"/>
    <item name="Color_red" color="#ff0000"/>
    <item name="Color_brown" color="#7f0000"/>
    <item name="Color_purple" color="#9c009c"/>
    <item name="Color_orange" color="#fc7f00"/>
    <item name="Color_yellow" color="#ffff00"/>
    <item name="Color_green" color="#00fc00"/>
    <item name="Color_darkcyan" color="#009393"/>
    <item name="Color_cyan" color="#00ffff"/>
    <item name="Color_blue" color="#0000fc"/>
    <item name="Color_pink" color="#ff00ff"/>
    <item name="Color_gray" color="#7f7f7f"/>
    <item name="Color_lightgray" color="#aaaaaa"/>

    <item name="Item_normal" color="#00ff33"/>
    <item name="Item_notice" color="#ff0000"/>
    <item name="Item_topic" color="#ff80ff"/>
    <item name="Item_join" color="#0000ff"/>
    <item name="Item_kick" color="#00007f"/>
    <item name="Item_mode" color="#ffff00"/>
    <item name="Item_nick" color="#ffff00"/>
    <item name="Item_part" color="#0000ff"/>
    <item name="Item_action" color="#ff9900"/>
    <item name="Item_ctcp" color="#ff0000"/>
    <item name="Item_quit" color="#0000ff"/>
    <item name="Item_connecting" color="#00ff33"/>
    <item name="Item_querytext" color="#00ff33"/>
    <item name="Item_owntext" color="#00ff33"/>
    <item name="Item_wallops" color="#c00000"/>
    <item name="Item_info" color="#ffff00"/>
    <item name="Item_warning" color="#ff0000"/>
    <item name="Item_error" color="#ff0000"/>
    <item name="Item_timestamp" color="#00ff33"/>
    <item name="Item_userlistbackground" color="#000000"/>
    <item name="Item_userlistnormaltext" color="#00ff33"/>
    <item name="Item_userlistselectedbackground" color="#009300"/>
    <item name="Item_textinputbackground" color="#000000"/>
    <item name="Item_textinputnormaltext" color="#00ff33"/>
    <item name="Item_globaluserlistbackground" color="#000000"/>
    <item name="Item_globaluserlistnormaltext" color="#00ff33"/>
    <item name="Item_globaluserlistselectedbackground" color="#009300"/>
    <item name="Item_serverlistbackground" color="#000000"/>
    <item name="Item_serverlistnormaltext" color="#00ff33"/>
    <item name="Item_serverlistselectedbackground" color="#009300"/>
    <item name="Item_serverlistdisconnected" color="#aaaaaa"/>
    <item name="Item_serverlistconnecting" color="#fc7fc0"/>
    <item name="Item_serverlistconnected" color="#00ff33"/>
    <item name="Item_serverlistserverdirtytext" color="#aaaaaa"/>
    <item name="Item_serverlistserverdirtybackground" color="#000000"/>
    <item name="Item_serverlistdccchatdirtytext" color="#aaaaaa"/>
    <item name="Item_serverlistdccchatdirtybackground" color="#000000"/>
    <item name="Item_serverlistchanneldirtytext" color="#aaaaaa"/>
    <item name="Item_serverlistchanneldirtybackground" color="#000000"/>
    <item name="Item_serverlistquerydirtytext" color="#aaaaaa"/>
    <item name="Item_serverlistquerydirtybackground" color="#000000"/>
    <item name="Item_serverlistserverrecenttext" color="#ffff00"/>
    <item name="Item_serverlistserverrecentbackground" color="#000000"/>
    <item name="Item_serverlistdccchatrecenttext" color="#ffff00"/>
    <item name="Item_serverlistdccchatrecentbackground" color="#000000"/>
    <item name="Item_serverlistchannelrecenttext" color="#ffff00"/>
    <item name="Item_serverlistchannelrecentbackground" color="#000000"/>
    <item name="Item_serverlistqueryrecenttext" color="#ffff00"/>
    <item name="Item_serverlistqueryrecentbackground" color="#000000"/>
    <item name="Item_transferlisterrortext" color="#ff0080"/>
    <item name="Item_transferlistcompletetext" color="#ffff00"/>
    <item name="Item_transferlistnormaltext" color="#000000"/>
  </colorscheme>

  <colorscheme name="Retro Amber" author="DarkHound" version="1.0" date="12/Dec/2003">
    <item name="Color_white" color="#ffffff"/>
    <item name="Color_black" color="#000000"/>
    <item name="Color_darkblue" color="#00007f"/>
    <item name="Color_darkgreen" color="#009300"/>
    <item name="Color_red" color="#ff0000"/>
    <item name="Color_brown" color="#7f0000"/>
    <item name="Color_purple" color="#9c009c"/>
    <item name="Color_orange" color="#fc7f00"/>
    <item name="Color_yellow" color="#ffff00"/>
    <item name="Color_green" color="#00fc00"/>
    <item name="Color_darkcyan" color="#009393"/>
    <item name="Color_cyan" color="#00ffff"/>
    <item name="Color_blue" color="#0000fc"/>
    <item name="Color_pink" color="#ff00ff"/>
    <item name="Color_gray" color="#7f7f7f"/>
    <item name="Color_lightgray" color="#aaaaaa"/>

    <item name="Item_normal" color="#E77700"/>
    <item name="Item_notice" color="#E77700"/>
    <item name="Item_topic" color="#E77700"/>
    <item name="Item_join" color="#E77700"/>
    <item name="Item_kick" color="#E77700"/>
    <item name="Item_mode" color="#E77700"/>
    <item name="Item_nick" color="#E77700"/>
    <item name="Item_part" color="#E77700"/>
    <item name="Item_action" color="#E77700"/>
    <item name="Item_ctcp" color="#E77700"/>
    <item name="Item_quit" color="#E77700"/>
    <item name="Item_connecting" color="#E77700"/>
    <item name="Item_querytext" color="#E77700"/>
    <item name="Item_owntext" color="#E77700"/>
    <item name="Item_wallops" color="#E77700"/>
    <item name="Item_info" color="#E77700"/>
    <item name="Item_warning" color="#E77700"/>
    <item name="Item_error" color="#E77700"/>
    <item name="Item_timestamp" color="#E77700"/>
    <item name="Item_userlistbackground" color="#000000"/>
    <item name="Item_userlistnormaltext" color="#E77700"/>
    <item name="Item_userlistselectedbackground" color="#E77700"/>
    <item name="Item_textinputbackground" color="#000000"/>
    <item name="Item_textinputnormaltext" color="#E77700"/>
    <item name="Item_globaluserlistbackground" color="#000000"/>
    <item name="Item_globaluserlistnormaltext" color="#E77700"/>
    <item name="Item_globaluserlistselectedbackground" color="#E77700"/>
    <item name="Item_serverlistbackground" color="#000000"/>
    <item name="Item_serverlistnormaltext" color="#E77700"/>
    <item name="Item_serverlistselectedbackground" color="#E77700"/>
    <item name="Item_serverlistdisconnected" color="#E77700"/>
    <item name="Item_serverlistconnecting" color="#E77700"/>
    <item name="Item_serverlistconnected" color="#E77700"/>
    <item name="Item_serverlistserverdirtytext" color="#E77700"/>
    <item name="Item_serverlistserverdirtybackground" color="#000000"/>
    <item name="Item_serverlistdccchatdirtytext" color="#E77700"/>
    <item name="Item_serverlistdccchatdirtybackground" color="#000000"/>
    <item name="Item_serverlistchanneldirtytext" color="#E77700"/>
    <item name="Item_serverlistchanneldirtybackground" color="#000000"/>
    <item name="Item_serverlistquerydirtytext" color="#E77700"/>
    <item name="Item_serverlistquerydirtybackground" color="#000000"/>
    <item name="Item_serverlistserverrecenttext" color="#E77700"/>
    <item name="Item_serverlistserverrecentbackground" color="#000000"/>
    <item name="Item_serverlistdccchatrecenttext" color="#E77700"/>
    <item name="Item_serverlistdccchatrecentbackground" color="#000000"/>
    <item name="Item_serverlistchannelrecenttext" color="#E77700"/>
    <item name="Item_serverlistchannelrecentbackground" color="#000000"/>
    <item name="Item_serverlistqueryrecenttext" color="#E77700"/>
    <item name="Item_serverlistqueryrecentbackground" color="#000000"/>
    <item name="Item_transferlisterrortext" color="#E77700"/>
    <item name="Item_transferlistcompletetext" color="#E77700"/>
    <item name="Item_transferlistnormaltext" color="#E77700"/>
  </colorscheme>

<colorscheme name="Retro Green" author="DarkHound" version="1.0" date="12/Dec/2003">
    <item name="Color_white" color="#ffffff"/>
    <item name="Color_black" color="#000000"/>
    <item name="Color_darkblue" color="#00007f"/>
    <item name="Color_darkgreen" color="#009300"/>
    <item name="Color_red" color="#ff0000"/>
    <item name="Color_brown" color="#7f0000"/>
    <item name="Color_purple" color="#9c009c"/>
    <item name="Color_orange" color="#fc7f00"/>
    <item name="Color_yellow" color="#ffff00"/>
    <item name="Color_green" color="#00fc00"/>
    <item name="Color_darkcyan" color="#009393"/>
    <item name="Color_cyan" color="#00ffff"/>
    <item name="Color_blue" color="#0000fc"/>
    <item name="Color_pink" color="#ff00ff"/>
    <item name="Color_gray" color="#7f7f7f"/>
    <item name="Color_lightgray" color="#aaaaaa"/>

    <item name="Item_normal" color="#00ff33"/>
    <item name="Item_notice" color="#00ff33"/>
    <item name="Item_topic" color="#00ff33"/>
    <item name="Item_join" color="#00ff33"/>
    <item name="Item_kick" color="#00ff33"/>
    <item name="Item_mode" color="#00ff33"/>
    <item name="Item_nick" color="#00ff33"/>
    <item name="Item_part" color="#00ff33"/>
    <item name="Item_action" color="#00ff33"/>
    <item name="Item_ctcp" color="#00ff33"/>
    <item name="Item_quit" color="#00ff33"/>
    <item name="Item_connecting" color="#00ff33"/>
    <item name="Item_querytext" color="#00ff33"/>
    <item name="Item_owntext" color="#00ff33"/>
    <item name="Item_wallops" color="#00ff33"/>
    <item name="Item_info" color="#00ff33"/>
    <item name="Item_warning" color="#00ff33"/>
    <item name="Item_error" color="#00ff33"/>
    <item name="Item_timestamp" color="#00ff33"/>
    <item name="Item_userlistbackground" color="#000000"/>
    <item name="Item_userlistnormaltext" color="#00ff33"/>
    <item name="Item_userlistselectedbackground" color="#00ff33"/>
    <item name="Item_textinputbackground" color="#000000"/>
    <item name="Item_textinputnormaltext" color="#00ff33"/>
    <item name="Item_globaluserlistbackground" color="#000000"/>
    <item name="Item_globaluserlistnormaltext" color="#00ff33"/>
    <item name="Item_globaluserlistselectedbackground" color="#00ff33"/>
    <item name="Item_serverlistbackground" color="#000000"/>
    <item name="Item_serverlistnormaltext" color="#00ff33"/>
    <item name="Item_serverlistselectedbackground" color="#00ff33"/>
    <item name="Item_serverlistdisconnected" color="#00ff33"/>
    <item name="Item_serverlistconnecting" color="#00ff33"/>
    <item name="Item_serverlistconnected" color="#00ff33"/>
    <item name="Item_serverlistserverdirtytext" color="#00ff33"/>
    <item name="Item_serverlistserverdirtybackground" color="#000000"/>
    <item name="Item_serverlistdccchatdirtytext" color="#00ff33"/>
    <item name="Item_serverlistdccchatdirtybackground" color="#000000"/>
    <item name="Item_serverlistchanneldirtytext" color="#00ff33"/>
    <item name="Item_serverlistchanneldirtybackground" color="#000000"/>
    <item name="Item_serverlistquerydirtytext" color="#00ff33"/>
    <item name="Item_serverlistquerydirtybackground" color="#000000"/>
    <item name="Item_serverlistserverrecenttext" color="#00ff33"/>
    <item name="Item_serverlistserverrecentbackground" color="#000000"/>
    <item name="Item_serverlistdccchatrecenttext" color="#00ff33"/>
    <item name="Item_serverlistdccchatrecentbackground" color="#000000"/>
    <item name="Item_serverlistchannelrecenttext" color="#00ff33"/>
    <item name="Item_serverlistchannelrecentbackground" color="#000000"/>
    <item name="Item_serverlistqueryrecenttext" color="#00ff33"/>
    <item name="Item_serverlistqueryrecentbackground" color="#000000"/>
    <item name="Item_transferlisterrortext" color="#00ff33"/>
    <item name="Item_transferlistcompletetext" color="#00ff33"/>
    <item name="Item_transferlistnormaltext" color="#00ff33"/>
  </colorscheme>
</HydraIRCColorSchemeCollection>
