<?xml version="1.0"?>
<!-- DO NOT EDIT THIS FILE! - FUTURE VERSION OF HYDRAIRC WILL OVERWRITE IT - TAKE A COPY!! -->
<HydraIRCColorSchemeCollection name="PetePat" author="PetePat">
  <colorscheme name="BlutOrange" author="PetePat" version="1.2" date="09/Feb/2004">
    <item name="Color_white" color="#ffffff"/>
    <item name="Color_black" color="#000000"/>
    <item name="Color_darkblue" color="#00007f"/>
    <item name="Color_darkgreen" color="#009300"/>
    <item name="Color_red" color="#ff0000"/>
    <item name="Color_brown" color="#7f0000"/>
    <item name="Color_purple" color="#9c009c"/>
    <item name="Color_orange" color="#fc7f00"/>
    <item name="Color_yellow" color="#ffff00"/>
    <item name="Color_green" color="#00fc00"/>
    <item name="Color_darkcyan" color="#009393"/>
    <item name="Color_cyan" color="#00ffff"/>
    <item name="Color_blue" color="#0000fc"/>
    <item name="Color_pink" color="#ff00ff"/>
    <item name="Color_gray" color="#7f7f7f"/>
    <item name="Color_lightgray" color="#aaaaaa"/>

    <item name="Item_background" color="#677b89"/>
    <item name="Item_normal" color="#ffc94a"/>
    <item name="Item_notice" color="#FFFFFF"/>
    <item name="Item_topic" color="#ffe3aa"/>
    <item name="Item_join" color="#ffe3aa"/>
    <item name="Item_kick" color="#ffe3aa"/>
    <item name="Item_mode" color="#ffe3aa"/>
    <item name="Item_nick" color="#ffe3aa"/>
    <item name="Item_part" color="#ffe3aa"/>
    <item name="Item_action" color="#FF9B9B"/>
    <item name="Item_ctcp" color="#ffe3aa"/>
    <item name="Item_quit" color="#ffe3aa"/>
    <item name="Item_connecting" color="#ffe3aa"/>
    <item name="Item_querytext" color="#FFFFFF"/>
    <item name="Item_owntext" color="#FFFFFF"/>

    <item name="Item_wallops" color="#00009c"/>
    <item name="Item_info" color="#FFFFFF"/>
    <item name="Item_warning" color="#FF9B9B"/>
    <item name="Item_error" color="#FF9B9B"/>

    <item name="Item_timestamp" color="#ffe3aa"/>

    <item name="Item_userlistbackground" color="#424F58"/>
    <item name="Item_userlistnormaltext" color="#ffc94a"/>
    <item name="Item_userlistselectedbackground" color="#9BA9B3"/>

    <item name="Item_textinputbackground" color="#677b89"/>
    <item name="Item_textinputnormaltext" color="#ffc94a"/>

    <item name="Item_globaluserlistbackground" color="#424F58"/>
    <item name="Item_globaluserlistnormaltext" color="#ffc94a"/>
    <item name="Item_globaluserlistselectedbackground" color="#9BA9B3"/>

    <item name="Item_serverlistbackground" color="#424F58"/>
    <item name="Item_serverlistnormaltext" color="#ffc94a"/>
    <item name="Item_serverlistselectedbackground" color="#9BA9B3"/>
    <item name="Item_serverlistdisconnected" color="#ffe3aa"/>
    <item name="Item_serverlistconnecting" color="#ffe3aa"/>
    <item name="Item_serverlistconnected" color="#ffc94a"/>
    <item name="Item_serverlistserverdirtytext" color="-1"/>
    <item name="Item_serverlistserverdirtybackground" color="#424F58"/>
    <item name="Item_serverlistdccchatdirtytext" color="#ffc94a"/>
    <item name="Item_serverlistdccchatdirtybackground" color="#424F58"/>
    <item name="Item_serverlistchanneldirtytext" color="#ffc94a"/>
    <item name="Item_serverlistchanneldirtybackground" color="#424F58"/>
    <item name="Item_serverlistquerydirtytext" color="#ffc94a"/>
    <item name="Item_serverlistquerydirtybackground" color="#424F58"/>
    <item name="Item_serverlistserverrecenttext" color="#9BA9B3"/>
    <item name="Item_serverlistserverrecentbackground" color="#424F58"/>
    <item name="Item_serverlistdccchatrecenttext" color="#FFE3AA"/>
    <item name="Item_serverlistdccchatrecentbackground" color="#424F58"/>
    <item name="Item_serverlistchannelrecenttext" color="#FFE3AA"/>
    <item name="Item_serverlistchannelrecentbackground" color="#424F58"/>
    <item name="Item_serverlistqueryrecenttext" color="#FFE3AA"/>
    <item name="Item_serverlistqueryrecentbackground" color="#424F58"/>

    <item name="Item_transferlisterrortext" color="#930000"/>
    <item name="Item_transferlistcompletetext" color="#009300"/>
    <item name="Item_transferlistnormaltext" color="#000000"/>

    <item name="Item_headertext" color="#000000"/>
    <item name="Item_headerbackground" color="#9BA9B3"/>
    <item name="Item_infotext" color="#000000"/>
    <item name="Item_infobackground" color="#9BA9B3"/> 
  </colorscheme>

  <colorscheme name="Skyness" author="PetePat" version="1.1" date="01/Jun/2004">
    <item name="Color_white" color="#ffffff"/>
    <item name="Color_black" color="#000000"/>
    <item name="Color_darkblue" color="#000080"/>
    <item name="Color_darkgreen" color="#009200"/>
    <item name="Color_red" color="#ff0000"/>
    <item name="Color_brown" color="#800000"/>
    <item name="Color_purple" color="#9c009c"/>
    <item name="Color_orange" color="#fc8000"/>
    <item name="Color_yellow" color="#ffff00"/>
    <item name="Color_green" color="#00fc00"/>
    <item name="Color_darkcyan" color="#009292"/>
    <item name="Color_cyan" color="#00ffff"/>
    <item name="Color_blue" color="#0000fc"/>
    <item name="Color_pink" color="#ff00ff"/>
    <item name="Color_gray" color="#808080"/>
    <item name="Color_lightgray" color="#aaaaaa"/>

    <item name="Item_background" color="#EEEEEE"/>
    <item name="Item_normal" color="#000000"/>
    <item name="Item_notice" color="#0080C0"/>
    <item name="Item_topic" color="#9A9A9A"/>
    <item name="Item_join" color="#9A9A9A"/>
    <item name="Item_kick" color="#9A9A9A"/>
    <item name="Item_mode" color="#9A9A9A"/>
    <item name="Item_nick" color="#9A9A9A"/>
    <item name="Item_part" color="#9A9A9A"/>
    <item name="Item_action" color="#FF0000"/>
    <item name="Item_ctcp" color="#9A9A9A"/>
    <item name="Item_quit" color="#9A9A9A"/>
    <item name="Item_connecting" color="#9A9A9A"/>
    <item name="Item_querytext" color="#000000"/>
    <item name="Item_owntext" color="#0080C0"/>
    <item name="Item_wallops" color="#c00000"/>
    <item name="Item_info" color="#008000"/>
    <item name="Item_warning" color="#930000"/>
    <item name="Item_error" color="#930000"/>
    <item name="Item_timestamp" color="#9A9A9A"/>

    <item name="Item_userlistbackground" color="#CCDDEE"/>
    <item name="Item_userlistnormaltext" color="#000000"/>
    <item name="Item_userlistselectedbackground" color="-1"/>

    <item name="Item_textinputbackground" color="#EEEEEE"/>
    <item name="Item_textinputnormaltext" color="#0080C0"/>

    <item name="Item_globaluserlistbackground" color="#CCDDEE"/>
    <item name="Item_globaluserlistnormaltext" color="#000000"/>
    <item name="Item_globaluserlistselectedbackground" color="-1"/>

    <item name="Item_serverlistbackground" color="#CCDDEE"/>
    <item name="Item_serverlistnormaltext" color="#000000"/>
    <item name="Item_serverlistselectedbackground" color="-1"/>
    <item name="Item_serverlistdisconnected" color="#9A9A9A"/>
    <item name="Item_serverlistconnecting" color="#9A9A9A"/>
    <item name="Item_serverlistconnected" color="#000000"/>
    <item name="Item_serverlistserverdirtytext" color="#000080"/>
    <item name="Item_serverlistserverdirtybackground" color="#CCDDEE"/>
    <item name="Item_serverlistdccchatdirtytext" color="#000080"/>
    <item name="Item_serverlistdccchatdirtybackground" color="#CCDDEE"/>
    <item name="Item_serverlistchanneldirtytext" color="#000080"/>
    <item name="Item_serverlistchanneldirtybackground" color="#CCDDEE"/>
    <item name="Item_serverlistquerydirtytext" color="#000080"/>
    <item name="Item_serverlistquerydirtybackground" color="#CCDDEE"/>
    <item name="Item_serverlistserverrecenttext" color="#ff0000"/>
    <item name="Item_serverlistserverrecentbackground" color="#CCDDEE"/>
    <item name="Item_serverlistdccchatrecenttext" color="#ff0000"/>
    <item name="Item_serverlistdccchatrecentbackground" color="#CCDDEE"/>
    <item name="Item_serverlistchannelrecenttext" color="#ff0000"/>
    <item name="Item_serverlistchannelrecentbackground" color="#CCDDEE"/>
    <item name="Item_serverlistqueryrecenttext" color="#ff0000"/>
    <item name="Item_serverlistqueryrecentbackground" color="#9A9A9A"/>

    <item name="Item_transferlisterrortext" color="#930000"/>
    <item name="Item_transferlistcompletetext" color="#009300"/>
    <item name="Item_transferlistnormaltext" color="#000000"/>

    <item name="Item_headertext" color="#000000"/>
    <item name="Item_headerbackground" color="#CCDDEE"/>
    <item name="Item_infotext" color="#000000"/>
    <item name="Item_infobackground" color="#CCDDEE"/>
  </colorscheme>
</HydraIRCColorSchemeCollection>

