<?xml version="1.0" encoding="utf-8"?>
<anime>
  <entry>
    <id>25397</id>
    <title>Absolute Duo</title>
    <english></english>
    <synonyms></synonyms>
    <episodes>12</episodes>
    <score>7.18</score>
    <type>TV</type>
    <status>Currently Airing</status>
    <start_date>2015-01-04</start_date>
    <end_date>0000-00-00</end_date>
    <synopsis>The story begins with Blaze&amp;mdash;a weapon that is the manifestation of a human's soul. Tooru Kokonoe happens to be qualified for this, but for some reason his Blaze is not a weapon, but a shield. Moreover, he enrolled in a school that teaches combat skills, and thanks to the school's Duo partner system, he ends up living with a beautiful silver-haired girl.&lt;br /&gt;
&lt;br /&gt;
(Source: ANN)</synopsis>
    <image>http://cdn.myanimelist.net/images/anime/4/68839.jpg</image>
  </entry>
</anime>
