<?xml version="1.0" encoding="utf-8"?>
<anime>
  <entry>
    <id>22199</id>
    <title>Akame ga Kill!</title>
    <english>Akame ga Kill!</english>
    <synonyms>Akame ga Kiru!</synonyms>
    <episodes>24</episodes>
    <score>8.02</score>
    <type>TV</type>
    <status>Finished Airing</status>
    <start_date>2014-07-07</start_date>
    <end_date>2014-12-15</end_date>
    <synopsis>In a fantasy world, fighter Tatsumi sets out for the Capitol to earn money for his starving village, and finds a world of unimaginable corruption, all spreading from the depraved Prime Minister who controls the child Emperor's ear. After nearly becoming a victim of this corruption himself, Tatsumi is recruited by Night Raid, a group of assassins dedicated to eliminating the corruption plaguing the Capitol by mercilessly killing those responsible.&lt;br /&gt;
&lt;br /&gt;
(Source: TV Tropes)</synopsis>
    <image>http://cdn.myanimelist.net/images/anime/5/64581.jpg</image>
  </entry>
  <entry>
    <id>25241</id>
    <title>Akame ga Kill! Theater</title>
    <english></english>
    <synonyms>Akame ga Kill! Gekijou</synonyms>
    <episodes>24</episodes>
    <score>6.90</score>
    <type>ONA</type>
    <status>Finished Airing</status>
    <start_date>2014-07-08</start_date>
    <end_date>2014-12-14</end_date>
    <synopsis>Short specials that aired on the official website.</synopsis>
    <image>http://cdn.myanimelist.net/images/anime/6/64537.jpg</image>
  </entry>
  <entry>
    <id>26449</id>
    <title>Akame ga Kill! Recap</title>
    <english></english>
    <synonyms>Akame ga Kill! Digest Recap; Akame ga Kill! Episode 8.5</synonyms>
    <episodes>1</episodes>
    <score>6.68</score>
    <type>Special</type>
    <status>Finished Airing</status>
    <start_date>2014-08-31</start_date>
    <end_date>2014-08-31</end_date>
    <synopsis>Recap of the first eight episodes of [i]Akame ga Kill![/i] series.</synopsis>
    <image>http://cdn.myanimelist.net/images/anime/7/66369.jpg</image>
  </entry>
</anime>
