<?xml version="1.0" encoding="utf-8"?>
<anime>
  <entry>
    <id>27655</id>
    <title>Aldnoah.Zero 2nd Season</title>
    <english></english>
    <synonyms></synonyms>
    <episodes>0</episodes>
    <score>7.79</score>
    <type>TV</type>
    <status>Currently Airing</status>
    <start_date>2015-01-11</start_date>
    <end_date>0000-00-00</end_date>
    <synopsis>Second season of [i]Aldnoah.Zero[/i], announced at the end of the first season.</synopsis>
    <image>http://cdn.myanimelist.net/images/anime/10/71297.jpg</image>
  </entry>
</anime>
