<?xml version="1.0" encoding="utf-8"?>
<anime>
  <entry>
    <id>24833</id>
    <title>Ansatsu Kyoushitsu (TV)</title>
    <english></english>
    <synonyms>Assassination Classroom</synonyms>
    <episodes>22</episodes>
    <score>7.77</score>
    <type>TV</type>
    <status>Currently Airing</status>
    <start_date>2015-01-10</start_date>
    <end_date>0000-00-00</end_date>
    <synopsis>A humorous and action-packed story about a class of misfits who are trying to kill their new teacher&amp;mdash;an alien octopus with bizarre powers and super strength! The teacher has just destroyed the moon and is threatening to destroy the earth&amp;mdash;unless his students can destroy him first. What makes things more complicated is that he's the best teacher they've ever had!&lt;br /&gt;
&lt;br /&gt;
(Source: Viz Media)</synopsis>
    <image>http://cdn.myanimelist.net/images/anime/3/69857.jpg</image>
  </entry>
  <entry>
    <id>28405</id>
    <title>Ansatsu Kyoushitsu (TV): Deai no Jikan</title>
    <english></english>
    <synonyms>Ansatsu Kyoushitsu (TV) Episode 0: Deai no Jikan; Ansatsu Kyoushitsu: Jump Festa 2014 Special</synonyms>
    <episodes>1</episodes>
    <score>7.18</score>
    <type>Special</type>
    <status>Finished Airing</status>
    <start_date>2014-11-09</start_date>
    <end_date>2014-11-09</end_date>
    <synopsis>Episode 0 of the [i]Ansatsu Kyoushitsu[/i] TV series screened at the Jump Festa 2014 events.</synopsis>
    <image>http://cdn.myanimelist.net/images/anime/12/68547.jpg</image>
  </entry>
</anime>
