<?xml version="1.0" encoding="utf-8"?>
<anime>
  <entry>
    <id>27727</id>
    <title>Binan Koukou Chikyuu Bouei-bu LOVE!</title>
    <english>Cute High Earth Defense Club LOVE!</english>
    <synonyms>Binan Koukou Chikyuboueibu Love!; Binan Kōkō Chikyū Bōei-bu Love!</synonyms>
    <episodes>12</episodes>
    <score>6.80</score>
    <type>TV</type>
    <status>Currently Airing</status>
    <start_date>2015-01-07</start_date>
    <end_date>0000-00-00</end_date>
    <synopsis>This is the tale of five unlikely heroes who unite under the name of the &amp;quot;Earth Defense Club&amp;quot; alongside a pink wombat-like alien to defend their world and restore love to all; however, does a sinister organization lurk behind the scenes of Binan High school?</synopsis>
    <image>http://cdn.myanimelist.net/images/anime/10/68451.jpg</image>
  </entry>
</anime>
