<?xml version="1.0" encoding="utf-8"?>
<anime>
  <entry>
    <id>27815</id>
    <title>Cardfight!! Vanguard G</title>
    <english></english>
    <synonyms></synonyms>
    <episodes>0</episodes>
    <score>6.88</score>
    <type>TV</type>
    <status>Currently Airing</status>
    <start_date>2014-10-26</start_date>
    <end_date>0000-00-00</end_date>
    <synopsis>Taking place after a three-year time skip, the series will follow Shindou Kurono, Kiba Shion, and Anjou Tokoha as the new protagonists of G.&lt;br /&gt;
&lt;br /&gt;
Kurono uses the never-before-seen clan Gear Chronicle, which brings together the destinies of these three toward an &amp;quot;impossible future, an impossible self signifying 'Generation.'&amp;quot;&lt;br /&gt;
&lt;br /&gt;
(Source: vanguardus.blogspot.com, edited)</synopsis>
    <image>http://cdn.myanimelist.net/images/anime/4/69867.jpg</image>
  </entry>
</anime>
