<?xml version="1.0" encoding="utf-8"?>
<anime>
  <entry>
    <id>6149</id>
    <title>Chibi Maruko-chan (1995)</title>
    <english>Little Miss Maruko</english>
    <synonyms>Maruko-chan</synonyms>
    <episodes>0</episodes>
    <score>7.30</score>
    <type>TV</type>
    <status>Currently Airing</status>
    <start_date>1995-01-08</start_date>
    <end_date>0000-00-00</end_date>
    <synopsis>Momoko Sakura is an elementary school student who likes popular idol Momoe Yamaguchi and mangas. She is often called &amp;quot;Chibi Maruko-chan&amp;quot; due to her young age and small size. She lives together with her parents, her grandparents and her elder sister in a little town. In school, she has many friends with whom she studies and plays together everyday, including her close pal, Tama-chan; the student committee members, Maruo-kun and Migiwa-san; and the B-class trio: &amp;#039;little master&amp;#039; Hanawa-kun, Hamaji-Bu Taro and Sekiguchi-kun. This is a fun-loving and enjoyable anime that portrays the simple things in life.&lt;br /&gt;
&lt;br /&gt;
(Source: ANN)</synopsis>
    <image>http://cdn.myanimelist.net/images/anime/6/13508.jpg</image>
  </entry>
</anime>
