<?xml version="1.0" encoding="utf-8"?>
<anime>
  <entry>
    <id>23511</id>
    <title>Choubakuretsu Ijigen Menko Battle: Gigant Shooter Tsukasa</title>
    <english></english>
    <synonyms>Gigant Shooter Tsukasa</synonyms>
    <episodes>32</episodes>
    <score>0.00</score>
    <type>TV</type>
    <status>Currently Airing</status>
    <start_date>2014-04-01</start_date>
    <end_date>0000-00-00</end_date>
    <synopsis>The anime follows Tsukasa, whose dream is to become the best at Gigant Shooter (battles in a game similar to pog) in the world. The menko card his father left for him called King Menger is his partner. Tsukasa's fellow gamers are the cute but tsundere Koide Miruko, the spectacled bully Numata Manabu, and the realist and sharp-tongued Doumoto Ataru.&lt;br /&gt;
&lt;br /&gt;
(Source: ANN)</synopsis>
    <image>http://cdn.myanimelist.net/images/anime/11/60675.jpg</image>
  </entry>
</anime>
