<?xml version="1.0" encoding="utf-8"?>
<anime>
  <entry>
    <id>20031</id>
    <title>D-Frag!</title>
    <english>D-Fragments!</english>
    <synonyms></synonyms>
    <episodes>12</episodes>
    <score>7.83</score>
    <type>TV</type>
    <status>Finished Airing</status>
    <start_date>2014-01-07</start_date>
    <end_date>2014-03-25</end_date>
    <synopsis>Kazama Kenji likes to believe he is something of a delinquent. Moreover, others seem to like to agree that he is. Of course, Kenji's gang finds their way to a group of four not-so-normal girls&amp;mdash;Chitose, Sakura, Minami and Roka&amp;mdash;and all at once, whatever reputation he may have is nothing compared to the outrageous behavior of the girls. Shanghaied into joining their club, what will happen to his everyday life from that point on?&lt;br /&gt;
&lt;br /&gt;
(Source: MU)</synopsis>
    <image>http://cdn.myanimelist.net/images/anime/2/53407.jpg</image>
  </entry>
  <entry>
    <id>23383</id>
    <title>D-Frag! OVA</title>
    <english></english>
    <synonyms>D-Frag! OAD</synonyms>
    <episodes>1</episodes>
    <score>7.55</score>
    <type>OVA</type>
    <status>Finished Airing</status>
    <start_date>2014-09-22</start_date>
    <end_date>2014-09-22</end_date>
    <synopsis>Bundled with the ninth special-edition volume of &lt;em&gt;D-Frag!&lt;/em&gt; manga.&lt;br /&gt;
The DVD adapted the popular Shrine Water arc.&lt;br /&gt;
&lt;br /&gt;
(Source: AniDB)</synopsis>
    <image>http://cdn.myanimelist.net/images/anime/9/67077.jpg</image>
  </entry>
</anime>
