<?xml version="1.0" encoding="utf-8"?>
<anime>
  <entry>
    <id>17703</id>
    <title>Danchi Tomoo</title>
    <english></english>
    <synonyms></synonyms>
    <episodes>78</episodes>
    <score>0.00</score>
    <type>TV</type>
    <status>Finished Airing</status>
    <start_date>2013-04-06</start_date>
    <end_date>2015-02-07</end_date>
    <synopsis>It's a heartwarming and sometimes nonsense comedy about an elementary school boy Tomoo Kinoshita.</synopsis>
    <image>http://cdn.myanimelist.net/images/anime/9/47209.jpg</image>
  </entry>
</anime>
