<?xml version="1.0" encoding="utf-8"?>
<anime>
  <entry>
    <id>26349</id>
    <title>Danna ga Nani wo Itteiru ka Wakaranai Ken</title>
    <english></english>
    <synonyms>I Can't Understand What My Husband Is Saying</synonyms>
    <episodes>13</episodes>
    <score>7.55</score>
    <type>TV</type>
    <status>Finished Airing</status>
    <start_date>2014-10-03</start_date>
    <end_date>2014-12-26</end_date>
    <synopsis>The anime follows the daily life of an earnest, hardworking office lady named Kaoru and her otaku husband, Hajime, who is totally immersed in a certain huge net bulletin board system.&lt;br /&gt;
&lt;br /&gt;
(Source: ANN) </synopsis>
    <image>http://cdn.myanimelist.net/images/anime/6/66289.jpg</image>
  </entry>
  <entry>
    <id>29065</id>
    <title>Danna ga Nani wo Itteiru ka Wakaranai Ken 2</title>
    <english>I Can't Understand What My Husband Is Saying</english>
    <synonyms></synonyms>
    <episodes>0</episodes>
    <score>0.00</score>
    <type>TV</type>
    <status>Not yet aired</status>
    <start_date>2015-04-00</start_date>
    <end_date>0000-00-00</end_date>
    <synopsis>The anime follows the daily life of an earnest, hardworking office lady named Kaoru and her otaku husband, Hajime, who is totally immersed in a certain huge net bulletin board system.&lt;br /&gt;
&lt;br /&gt;
(Source: ANN)</synopsis>
    <image>http://cdn.myanimelist.net/images/anime//0.jpg</image>
  </entry>
  <entry>
    <id>29067</id>
    <title>Danna ga Nani wo Itteiru ka Wakaranai Ken 2</title>
    <english>I Can't Understand What My Husband Is Saying 2</english>
    <synonyms></synonyms>
    <episodes>0</episodes>
    <score>0.00</score>
    <type>TV</type>
    <status>Not yet aired</status>
    <start_date>2015-04-00</start_date>
    <end_date>0000-00-00</end_date>
    <synopsis>The anime follows the daily life of an earnest, hardworking office lady named Kaoru and her otaku husband, Hajime, who is totally immersed in a certain huge net bulletin board system.&lt;br /&gt;
&lt;br /&gt;
(Source: ANN)</synopsis>
    <image>http://cdn.myanimelist.net/images/anime/6/69951.jpg</image>
  </entry>
</anime>
