<?xml version="1.0" encoding="utf-8"?>
<anime>
  <entry>
    <id>28223</id>
    <title>Death Parade</title>
    <english></english>
    <synonyms></synonyms>
    <episodes>12</episodes>
    <score>8.35</score>
    <type>TV</type>
    <status>Currently Airing</status>
    <start_date>2015-01-10</start_date>
    <end_date>0000-00-00</end_date>
    <synopsis>After death, humans go to either heaven or hell. But for some, at the instant of their death, they arrive at Quindecim, a bar attended by the mysterious white-haired Decim. He challenges them to the Death Game, wherein they wager their lives and reveal their true natures. Decim himself is the ultimate arbitrator of who wins and who loses, who will go to heaven, and who will go to hell.</synopsis>
    <image>http://cdn.myanimelist.net/images/anime/5/71553.jpg</image>
  </entry>
</anime>
