<?xml version="1.0" encoding="utf-8"?>
<anime>
  <entry>
    <id>24031</id>
    <title>Denki-gai no Honya-san</title>
    <english>Denki-gai</english>
    <synonyms>Denki Machi no Honya-san; Denkigai no Honya-san</synonyms>
    <episodes>12</episodes>
    <score>7.35</score>
    <type>TV</type>
    <status>Finished Airing</status>
    <start_date>2014-10-02</start_date>
    <end_date>2014-12-18</end_date>
    <synopsis>Umio is a shy kid who just started his part time job at a manga store smack dab in the middle of the city. But his lifestyle isn't as glamorous as the neon lights that illuminate the city. Umio's closest friends are his co-workers who are all unique characters, to say the least, and although they're nice people, they have their quirks. They are a tight knit group of friends, have nicknames for each other and spend their weekends inside, sheltered from the extravagant scene happening on the outside.&lt;br /&gt;
&lt;br /&gt;
(Source: MU)</synopsis>
    <image>http://cdn.myanimelist.net/images/anime/2/65339.jpg</image>
  </entry>
</anime>
