<?xml version="1.0" encoding="utf-8"?>
<anime>
  <entry>
    <id>235</id>
    <title>Detective Conan</title>
    <english>Case Closed</english>
    <synonyms>Meitantei Conan</synonyms>
    <episodes>0</episodes>
    <score>8.26</score>
    <type>TV</type>
    <status>Currently Airing</status>
    <start_date>1996-01-08</start_date>
    <end_date>0000-00-00</end_date>
    <synopsis>Kudo Shinichi is a seventeen year-old high school detective whom people call the &amp;quot;Modern Sherlock Holmes.&amp;quot; However, one night after a date with his childhood sweetheart, Ran, Shinichi witnessed an illegal trade and, caught off his guard, was knocked unconscious and fed a drug that was supposed to kill him... but he woke up and found himself shrunken to a seven year-old. In order to track down the men who did this to him, Shinichi hid his identity and lived with Ran, whose father happened to be a hopeless detective, and with that came a series of murders and mysteries that he must solve. &lt;br /&gt;
&lt;br /&gt;
(Source: ANN)</synopsis>
    <image>http://cdn.myanimelist.net/images/anime/2/44233.jpg</image>
  </entry>
  <entry>
    <id>779</id>
    <title>Detective Conan Movie 01: The Timed Skyscraper</title>
    <english>Case Closed The Movie: The Time Bombed Skyscraper</english>
    <synonyms>Meitantei Conan: Tokei Jikake no Matenrou</synonyms>
    <episodes>1</episodes>
    <score>8.02</score>
    <type>Movie</type>
    <status>Finished Airing</status>
    <start_date>1997-04-19</start_date>
    <end_date>1997-04-19</end_date>
    <synopsis>Taking the original story of Detective Conan, this first Conan film follows his adventures as he struggles to find and capture a mad bomber who's loose in his home town. Chasing bomb after bomb, Conan must stop him before he destroys a skyscraper in the middle of the city, which has the potential to cause millions of dollars in damage and kill hundreds. Who's planting the bombs? What are his motives? Gather clues with Conan and find out!</synopsis>
    <image>http://cdn.myanimelist.net/images/anime/9/20101.jpg</image>
  </entry>
  <entry>
    <id>780</id>
    <title>Detective Conan Movie 02: The Fourteenth Target</title>
    <english>Case Closed: The Fourteenth Target</english>
    <synonyms>Meitantei Conan: Jyuuyonbanme no Target</synonyms>
    <episodes>1</episodes>
    <score>8.05</score>
    <type>Movie</type>
    <status>Finished Airing</status>
    <start_date>1998-04-18</start_date>
    <end_date>1998-04-18</end_date>
    <synopsis>Ran has a nightmare about her mother dying, but starts to remember what really happened involving herself, her mother, and her father from 10 years ago. Meanwhile, people are being injured by a certain culprit. Conan soon realizes that these people all have some kind of relation to Mouri, and that they all had a number in their name corresponding to a playing card and were being targeted in order, from the king down to the ace. The police soon decide that a murderous card dealer who just got out of jail and wanted revenge on Mouri is behind it. However, as injuries become murders and it is a race to predict who the next victims will be, Conan soon finds that the truth is something completely different, while learning about the incident from 10 years ago in the process. &lt;br /&gt;
&lt;br /&gt;
(Source: ANN)</synopsis>
    <image>http://cdn.myanimelist.net/images/anime/8/20102.jpg</image>
  </entry>
  <entry>
    <id>781</id>
    <title>Detective Conan Movie 03: The Last Wizard of the Century</title>
    <english>Case Closed Movie 3: The Last Wizard of the Century</english>
    <synonyms>Meitantei Conan: Seikimatsu no Majutsushi; Detective Conan Movie 3</synonyms>
    <episodes>1</episodes>
    <score>8.23</score>
    <type>Movie</type>
    <status>Finished Airing</status>
    <start_date>1999-04-17</start_date>
    <end_date>1999-04-17</end_date>
    <synopsis>Kaitou Kid announces to the police that he intends to steal the Russian Imperial Easter Egg, which is currently being held in Osaka. As Conan pursues his rival, he discovers that there's more to this case then simply stopping a robbery.&lt;br /&gt;
&lt;br /&gt;
(Source: ANN)</synopsis>
    <image>http://cdn.myanimelist.net/images/anime/12/20103.jpg</image>
  </entry>
  <entry>
    <id>1363</id>
    <title>Detective Conan Movie 04: Captured in Her Eyes</title>
    <english>Case Closed Movie 4: Captured In Her Eyes</english>
    <synonyms>Meitantei Conan: Hitomi no Naka no Ansatsusha; Detective Conan Movie 4</synonyms>
    <episodes>1</episodes>
    <score>8.22</score>
    <type>Movie</type>
    <status>Finished Airing</status>
    <start_date>2000-04-22</start_date>
    <end_date>2000-04-22</end_date>
    <synopsis>A series of murders have occurred with police officers as victims. One of the officers is shot right in front of Ran's eyes, and the shock of the incident causes Ran to lose her memory of everyone and everything around her. Now Conan must help Ran regain her lost memories, while also protecting her from the murderer, who is targeting Ran for witnessing the crime.&lt;br /&gt;
&lt;br /&gt;
(Source: ANN)</synopsis>
    <image>http://cdn.myanimelist.net/images/anime/10/15429.jpg</image>
  </entry>
  <entry>
    <id>1364</id>
    <title>Detective Conan Movie 05: Countdown to Heaven</title>
    <english>Case Closed Movie 5: Countdown to Heaven</english>
    <synonyms>Meitantei Conan: Tengoku e no Count Down</synonyms>
    <episodes>1</episodes>
    <score>8.30</score>
    <type>Movie</type>
    <status>Finished Airing</status>
    <start_date>2001-04-21</start_date>
    <end_date>2001-04-21</end_date>
    <synopsis> As a pair of towers in Tokyo are being prepared for their grand opening, there is a series of murders of people connected to the towers. Conan suspects that the mysterious Syndicate may also be involved.&lt;br /&gt;
&lt;br /&gt;
(Source: ANN)</synopsis>
    <image>http://cdn.myanimelist.net/images/anime/9/20105.jpg</image>
  </entry>
  <entry>
    <id>1365</id>
    <title>Detective Conan Movie 06: The Phantom of Baker Street</title>
    <english>Case Closed: The Phantom of Baker Street</english>
    <synonyms>Meitantei Conan: Baker Street no Bourei</synonyms>
    <episodes>1</episodes>
    <score>8.48</score>
    <type>Movie</type>
    <status>Finished Airing</status>
    <start_date>2002-04-20</start_date>
    <end_date>2002-04-20</end_date>
    <synopsis>Conan was invited to a party with many other guests. They were there to test a new virtual game system, when a murder mystery occured. Now Conan must go into the game system to figure out who the murderer is with the help of the famous book character Sherlock Holmes. The lives of 49 kids testing the game are in his hands.&lt;br /&gt;
&lt;br /&gt;
(Source: ANN)</synopsis>
    <image>http://cdn.myanimelist.net/images/anime/10/51209.jpg</image>
  </entry>
  <entry>
    <id>1366</id>
    <title>Detective Conan Movie 07: Crossroad in the Ancient Capital</title>
    <english></english>
    <synonyms>Meitantei Conan: Meikyuu no Crossroad</synonyms>
    <episodes>1</episodes>
    <score>8.05</score>
    <type>Movie</type>
    <status>Finished Airing</status>
    <start_date>2003-04-19</start_date>
    <end_date>2003-04-19</end_date>
    <synopsis>Mouri Kogoro is called to a special case in the ancient capital of Kyoto. There, Conan meets Heiji and they team up once again to solve the case, recover the stolen Healing Buddha statue, and even discover the identity of Heiji's first love.&lt;br /&gt;
&lt;br /&gt;
(Source: ANN)</synopsis>
    <image>http://cdn.myanimelist.net/images/anime/10/20984.jpg</image>
  </entry>
  <entry>
    <id>1367</id>
    <title>Detective Conan Movie 08: Magician of the Silver Sky</title>
    <english></english>
    <synonyms>Meitantei Conan: Ginyoku no Magician</synonyms>
    <episodes>1</episodes>
    <score>8.29</score>
    <type>Movie</type>
    <status>Finished Airing</status>
    <start_date>2004-04-17</start_date>
    <end_date>2004-04-17</end_date>
    <synopsis>Kaito Kid strikes again in this new annual installment of the Detective Conan movies. An actress asked for Mouri Kogoro to protect a precious jewel of hers which Kid has vowed to steal. On the day of the theft, Kaito Kid dressed up as Shinichi and matched wits with Conan, and fled in the end. To thank them, the actress invited Kogoro and family and friends to Sapporo, but a bigger scheme, and a great emergency is just about to unravel high above the clouds in the plane that they're taking...&lt;br /&gt;
&lt;br /&gt;
(Source: ANN)</synopsis>
    <image>http://cdn.myanimelist.net/images/anime/2/20982.jpg</image>
  </entry>
  <entry>
    <id>1368</id>
    <title>Detective Conan OVA 06: Follow the Vanished Diamond! Conan &amp; Heiji vs. Kid!</title>
    <english></english>
    <synonyms>Meitantei Conan: Kieta Daiya wo Oe! Conan &amp; Heiji VS Kid!</synonyms>
    <episodes>1</episodes>
    <score>7.63</score>
    <type>OVA</type>
    <status>Finished Airing</status>
    <start_date>2006-03-15</start_date>
    <end_date>2006-03-15</end_date>
    <synopsis>One day Mori Kogoro's private detective agency receives a blackmail call. It turns out that the caller has dialed the wrong number. Conan is able to identify the voice on the phone, it's similar to that of his old friend Heiji, who's also a high school detective but in Osaka. They join once again forces to solve the case and find the jewel which was stolen. &lt;br /&gt;
&lt;br /&gt;
But they are not the only ones who are after the jewel. The notorious master thief Kaitou Kid has taken an interest in this piece, which is worth 100,000,000 Yen, as well and now it's up to Heiji and Conan to be the first to find the culprit and acquire the jewel. &lt;br /&gt;
&lt;br /&gt;
(Source: AniDB) </synopsis>
    <image>http://cdn.myanimelist.net/images/anime/10/31137.jpg</image>
  </entry>
  <entry>
    <id>1369</id>
    <title>Detective Conan OVA 01: Conan vs. Kid vs. Yaiba</title>
    <english></english>
    <synonyms>Meitantei Conan: Conan VS KID VS Yaiba</synonyms>
    <episodes>1</episodes>
    <score>7.44</score>
    <type>OVA</type>
    <status>Finished Airing</status>
    <start_date>2000-00-00</start_date>
    <end_date>2000-00-00</end_date>
    <synopsis>Conan borrows a large amount of manga from Mitsuhiko and crazy things begin to happen around Beika City. Things aren't always the way they appear to be. A family asks Kogoro to help them protect a special sword in their dojo since Kaitou KID has sent word he's going to steal it. However Kaitou KID will have to steal the sword while Conan and Yaiba are after him.&lt;br /&gt;
&lt;br /&gt;
(Source: ANN)</synopsis>
    <image>http://cdn.myanimelist.net/images/anime/5/19592.jpg</image>
  </entry>
  <entry>
    <id>1505</id>
    <title>Detective Conan Movie 09: Strategy Above the Depths</title>
    <english></english>
    <synonyms>Meitantei Conan: Suihei Senjou no Sutoratejii; Detective Conan - Strategy Above the Depths</synonyms>
    <episodes>1</episodes>
    <score>8.00</score>
    <type>Movie</type>
    <status>Finished Airing</status>
    <start_date>2005-04-09</start_date>
    <end_date>2005-04-09</end_date>
    <synopsis>Fifteen years ago, Daiichi Yachiyo Maru, a cargo ship, crashed into a large iceberg in northern Pacific Ocean, and sank, along with the captain and crew.&lt;br /&gt;
&lt;br /&gt;
Now, in Nishitama, a ship designer of Yatsushiro Shipbuilder, which belonged to Yatsushiro Financial Combine, suffered from a sudden heart attack while he was driving, and died in a traffic accident.&lt;br /&gt;
&lt;br /&gt;
Six months have passed since then. Conan, Ran, and Kogoro are enjoying their trip in the Aphrodite. The Aphrodite is a luxury liner, which is sailing for the Pacific Ocean as its maiden voyage. However, there is a suspicious person, and finally a murder occurs.&lt;br /&gt;
&lt;br /&gt;
It's the beginning of a horrible plot occurring in the ocean, where there is no place to escape.&lt;br /&gt;
&lt;br /&gt;
(Source: AnimeNfo) </synopsis>
    <image>http://cdn.myanimelist.net/images/anime/8/20983.jpg</image>
  </entry>
  <entry>
    <id>1506</id>
    <title>Detective Conan Movie 10: Requiem of the Detectives</title>
    <english></english>
    <synonyms>Meitantei Conan: Tantei-tachi no Requiem; The Private Eyes' Requiem</synonyms>
    <episodes>1</episodes>
    <score>8.25</score>
    <type>Movie</type>
    <status>Finished Airing</status>
    <start_date>2006-04-15</start_date>
    <end_date>2006-04-15</end_date>
    <synopsis>Kogoro and Conan came to Yokohama according to a request from a mysterious man. But that was a trap of this man. Ran and the Detective Boys will be taken as hostages. If they don't solve the request of the man within 12 hours, the bombs attached to the hostages will explode. Furthermore, the man know that Conan's true identity is Kudo Shinichi. Also Hattori Heiji, the High School Detective of the West, and Kaito Kid enter the stage. Will they be able to solve the mystery within the time limit and save Ran and the others? And who in the world is the client?&lt;br /&gt;
&lt;br /&gt;
(Source: AniDB)</synopsis>
    <image>http://cdn.myanimelist.net/images/anime/7/2715.jpg</image>
  </entry>
  <entry>
    <id>2171</id>
    <title>Detective Conan Movie 11: Jolly Roger in the Deep Azure</title>
    <english></english>
    <synonyms>Meitantei Conan: Konpeki no Hitsugi [Jolly Roger]; Detective Conan 2007; Detective Conan Movie 11</synonyms>
    <episodes>1</episodes>
    <score>7.65</score>
    <type>Movie</type>
    <status>Finished Airing</status>
    <start_date>2007-04-21</start_date>
    <end_date>2007-04-21</end_date>
    <synopsis>The Isle of Koumi, a beautiful island in the Pacific Ocean. On the island, people pass an old legend down from generation to generation that there was the Seabed Palace, an ancient ruin at the bottom of the sea, where the treasure of 2 female pirates, Anne Bonnie &amp;amp; Mary Reed (who really existed 300 years ago), was left. When Conan and his friends visit Koumi Island while on vacation, they meet some treasure hunters. There was something suspicious about them.&lt;br /&gt;
&lt;br /&gt;
(Source: ANN)</synopsis>
    <image>http://cdn.myanimelist.net/images/anime/10/15432.jpg</image>
  </entry>
  <entry>
    <id>2512</id>
    <title>Detective Conan OVA 02: 16 Suspects</title>
    <english></english>
    <synonyms>Meitantei Conan: 16 Nin no Yougisha</synonyms>
    <episodes>1</episodes>
    <score>7.47</score>
    <type>OVA</type>
    <status>Finished Airing</status>
    <start_date>2002-00-00</start_date>
    <end_date>2002-00-00</end_date>
    <synopsis>The whole gang gets invited to Inspecter Shiratori's villa, where he keeps his wine collection, to celebrate the completion of it.</synopsis>
    <image>http://cdn.myanimelist.net/images/anime/10/71317.jpg</image>
  </entry>
  <entry>
    <id>2513</id>
    <title>Detective Conan OVA 03: Conan and Heiji and the Vanished Boy</title>
    <english></english>
    <synonyms>Meitantei Conan: Conan to Heiji to Kieta Shounen</synonyms>
    <episodes>1</episodes>
    <score>7.36</score>
    <type>OVA</type>
    <status>Finished Airing</status>
    <start_date>2003-00-00</start_date>
    <end_date>2003-00-00</end_date>
    <synopsis>Conan and Ran are visiting Heiji and Kazuha in Osaka but while they are touring around they come across a group of three kids that look like Ayumi, Mitsuhiko, and Genta. The group are looking for their missing friend and Conan agrees to help.&lt;br /&gt;
&lt;br /&gt;
(Source: ANN)</synopsis>
    <image>http://cdn.myanimelist.net/images/anime/4/31139.jpg</image>
  </entry>
  <entry>
    <id>2514</id>
    <title>Detective Conan OVA 04: Conan and Kid and Crystal Mother</title>
    <english></english>
    <synonyms>Meitantei Conan: Conan to Kid to Crystal Mother</synonyms>
    <episodes>1</episodes>
    <score>7.71</score>
    <type>OVA</type>
    <status>Finished Airing</status>
    <start_date>2004-00-00</start_date>
    <end_date>2004-00-00</end_date>
    <synopsis>Kaito and Aoko are traveling on a train along with Aoko`s father, Inspector Nakamori, in attempts to help stop Kaitou KID from stealing a precious gem known as Crystal Mother. Little do Aoko and Inspector Nakamori know that Kaito is Kaitou KID and he will do whatever it takes to retrieve the gem. Unfortunately for Kaito, he is also being followed by Conan and a little boy named Philip who will do anything to stop him. &lt;br /&gt;
&lt;br /&gt;
(Source: ANN)&lt;br /&gt;
&lt;br /&gt;
</synopsis>
    <image>http://cdn.myanimelist.net/images/anime/2/31141.jpg</image>
  </entry>
  <entry>
    <id>2515</id>
    <title>Detective Conan OVA 05: The Target is Kogoro! The Detective Boys' Secret Investigation</title>
    <english></english>
    <synonyms>Meitantei Conan: Hyouteki wa Kogoro! Shounen Tanteidan Maruchichousa</synonyms>
    <episodes>1</episodes>
    <score>7.42</score>
    <type>OVA</type>
    <status>Finished Airing</status>
    <start_date>2005-00-00</start_date>
    <end_date>2005-00-00</end_date>
    <synopsis>Receiving a class assignment to research a profession the detective boys decide to shadow Kogoro for a day.</synopsis>
    <image>http://cdn.myanimelist.net/images/anime/10/31143.jpg</image>
  </entry>
  <entry>
    <id>2597</id>
    <title>Detective Conan OVA 07: A Challenge from Agasa! Agasa vs. Conan and the Detective Boys</title>
    <english></english>
    <synonyms>Meitantei Conan: Agasa-sensei no Chousenjou! Agasa vs Conan &amp; Shounen Tanteidan</synonyms>
    <episodes>1</episodes>
    <score>7.43</score>
    <type>OVA</type>
    <status>Finished Airing</status>
    <start_date>2007-03-13</start_date>
    <end_date>2007-03-13</end_date>
    <synopsis>Professor Agasa is kidnapped and the Detective Boys must use clues found at his house and in various parts of the city in order to find him.</synopsis>
    <image>http://cdn.myanimelist.net/images/anime/12/31145.jpg</image>
  </entry>
  <entry>
    <id>4447</id>
    <title>Detective Conan Movie 12: Full Score of Fear</title>
    <english></english>
    <synonyms>Meitantei Conan: Senritsu no Gakufu [Full Score]; Detective Conan 2008; Detective Conan movie 12</synonyms>
    <episodes>1</episodes>
    <score>7.96</score>
    <type>Movie</type>
    <status>Finished Airing</status>
    <start_date>2008-04-19</start_date>
    <end_date>2008-04-19</end_date>
    <synopsis>Serial murders involving all kinds have happened. All the victims are from a Music School led by a famous pianist. Conan and company have been invited to a opening concert of the Music Hall built by the pianist. The biggest attraction of this concert is the world famous violin called &amp;quot;Stradivarius&amp;quot; and a special appearance of a singer who has perfect pitch. &lt;br /&gt;
&lt;br /&gt;
(Source: ANN)</synopsis>
    <image>http://cdn.myanimelist.net/images/anime/6/22766.jpg</image>
  </entry>
  <entry>
    <id>5348</id>
    <title>Detective Conan Magic File 2: Kudou Shinichi - The Case of the Mysterious Wall and the Black Lab</title>
    <english></english>
    <synonyms>Detective Conan Movie 12 Side-Story OVA: Kudou Shinichi - The Case of the Mysterious Wall and the Black Lab; Meitantei Conan Magic File 2: Kudou Shin'ichi Nazo no Kabe to Kuro Lab Jiken</synonyms>
    <episodes>1</episodes>
    <score>7.72</score>
    <type>OVA</type>
    <status>Finished Airing</status>
    <start_date>2008-04-19</start_date>
    <end_date>2008-04-19</end_date>
    <synopsis>Magic File 2 was sold at select retailers (7-11 branded equivalents) in Japan, along with PPV episodes of the show (episodes released long before, such as the NY case). The first disc housed the Movie 12 Side-Story OVA, which features Kudou Shinichi and details a bit of the backstory from the upcoming movie. The second disc was the one with the PPV episodes.&lt;br /&gt;
&lt;br /&gt;
(Source: DCTP Forum)</synopsis>
    <image>http://cdn.myanimelist.net/images/anime/6/10891.jpg</image>
  </entry>
  <entry>
    <id>5460</id>
    <title>Detective Conan Movie 13: The Raven Chaser</title>
    <english>Detective Conan: The Jet Black Chaser</english>
    <synonyms>Meitantei Conan: Shikkoku no Chaser; Detective Conan Movie 13</synonyms>
    <episodes>1</episodes>
    <score>8.42</score>
    <type>Movie</type>
    <status>Finished Airing</status>
    <start_date>2009-04-18</start_date>
    <end_date>2009-04-18</end_date>
    <synopsis>Kudou Shinichi is living his life as Edogawa Conan, but those days seem like they might end pretty soon. The Black Syndicate is coming dangerously close to learning the truth about Shinichi having survived. Conan and everybody around him may end up dead if he doesn't manage to find Irish&amp;mdash;a member of the Black Organization who has infiltrated the police forces, currently investigating a big serial murder case.</synopsis>
    <image>http://cdn.myanimelist.net/images/anime/2/22558.jpg</image>
  </entry>
  <entry>
    <id>6115</id>
    <title>Lupin III vs. Detective Conan</title>
    <english></english>
    <synonyms>Lupin Sansei vs Meitantei Conan; Lupin III vs. Meitantei Conan</synonyms>
    <episodes>1</episodes>
    <score>7.91</score>
    <type>Special</type>
    <status>Finished Airing</status>
    <start_date>2009-03-27</start_date>
    <end_date>2009-03-27</end_date>
    <synopsis>In a country called Vesparand, a new mineral with super stealth properties has been discovered which attracts Lupin's attention. At the same time the untimely deaths of Queen Sakura and her son, Prince Gill, leave Princess Mira next in succession to the throne. During a trip to Japan, Princess Mira finds her double in Ran and takes the opportunity to trade places, which ends with Ran being spirited away to Vesparand with Conan, Zenigata, Kogoro Mouri, Lupin and Fujiko in tow. There they meet a waiting Jigen and solve the mystery of the deaths of the Queen and Prince.&lt;br /&gt;
&lt;br /&gt;
(Source: ANN) &lt;br /&gt;
</synopsis>
    <image>http://cdn.myanimelist.net/images/anime/11/27602.jpg</image>
  </entry>
  <entry>
    <id>6198</id>
    <title>Detective Conan OVA 08: High School Girl Detective Sonoko Suzuki's Case Files</title>
    <english></english>
    <synonyms>Meitantei Conan: Joshi Kousein Tantei Suzuki Sonoko no Jikenbo; High School Girl Detective Sonoko Suzuki's Case Files</synonyms>
    <episodes>1</episodes>
    <score>7.33</score>
    <type>OVA</type>
    <status>Finished Airing</status>
    <start_date>2008-00-00</start_date>
    <end_date>2008-00-00</end_date>
    <synopsis>Sonoko is writing a script for a play. In her script, there's a murder case, and high-school detective Suzuki Sonoko is there to help solve it. Haibara finds flaws in the deduction section of the plot, and Ran decides to call Shinichi for help with the script.&lt;br /&gt;
&lt;br /&gt;
(Source: Wikipedia, edited)</synopsis>
    <image>http://cdn.myanimelist.net/images/anime/13/13791.jpg</image>
  </entry>
  <entry>
    <id>6231</id>
    <title>Detective Conan Magic File 3: Shinichi and Ran - Memories of Mahjong Tiles and Tanabata</title>
    <english></english>
    <synonyms>Detective Conan Movie 13 Side-Story OVA; Meitantei Conan Magic File 3: Shin`ichi to Ran Mahjong Pai to Tanabata no Omoide</synonyms>
    <episodes>1</episodes>
    <score>7.63</score>
    <type>OVA</type>
    <status>Finished Airing</status>
    <start_date>2009-04-18</start_date>
    <end_date>2009-04-18</end_date>
    <synopsis>Another Shinichi and Ran pre-story.</synopsis>
    <image>http://cdn.myanimelist.net/images/anime/9/37977.jpg</image>
  </entry>
  <entry>
    <id>6438</id>
    <title>Detective Conan OVA 09: The Stranger in 10 Years...</title>
    <english></english>
    <synonyms>Meitantei Conan: 10 Nengo no Stranger</synonyms>
    <episodes>1</episodes>
    <score>8.15</score>
    <type>OVA</type>
    <status>Finished Airing</status>
    <start_date>2009-06-17</start_date>
    <end_date>2009-06-17</end_date>
    <synopsis>This OVA takes place ten years in the future and chronicles the possible events if Conan Edogawa and Ai Haibara do not take the antidote to APTX 4869 and grow up alongside their friends Genta, Mitsuhiko, and Ayumi, while still maintaining their detective endeavors.</synopsis>
    <image>http://cdn.myanimelist.net/images/anime/5/14746.jpg</image>
  </entry>
  <entry>
    <id>6467</id>
    <title>Detective Conan Movie 14: The Lost Ship in the Sky</title>
    <english></english>
    <synonyms>Meitantei Conan Tenkuu no Lost Ship</synonyms>
    <episodes>1</episodes>
    <score>8.36</score>
    <type>Movie</type>
    <status>Finished Airing</status>
    <start_date>2010-04-17</start_date>
    <end_date>2010-04-17</end_date>
    <synopsis>Kid has his eyes set on the &amp;quot;Lady of the Sky&amp;quot; jewel aboard Bell 3, the largest airship in the world. However, a mysterious terrorist group called Red Shamu-neko (Red Siamese Cat) has hijacked the airship itself, along with Conan and his allies Kogoro and Ran.&lt;br /&gt;
&lt;br /&gt;
(Source: ANN)</synopsis>
    <image>http://cdn.myanimelist.net/images/anime/7/22312.jpg</image>
  </entry>
  <entry>
    <id>7303</id>
    <title>Detective Conan: Black History</title>
    <english>Case Closed: Black History</english>
    <synonyms>Meitantei Conan: Kuro no Soshiki Tono Sesshoku; Episode 490.1; Episode 490.2</synonyms>
    <episodes>1</episodes>
    <score>7.76</score>
    <type>Special</type>
    <status>Finished Airing</status>
    <start_date>2007-12-17</start_date>
    <end_date>2007-12-17</end_date>
    <synopsis>A special episode aired after ep. 490, it summarizes the history of confrontation with the black organization. </synopsis>
    <image>http://cdn.myanimelist.net/images/anime/8/17582.jpg</image>
  </entry>
  <entry>
    <id>7304</id>
    <title>Detective Conan Movie 08: Magician of the Silver Sky Recap</title>
    <english></english>
    <synonyms>Meitantei Conan: Ginyoku no Magician; Detective Conan Movie 08: Magician of the Silver Sky Special</synonyms>
    <episodes>1</episodes>
    <score>7.93</score>
    <type>Special</type>
    <status>Finished Airing</status>
    <start_date>2004-00-00</start_date>
    <end_date>2004-00-00</end_date>
    <synopsis>A summary of the events in Detective Conan Movie 08: Magician of the Silver Sky. </synopsis>
    <image>http://cdn.myanimelist.net/images/anime/2/17583.jpg</image>
  </entry>
  <entry>
    <id>7305</id>
    <title>Detective Conan Movie 10: Requiem of the Detectives Recap</title>
    <english></english>
    <synonyms>Meitantei Conan: Tantei-tachi no Requiem Recap Special; The Private Eyes' Requiem Special; Detective Conan Movie 10: Requiem of the Detectives Special</synonyms>
    <episodes>1</episodes>
    <score>7.88</score>
    <type>Special</type>
    <status>Finished Airing</status>
    <start_date>2006-00-00</start_date>
    <end_date>2006-00-00</end_date>
    <synopsis>A summary of the events in Detective Conan Movie 10: Requiem of the Detectives. </synopsis>
    <image>http://cdn.myanimelist.net/images/anime/2/17584.jpg</image>
  </entry>
  <entry>
    <id>7471</id>
    <title>Detective Conan Movie 09: Strategy Above the Depths Recap</title>
    <english></english>
    <synonyms>Meitantei Conan: Suihei Senjou no Sutoratejii Recap; Meitantei Conan: Suihei Senjou no Sutoratejii Special; Detective Conan Movie 09: Strategy Above the Depths Special</synonyms>
    <episodes>1</episodes>
    <score>7.78</score>
    <type>Special</type>
    <status>Finished Airing</status>
    <start_date>2005-00-00</start_date>
    <end_date>2005-00-00</end_date>
    <synopsis>A summary of the events in Detective Conan Movie 09: Strategy Above the Depths. </synopsis>
    <image>http://cdn.myanimelist.net/images/anime/6/25397.jpg</image>
  </entry>
  <entry>
    <id>8310</id>
    <title>Magic Kaito</title>
    <english></english>
    <synonyms>Kaito Kid; Majikku Kaito; Kaitou Kid; Magic Kaitou; Detective Conan Special: Secret Birth of Kaito Kid; Kaitou Kid Tanjou no Himitsu</synonyms>
    <episodes>12</episodes>
    <score>8.19</score>
    <type>Special</type>
    <status>Finished Airing</status>
    <start_date>2010-04-17</start_date>
    <end_date>2012-12-29</end_date>
    <synopsis>Kaito Kuroba, a normal teenage student whose father is often absent for vaguely defined reasons. When his father dies under mysterious circumstances, he is made aware of his father's secret identity; a famous international criminal known as International Criminal 1412: the Phantom Thief, and that he was murdered by a mysterious organization for refusing to aid them in retrieving the &amp;quot;Pandora Gem&amp;quot;; a mystical stone said to shed a &amp;quot;tear&amp;quot; during the passing of a particular comet, the consumption of which bestows immortality. He vows to prevent the organization from gaining immortality, and assumes his father's identity as he begins his quest for the gem. His only clues as to the gem's location are that it glows red under the full moon and that it is a doublet: a gem hidden within a larger gem. Thus, it would have to be a relatively large one with a bizarre history, and always stored in a place that never receives moonlight. He thus researches and steals famous priceless gems with odd histories from incredibly well-defended areas, and always returns them after the very next full moon. &lt;br /&gt;
&lt;br /&gt;
(Source: Wikipedia) </synopsis>
    <image>http://cdn.myanimelist.net/images/anime/13/46095.jpg</image>
  </entry>
  <entry>
    <id>8331</id>
    <title>Detective Conan Magic File 4: Osaka Okonomiyaki Odyssey</title>
    <english></english>
    <synonyms>Meitantei Conan: Osaka Okonomiyaki Odyssey</synonyms>
    <episodes>1</episodes>
    <score>7.72</score>
    <type>OVA</type>
    <status>Finished Airing</status>
    <start_date>2010-04-17</start_date>
    <end_date>2010-04-17</end_date>
    <synopsis>Another special to accompany the release of the 14th feature film, The Lost Ship in the Sky. Along with a number of previous episodes, the original episode contained within will take place after the events of the film.</synopsis>
    <image>http://cdn.myanimelist.net/images/anime/2/21912.jpg</image>
  </entry>
  <entry>
    <id>8609</id>
    <title>Detective Conan OVA 10: Kid in Trap Island</title>
    <english></english>
    <synonyms>Detective Conan OAV 10: Kid in Trap Island</synonyms>
    <episodes>1</episodes>
    <score>7.99</score>
    <type>OVA</type>
    <status>Finished Airing</status>
    <start_date>2010-04-14</start_date>
    <end_date>2010-04-14</end_date>
    <synopsis>In this entirely new story produced specifically for the DVD, Conan leads a group of young detectives against the phantom thief Kaitou Kid, who has his eyes set on a jewel at a hotel on an isolated island.&lt;br /&gt;
&lt;br /&gt;
(Source: ANN)</synopsis>
    <image>http://cdn.myanimelist.net/images/anime/7/23698.jpg</image>
  </entry>
  <entry>
    <id>9785</id>
    <title>Detective Conan: Conan vs. Kid - Shark &amp; Jewel</title>
    <english></english>
    <synonyms>Meitantei Conan: Conan vs. Kid - Shark &amp; Jewel</synonyms>
    <episodes>1</episodes>
    <score>7.78</score>
    <type>Movie</type>
    <status>Finished Airing</status>
    <start_date>2005-07-29</start_date>
    <end_date>2005-07-29</end_date>
    <synopsis>3D IMAX movie, shown only at the Suntory Museum in Osaka.</synopsis>
    <image>http://cdn.myanimelist.net/images/anime/13/27101.jpg</image>
  </entry>
  <entry>
    <id>9786</id>
    <title>Detective Conan: Conan vs. Kid - Jet Black Sniper</title>
    <english></english>
    <synonyms>Meitantei Conan: Conan vs. Kid - Shikkoku no Sniper</synonyms>
    <episodes>1</episodes>
    <score>7.67</score>
    <type>Movie</type>
    <status>Finished Airing</status>
    <start_date>2006-07-28</start_date>
    <end_date>2006-07-28</end_date>
    <synopsis>3D IMAX movie, shown only at the Suntory Museum in Osaka.&lt;br /&gt;
&lt;br /&gt;
The story involves a heist taking place on 15 Aug at the Takaramachi Jewelry Museum where a jewel worth 1 Billion Yen is stolen.</synopsis>
    <image>http://cdn.myanimelist.net/images/anime/13/27102.jpg</image>
  </entry>
  <entry>
    <id>9839</id>
    <title>Detective Conan: Black History 2</title>
    <english>Case Closed: Black History 2</english>
    <synonyms>Meitantei Conan: Kuro no Soshiki Tono Sesshoku; Episode 490.2</synonyms>
    <episodes>1</episodes>
    <score>7.67</score>
    <type>Special</type>
    <status>Finished Airing</status>
    <start_date>2007-12-17</start_date>
    <end_date>2007-12-17</end_date>
    <synopsis>A special episode aired after ep. 490, it summarizes episodes 309 -&amp;gt; 311.</synopsis>
    <image>http://cdn.myanimelist.net/images/anime/5/27235.jpg</image>
  </entry>
  <entry>
    <id>9963</id>
    <title>Detective Conan Movie 15: Quarter of Silence</title>
    <english></english>
    <synonyms>Meitantei Conan: Chinmoku no Quarter</synonyms>
    <episodes>1</episodes>
    <score>8.16</score>
    <type>Movie</type>
    <status>Finished Airing</status>
    <start_date>2011-04-16</start_date>
    <end_date>2011-04-16</end_date>
    <synopsis>The story begins with a threat against the Tokyo governor, but Conan's quick thinking prevents any fatalities when a subway tunnel is blown up. Conan learns there may be a connection to a village that was relocated for the construction of a dam, and he races to stop the criminal before the next attack.&lt;br /&gt;
&lt;br /&gt;
(Source: ANN)</synopsis>
    <image>http://cdn.myanimelist.net/images/anime/9/32035.jpg</image>
  </entry>
  <entry>
    <id>10531</id>
    <title>Detective Conan Magic File 5: Niigata - Tokyo Omiyage Capriccio</title>
    <english></english>
    <synonyms>Meitantei Conan Magic File 2011: Niigata - Tokyo Omiyage Capriccio; Meitantei Conan Magic File 5</synonyms>
    <episodes>1</episodes>
    <score>7.52</score>
    <type>OVA</type>
    <status>Finished Airing</status>
    <start_date>2011-04-16</start_date>
    <end_date>2011-04-16</end_date>
    <synopsis>Another Detective Conan Magic File.</synopsis>
    <image>http://cdn.myanimelist.net/images/anime/6/28938.jpg</image>
  </entry>
  <entry>
    <id>10703</id>
    <title>Detective Conan OVA 11: A Secret Order from London</title>
    <english></english>
    <synonyms>Meitantei Conan: London kara no Maru Hi Shirei</synonyms>
    <episodes>1</episodes>
    <score>7.50</score>
    <type>OVA</type>
    <status>Finished Airing</status>
    <start_date>2011-05-30</start_date>
    <end_date>2011-05-30</end_date>
    <synopsis>Diana invites Kogorou and Ran to London, but since Conan cannot travel with his invented name, Ai gives him a temporary antidote, letting him travel as Kudou Shin'ichi. Together with Professor Agasa they are on a plane to London.&lt;br /&gt;
&lt;br /&gt;
Back in Japan, Ai now lives with Ayumi. Near their apartment, a suspicious man clothed in black named Kurokawa Youji has been trying to track down and now has found Ai. Shortly after Mitsuhiko notices a picture in a magazine of a foreign actress named Grace Aihara, who looks exactly like Ai, Conan calls, ominously instructing Mitsuhiko to keep Ai away from the Professor's house. And so, Mitsuhiko and Genta go about trying to protect Ai...&lt;br /&gt;
&lt;br /&gt;
(Source: foo2)</synopsis>
    <image>http://cdn.myanimelist.net/images/anime/11/29489.jpg</image>
  </entry>
  <entry>
    <id>10766</id>
    <title>Detective Conan vs. Wooo</title>
    <english></english>
    <synonyms>Meitantei Conan vs. Wooo</synonyms>
    <episodes>2</episodes>
    <score>6.22</score>
    <type>ONA</type>
    <status>Finished Airing</status>
    <start_date>2011-04-22</start_date>
    <end_date>2011-06-23</end_date>
    <synopsis>A web series &amp;quot;Detective Conan vs. Wooo.&amp;quot; This web short is an advertisement for the Wooo line of televisions in Japan.</synopsis>
    <image>http://cdn.myanimelist.net/images/anime/7/29671.jpg</image>
  </entry>
  <entry>
    <id>12117</id>
    <title>Detective Conan Movie 16: The Eleventh Striker</title>
    <english></english>
    <synonyms>Detective Conan Movie 16: 11 Nin-me no Striker</synonyms>
    <episodes>1</episodes>
    <score>7.92</score>
    <type>Movie</type>
    <status>Finished Airing</status>
    <start_date>2012-04-14</start_date>
    <end_date>2012-04-14</end_date>
    <synopsis>After an interaction with J-League professional players, Conan and co watches the big match between Tokyo Spirits and Gamba Osaka, only to find out that a bomb has been planted in the stadium. It is now up to Conan once again to foil the culprit's plans and reveal his/her true identity.&lt;br /&gt;
&lt;br /&gt;
(Source: ANN)</synopsis>
    <image>http://cdn.myanimelist.net/images/anime/8/37511.jpg</image>
  </entry>
  <entry>
    <id>13837</id>
    <title>Detective Conan Magic File 6: Fantasista Flower</title>
    <english>Detective Conan Magic File 6: Fantasista Flower</english>
    <synonyms>Detective Conan Bonus File: Fantasista Flower</synonyms>
    <episodes>1</episodes>
    <score>7.56</score>
    <type>OVA</type>
    <status>Finished Airing</status>
    <start_date>2012-04-14</start_date>
    <end_date>2012-04-14</end_date>
    <synopsis>&amp;quot;Fantasista Flower&amp;quot; is a side-story OVA related to The Eleventh Striker. &lt;br /&gt;
&lt;br /&gt;
(Source: Detective Conan World) </synopsis>
    <image>http://cdn.myanimelist.net/images/anime/13/38385.jpg</image>
  </entry>
  <entry>
    <id>13839</id>
    <title>Detective Conan OVA 12: The Miracle of Excalibur</title>
    <english></english>
    <synonyms>Detective Conan: The Miracle of Excalibur; Meitantei Conan: The Miracle of Excalibur</synonyms>
    <episodes>1</episodes>
    <score>7.13</score>
    <type>OVA</type>
    <status>Finished Airing</status>
    <start_date>2012-05-24</start_date>
    <end_date>2012-05-24</end_date>
    <synopsis>The Miracle of Excalibur is the twelfth OVA of the anime and manga franchise Detective Conan. The plot is based on Gosho Aoyama's short story &amp;quot;Excalibur.&amp;quot;&lt;br /&gt;
&lt;br /&gt;
(Source: Detective Conan World)</synopsis>
    <image>http://cdn.myanimelist.net/images/anime/5/59513.jpg</image>
  </entry>
  <entry>
    <id>14735</id>
    <title>Detective Conan Movie 17: Private Eye in the Distant Sea</title>
    <english></english>
    <synonyms>Detective Conan Movie 17; Meitantei Conan: Sekkai no Private Eye</synonyms>
    <episodes>1</episodes>
    <score>7.89</score>
    <type>Movie</type>
    <status>Finished Airing</status>
    <start_date>2013-04-20</start_date>
    <end_date>2013-04-20</end_date>
    <synopsis>The movie is set on a state-of-the art Aegis vessel with the full cooperation of Japan's real-life Ministry of Defense and Maritime Self-Defense Force. The corpse of a Self-Defense Force member has been found &mdash; minus the left arm &mdash; and a spy has infiltrated the Aegis vessel. The heroine Ran is put in jeopardy, and Conan is forced to stand up against the dangerous Spy &quot;X.&quot;&lt;br /&gt;
&lt;br /&gt;
(Source: ANN)</synopsis>
    <image>http://cdn.myanimelist.net/images/anime/4/47419.jpg</image>
  </entry>
  <entry>
    <id>14943</id>
    <title>Detective Conan Movie 8 Pre-Release Special</title>
    <english></english>
    <synonyms>Detective Conan Movie 8 Promo Special</synonyms>
    <episodes>1</episodes>
    <score>7.32</score>
    <type>Special</type>
    <status>Finished Airing</status>
    <start_date>2004-00-00</start_date>
    <end_date>2004-00-00</end_date>
    <synopsis>Professor Agasa has created a computer program that can give you the identity of anyone in the world. He decides to use it on figuring out who Kaitou Kid is. Before he does, the program gives him a history of the Kid, as well as preview clips of the eighth movie. When he is about to finally figure out who the Kid is, Kid appears on the computer screen, announcing he has hacked the program. &lt;br /&gt;
&lt;br /&gt;
(Source: detectiveconanworld) </synopsis>
    <image>http://cdn.myanimelist.net/images/anime/6/40579.jpg</image>
  </entry>
  <entry>
    <id>18429</id>
    <title>Lupin III vs. Detective Conan: The Movie</title>
    <english></english>
    <synonyms>Rupan Sansei vs. Meitantei Conan: The Movie, Rupan Sansei vs Meitantei Conan (Movie)</synonyms>
    <episodes>1</episodes>
    <score>8.08</score>
    <type>Movie</type>
    <status>Finished Airing</status>
    <start_date>2013-12-07</start_date>
    <end_date>2013-12-07</end_date>
    <synopsis>It is a cross over between the series Lupin III and Detective Conan and takes place after the television special Lupin the 3rd vs Detective Conan. The plot follows Conan Edogawa who sets out to apprehend Ars&amp;egrave;ne Lupin III, the suspect of stealing a jewel called Cherry Sapphire.&lt;br /&gt;
&lt;br /&gt;
(Souce: Wikipedia)</synopsis>
    <image>http://cdn.myanimelist.net/images/anime/4/51663.jpg</image>
  </entry>
  <entry>
    <id>21419</id>
    <title>Detective Conan Movie 18: The Sniper from Another Dimension</title>
    <english></english>
    <synonyms>Meitantei Conan: Ijigen no Sniper</synonyms>
    <episodes>1</episodes>
    <score>8.17</score>
    <type>Movie</type>
    <status>Finished Airing</status>
    <start_date>2014-04-19</start_date>
    <end_date>2014-04-19</end_date>
    <synopsis>A vicious sniper has appeared in Tokyo, rendering the people too scared to go outside, once again it's up to Conan to figure out the meaning behind the killings and capture the mysterious sniper before more lives are lost.&lt;br /&gt;
&lt;br /&gt;
(Source: ANN)</synopsis>
    <image>http://cdn.myanimelist.net/images/anime/11/60289.jpg</image>
  </entry>
  <entry>
    <id>24169</id>
    <title>Detective Conan: The Fugitive Kogorou Mouri</title>
    <english></english>
    <synonyms>Detective Conan: Toubousha Mouri Kogorou</synonyms>
    <episodes>1</episodes>
    <score>6.99</score>
    <type>ONA</type>
    <status>Finished Airing</status>
    <start_date>2014-04-30</start_date>
    <end_date>2014-04-30</end_date>
    <synopsis>File 594 that was never animated. To celebrate Detective Conan Movie 18 premiere, it was animated and streamed on NOTTV.  This is where Kogorou Mouri is the fugitive.</synopsis>
    <image>http://cdn.myanimelist.net/images/anime/8/62767.jpg</image>
  </entry>
  <entry>
    <id>28479</id>
    <title>Detective Conan Movie 19: The Hellfire Sunflowers</title>
    <english></english>
    <synonyms></synonyms>
    <episodes>1</episodes>
    <score>0.00</score>
    <type>Movie</type>
    <status>Not yet aired</status>
    <start_date>2015-04-18</start_date>
    <end_date>2015-04-18</end_date>
    <synopsis>Kaitou Kid and Vincent van Gogh's artworks feature heavily in the movie, according to an interview with Gosho Aoyama. The teaser preview at the end of Dimensional Sniper included references to van Gogh's &amp;quot;Sunflowers&amp;quot; series.&lt;br /&gt;
&lt;br /&gt;
(Source: Wikipedia)</synopsis>
    <image>http://cdn.myanimelist.net/images/anime/11/69315.jpg</image>
  </entry>
</anime>
