<?xml version="1.0" encoding="utf-8"?>
<anime>
  <entry>
    <id>18689</id>
    <title>Diamond no Ace</title>
    <english>Ace of Diamond</english>
    <synonyms>Daiya no Ace; Ace of the Diamond</synonyms>
    <episodes>0</episodes>
    <score>8.13</score>
    <type>TV</type>
    <status>Currently Airing</status>
    <start_date>2013-10-06</start_date>
    <end_date>2015-03-00</end_date>
    <synopsis>The story follows Eijun Sawamura, a pitcher who joins an elite school with a brilliant catcher named Kazuya Miyuki. Together with the rest of the team, they strive for Japan's storied Koushien championships through hard work and determination.&lt;br /&gt;
&lt;br /&gt;
(Source: ANN)</synopsis>
    <image>http://cdn.myanimelist.net/images/anime/5/54235.jpg</image>
  </entry>
  <entry>
    <id>25341</id>
    <title>Diamond no Ace OVA</title>
    <english></english>
    <synonyms>Daiya no Ace OVA; Ace of Diamond OVA; Ace of the Diamond OVA</synonyms>
    <episodes>3</episodes>
    <score>7.64</score>
    <type>OVA</type>
    <status>Currently Airing</status>
    <start_date>2014-11-17</start_date>
    <end_date>0000-00-00</end_date>
    <synopsis>First episode will be bundled with 44th manga volume.&lt;br /&gt;
&lt;br /&gt;
The limited-edition DVD will animate &amp;quot;Face -Kominato Ryousuke Special Bangai-hen-&amp;quot;, which appeared in the Ace of Diamond Official Guidebook Ura and tells the &amp;quot;moving secret story of the Kominato brothers that cannot be seen in the television series.&amp;quot;</synopsis>
    <image>http://cdn.myanimelist.net/images/anime/5/71263.jpg</image>
  </entry>
</anime>
