<?xml version="1.0" encoding="utf-8"?>
<anime>
  <entry>
    <id>27785</id>
    <title>Doamaiger D</title>
    <english></english>
    <synonyms></synonyms>
    <episodes>0</episodes>
    <score>0.00</score>
    <type>TV</type>
    <status>Currently Airing</status>
    <start_date>2015-01-05</start_date>
    <end_date>0000-00-00</end_date>
    <synopsis>Kyougoku Daijirou is the 15th generation owner of the Kyoto sweets shop Amashoudou. One day, Daijirou discovers a giant robot named Doamaiger D in his store's basement. At the same time, enemies called &amp;quot;Mekaijuu&amp;quot; appear in Kyoto and begin wreaking havoc.&lt;br /&gt;
&lt;br /&gt;
(Source: ANN)</synopsis>
    <image>http://cdn.myanimelist.net/images/anime/4/70995.jpg</image>
  </entry>
</anime>
