<?xml version="1.0" encoding="utf-8"?>
<anime>
  <entry>
    <id>7643</id>
    <title>Domo-kun</title>
    <english></english>
    <synonyms></synonyms>
    <episodes>0</episodes>
    <score>7.12</score>
    <type>TV</type>
    <status>Currently Airing</status>
    <start_date>1998-12-22</start_date>
    <end_date>0000-00-00</end_date>
    <synopsis>A strange monster hatches from a mysterious egg. He befriends various animals, and takes residence in Osajii's burrow. He discovers new and exciting things about every day life.&lt;br /&gt;
&lt;br /&gt;
As of 2008, there are at least 37 regular TV spot episodes of Domo-kun.  These 37 episodes were released on DVD in Japan in July of 2009.</synopsis>
    <image>http://cdn.myanimelist.net/images/anime/3/18406.jpg</image>
  </entry>
  <entry>
    <id>8815</id>
    <title>Domo TV</title>
    <english></english>
    <synonyms>Domo-kun TV</synonyms>
    <episodes>26</episodes>
    <score>6.72</score>
    <type>TV</type>
    <status>Finished Airing</status>
    <start_date>2008-00-00</start_date>
    <end_date>2008-00-00</end_date>
    <synopsis>A co-production between Nickelodeon and NHK featuring the stop-motion character Domo-kun, aired both in the US and Japan.</synopsis>
    <image>http://cdn.myanimelist.net/images/anime/12/24339.jpg</image>
  </entry>
</anime>
