<?xml version="1.0" encoding="utf-8"?>
<anime>
  <entry>
    <id>8687</id>
    <title>Doraemon (2005)</title>
    <english></english>
    <synonyms></synonyms>
    <episodes>0</episodes>
    <score>7.68</score>
    <type>TV</type>
    <status>Currently Airing</status>
    <start_date>2005-04-15</start_date>
    <end_date>0000-00-00</end_date>
    <synopsis>Doraemon (2005) is the most recent anime series based on Fujiko Fujio's manga of the same name. &lt;br /&gt;
&lt;br /&gt;
It is the 2005 version of 1979 series, with certain changes in the animation and other things.&lt;br /&gt;
&lt;br /&gt;
Doraemon is a cat-like robot who appears in the present to steer Nobita/Noby, who is a dumb, naive and clumsy boy on the right path in order to secure his future. Nobita's love interest is Shizuka Minamoto/Sue, his frenemies are Takeshi Goda/Big G and Suneo/Sneech.&lt;br /&gt;
&lt;br /&gt;
(Source: Wikipedia)</synopsis>
    <image>http://cdn.myanimelist.net/images/anime/6/23935.jpg</image>
  </entry>
</anime>
