<?xml version="1.0" encoding="utf-8"?>
<anime>
  <entry>
    <id>22777</id>
    <title>Dragon Ball Kai (2014)</title>
    <english></english>
    <synonyms>Dragonball Kai, DBK, DB Kai, DBZ Kai, Dragon Ball Z Kai The Final Chapters</synonyms>
    <episodes>0</episodes>
    <score>8.20</score>
    <type>TV</type>
    <status>Currently Airing</status>
    <start_date>2014-04-06</start_date>
    <end_date>0000-00-00</end_date>
    <synopsis>Remastered version of the Majin Buu saga that adheres more to the manga's story.</synopsis>
    <image>http://cdn.myanimelist.net/images/anime/10/59275.jpg</image>
  </entry>
</anime>
