<?xml version="1.0" encoding="utf-8"?>
<anime>
  <entry>
    <id>23199</id>
    <title>Durarara!!x2 Shou</title>
    <english></english>
    <synonyms>Durarara!! 2nd Season; DRRR!! 2nd Season</synonyms>
    <episodes>0</episodes>
    <score>8.48</score>
    <type>TV</type>
    <status>Currently Airing</status>
    <start_date>2015-01-10</start_date>
    <end_date>0000-00-00</end_date>
    <synopsis>First cour of Durarara!!'s second season.</synopsis>
    <image>http://cdn.myanimelist.net/images/anime/12/67743.jpg</image>
  </entry>
</anime>
