<?xml version="1.0" encoding="utf-8"?>
<anime>
  <entry>
    <id>29431</id>
    <title>Eddie the Fast Break</title>
    <english>Eddie the Fast Break</english>
    <synonyms></synonyms>
    <episodes>0</episodes>
    <score>0.00</score>
    <type>TV</type>
    <status>Currently Airing</status>
    <start_date>2012-00-00</start_date>
    <end_date>0000-00-00</end_date>
    <synopsis>Eddie is a frog who loves basketball. He tries to teach fellow kids how to play and tries to use his court skills off the court and gets mixed results.</synopsis>
    <image>http://cdn.myanimelist.net/images/anime/4/70727.jpg</image>
  </entry>
</anime>
