<?xml version="1.0" encoding="utf-8"?>
<anime>
  <entry>
    <id>22043</id>
    <title>Fairy Tail (2014)</title>
    <english>Fairy Tail Series 2</english>
    <synonyms></synonyms>
    <episodes>0</episodes>
    <score>8.23</score>
    <type>TV</type>
    <status>Currently Airing</status>
    <start_date>2014-04-05</start_date>
    <end_date>0000-00-00</end_date>
    <synopsis>The story follows a teenage girl named Lucy Heartfilla who is determined to join the notorious magical Fairy Tail Guild. During a daring rescue, she encounters Natsu who is part of the guild and eventually offers her a place. They become teammates performing various missions for the Fairy Tail Guild. Be prepared for an action-packed adventure!&lt;br /&gt;
&lt;br /&gt;
(Source: Crunchyroll)</synopsis>
    <image>http://cdn.myanimelist.net/images/anime/3/60551.jpg</image>
  </entry>
</anime>
