<?xml version="1.0" encoding="utf-8"?>
<anime>
  <entry>
    <id>9367</id>
    <title>Freezing</title>
    <english>Freezing</english>
    <synonyms></synonyms>
    <episodes>12</episodes>
    <score>7.34</score>
    <type>TV</type>
    <status>Finished Airing</status>
    <start_date>2011-01-08</start_date>
    <end_date>2011-04-07</end_date>
    <synopsis>Set in a slightly futuristic world where Earth has been invaded and is at war with aliens from another dimension called the Nova, the story follows the adventures of a Japanese boy named Kazuya Aoi who enrolls for training at a special school for genetically modified girls called Pandoras who battle the aliens, and their male partners, called Limiters, who use a special power called &amp;quot;freezing&amp;quot; to limit their opponent's mobility. The protagonist makes the acquaintance of an unusual older girl named Satellizer el Bridget who appears to be the most powerful Pandora in her class, but has not yet chosen a male partner to be her Limiter, and in spite of the warnings of all his friends, he decides to be her Limiter.&lt;br /&gt;
&lt;br /&gt;
(Source: Wikipedia)</synopsis>
    <image>http://cdn.myanimelist.net/images/anime/10/28535.jpg</image>
  </entry>
  <entry>
    <id>10172</id>
    <title>Freezing Specials</title>
    <english></english>
    <synonyms>Hajikechau! Dokidoki Trouble Freezing</synonyms>
    <episodes>6</episodes>
    <score>6.77</score>
    <type>Special</type>
    <status>Finished Airing</status>
    <start_date>2011-03-30</start_date>
    <end_date>2011-08-24</end_date>
    <synopsis>These episodes focus on ecchi and comedy and don't have anything to do with the main story of Freezing. </synopsis>
    <image>http://cdn.myanimelist.net/images/anime/9/28079.jpg</image>
  </entry>
  <entry>
    <id>18001</id>
    <title>Freezing Vibration</title>
    <english></english>
    <synonyms></synonyms>
    <episodes>12</episodes>
    <score>7.22</score>
    <type>TV</type>
    <status>Finished Airing</status>
    <start_date>2013-10-04</start_date>
    <end_date>2013-12-20</end_date>
    <synopsis>Second season of Freezing. Ever since the 10th NOVA clash, the Chevalier had concluded that the NOVA have been appearing at a steadier rate and they are losing more Pandoras than they can produce. Their solution is the E-Pandora Project which involves normal humans being given the power to become Pandoras. Inviting Pandora from around the world to their Alaskan base witness the unveiling of their new project, Satellizer, Kazuya and Rana are among those who have been summoned. However, as time goes the E-Pandora Project starts to become fishier and the Pandoras start to grow more and more concerned...</synopsis>
    <image>http://cdn.myanimelist.net/images/anime/3/68195.jpg</image>
  </entry>
  <entry>
    <id>21373</id>
    <title>Freezing Vibration Specials</title>
    <english></english>
    <synonyms></synonyms>
    <episodes>6</episodes>
    <score>6.50</score>
    <type>Special</type>
    <status>Finished Airing</status>
    <start_date>2013-12-25</start_date>
    <end_date>2014-05-28</end_date>
    <synopsis>Short specials included on the BD/DVD volumes of Freezing Vibration.</synopsis>
    <image>http://cdn.myanimelist.net/images/anime/8/56413.jpg</image>
  </entry>
</anime>
