<?xml version="1.0" encoding="utf-8"?>
<anime>
  <entry>
    <id>13163</id>
    <title>Furusato Saisei: Nihon no Mukashibanashi</title>
    <english>Folktales from Japan</english>
    <synonyms></synonyms>
    <episodes>0</episodes>
    <score>7.04</score>
    <type>TV</type>
    <status>Currently Airing</status>
    <start_date>2012-04-01</start_date>
    <end_date>0000-00-00</end_date>
    <synopsis>Like in any culture, Japanese kids grow up listening to the stories repeatedly told by their parents and grandparents. The boy born from a peach; the princess from the moon who is discovered inside a bamboo; the old man who can make a dead cherry tree blossom, etc. These short stories that teach kids to see both the dark and bright sides of life have passed traditional moral values from generation to generation. &lt;br /&gt;
&lt;br /&gt;
Each half-hour episode of Folktales from Japan consists of three self-contained stories, well-known and unknown, with a special focus on heartwarming stories that originate from Tohoku, the northern region heavily touched by the earthquake of 2011. May this program help cheer up earthquake victims and cast a light of hope for them. &lt;br /&gt;
&lt;br /&gt;
(Source: Crunchyroll) </synopsis>
    <image>http://cdn.myanimelist.net/images/anime/4/36869.jpg</image>
  </entry>
</anime>
