<?xml version="1.0" encoding="utf-8"?>
<anime>
  <entry>
    <id>19067</id>
    <title>Future Card Buddyfight</title>
    <english></english>
    <synonyms></synonyms>
    <episodes>0</episodes>
    <score>6.68</score>
    <type>TV</type>
    <status>Currently Airing</status>
    <start_date>2014-01-04</start_date>
    <end_date>0000-00-00</end_date>
    <synopsis>Adaptation of the Future Card Buddyfight card game.</synopsis>
    <image>http://cdn.myanimelist.net/images/anime/2/57503.jpg</image>
  </entry>
  <entry>
    <id>24675</id>
    <title>Future Card Buddyfight Recap</title>
    <english></english>
    <synonyms>Future Card Buddyfight Episode 23.5</synonyms>
    <episodes>1</episodes>
    <score>0.00</score>
    <type>Special</type>
    <status>Finished Airing</status>
    <start_date>2014-06-14</start_date>
    <end_date>2014-06-14</end_date>
    <synopsis>Recap episode aired between episodes 23 and 24. </synopsis>
    <image>http://cdn.myanimelist.net/images/anime/8/63521.jpg</image>
  </entry>
  <entry>
    <id>30039</id>
    <title>Future Card Buddyfight 100</title>
    <english></english>
    <synonyms></synonyms>
    <episodes>0</episodes>
    <score>0.00</score>
    <type>TV</type>
    <status>Not yet aired</status>
    <start_date>2015-04-11</start_date>
    <end_date>0000-00-00</end_date>
    <synopsis></synopsis>
    <image>http://cdn.myanimelist.net/images/anime/3/71951.jpg</image>
  </entry>
</anime>
