<?xml version="1.0" encoding="utf-8"?>
<anime>
  <entry>
    <id>16908</id>
    <title>Ganbare! Oden-kun</title>
    <english>The Adventure of Oden-kun</english>
    <synonyms>Fight! Oden-kun</synonyms>
    <episodes>0</episodes>
    <score>0.00</score>
    <type>TV</type>
    <status>Currently Airing</status>
    <start_date>2013-01-12</start_date>
    <end_date>0000-00-00</end_date>
    <synopsis>In an odd dimensional bubble inside the kettle of an Oden food cart exists Oden village. The residents of Oden village spend their idyllic days waiting for customers to come and eat them. In the meantime, Oden-kun helps other troubled dwellers to realize their dreams. One day, he hears that a customer's mother suffers from cancer so he leaves the kettle and after being eaten, faces the cancer cell Gannosuke. Oden-kun's dream is to meet his own mother. Looking forward to this day, Oden-kun spends his days doing one good deed a day.&lt;br /&gt;
&lt;br /&gt;
(Source: ANN)</synopsis>
    <image>http://cdn.myanimelist.net/images/anime/12/45332.jpg</image>
  </entry>
</anime>
