<?xml version="1.0" encoding="utf-8"?>
<anime>
  <entry>
    <id>23311</id>
    <title>Garo: Honoo no Kokuin</title>
    <english>GARO THE ANIMATION</english>
    <synonyms>Garo Project</synonyms>
    <episodes>24</episodes>
    <score>7.14</score>
    <type>TV</type>
    <status>Currently Airing</status>
    <start_date>2014-10-04</start_date>
    <end_date>0000-00-00</end_date>
    <synopsis>The story of the anime begins when the king's adviser launches a witch hunt, which endangers the Makai Knights and Makai Priests, who are supposed to protect people. A Makai Priest who has been condemned to die at the stake gives birth to a child, Leon Lewis. The child is rescued by his father, a Makai Knight, but never meets his mother. When he grows up he inherits the Gold Armor as a descendant of the Gold Knights. Meanwhile the king's adviser has taken over the country as the king has become ill, and Prince Alfonso has been driven out with his mother. He comes seeking the legendary Gold Knight in hopes of retaking his kingdom. &lt;br /&gt;
&lt;br /&gt;
(Source: ANN)</synopsis>
    <image>http://cdn.myanimelist.net/images/anime/5/63667.jpg</image>
  </entry>
  <entry>
    <id>28537</id>
    <title>Garo: Honoo no Kokuin 2nd Season</title>
    <english></english>
    <synonyms></synonyms>
    <episodes>0</episodes>
    <score>0.00</score>
    <type>TV</type>
    <status>Not yet aired</status>
    <start_date>0000-00-00</start_date>
    <end_date>0000-00-00</end_date>
    <synopsis>Second Season of the [i]Garo: Honoo no Kokuin[/i] series.</synopsis>
    <image>http://cdn.myanimelist.net/images/anime/6/70191.jpg</image>
  </entry>
</anime>
