<?xml version="1.0" encoding="utf-8"?>
<anime>
  <entry>
    <id>17729</id>
    <title>Grisaia no Kajitsu</title>
    <english>Le Fruit de la Grisaia</english>
    <synonyms>The Fruit of Grisaia</synonyms>
    <episodes>13</episodes>
    <score>7.44</score>
    <type>TV</type>
    <status>Finished Airing</status>
    <start_date>2014-10-05</start_date>
    <end_date>2014-12-28</end_date>
    <synopsis>Mihama Academy is a prison-like school built to preserve &amp;quot;fruit&amp;quot; that has fallen too far from its tree. It is home to five female students who each have their own reasons for enrolling in the academy and live their life idly within the walls of Mihama. One day, Kazami Yuuji&amp;mdash;the institute's first male student&amp;mdash;arrives and throws the orderly rhythm of Mihama off balance. Is Yuuji what the girls need to grab hold of their lives once more, or will the weight of their pasts prove too steep a wall to overcome? Or, is his past even heavier than any of the others?&lt;br /&gt;
&lt;br /&gt;
(Source: Crunchyroll)</synopsis>
    <image>http://cdn.myanimelist.net/images/anime/2/65881.jpg</image>
  </entry>
  <entry>
    <id>29101</id>
    <title>Grisaia no Kajitsu Specials</title>
    <english></english>
    <synonyms>Le Fruit de la Grisaia Specials, The Fruit of Grisaia Specials</synonyms>
    <episodes>0</episodes>
    <score>7.14</score>
    <type>Special</type>
    <status>Currently Airing</status>
    <start_date>2014-12-25</start_date>
    <end_date>0000-00-00</end_date>
    <synopsis>Short specials added to DVDs and BDs.</synopsis>
    <image>http://cdn.myanimelist.net/images/anime/6/70063.jpg</image>
  </entry>
</anime>
