<?xml version="1.0" encoding="utf-8"?>
<anime>
  <entry>
    <id>23259</id>
    <title>Gundam: G no Reconguista</title>
    <english>Gundam Reconguista in G</english>
    <synonyms>G-Reco</synonyms>
    <episodes>0</episodes>
    <score>6.18</score>
    <type>TV</type>
    <status>Currently Airing</status>
    <start_date>2014-10-03</start_date>
    <end_date>0000-00-00</end_date>
    <synopsis>The Universal Century, with its history of colonization and wars, passes into posterity, and time flows on.&lt;br /&gt;
&lt;br /&gt;
Mankind enters a new age of seemingly endless peace and prosperity called the &amp;quot;Regild Century.&amp;quot;&lt;br /&gt;
&lt;br /&gt;
The year is R.C. 1014. The Capital Tower, an orbital elevator, connects earth and space. Due to its role in supplying Earth's power by transferring Photon Batteries from space, it is worshiped with a religious fervor. Bellri Zenam, a cadet in the Capital Guard formed to protect Capital Tower, is participating in his first non-simulated exercise when he is attacked by the powerful but unaffiliated &amp;quot;G-Self&amp;quot; mobile suit. He manages to capture the G-Self while piloting a &amp;quot;Recten&amp;quot; maintenance mobile suit; however, seeing the G-Self's pilot, a young space pirate named Aida Rayhunton, stirs something within him, as does the G-Self which he was sure he'd never seen before. Why does the G-Self accept Bellri as a pilot?&lt;br /&gt;
&lt;br /&gt;
Aida's mission to attack Capital Tower. Bellri's destiny as a chosen pilot of the G-Self. The truth which will shake the Regild Century.&lt;br /&gt;
&lt;br /&gt;
It was all the beginning of the Reconguista.&lt;br /&gt;
&lt;br /&gt;
(Source: Gundam.info, edited)</synopsis>
    <image>http://cdn.myanimelist.net/images/anime/12/63753.jpg</image>
  </entry>
</anime>
