<?xml version="1.0" encoding="utf-8"?>
<anime>
  <entry>
    <id>27521</id>
    <title>GuraP &amp; Rodeo</title>
    <english></english>
    <synonyms>GraP &amp; RodeO</synonyms>
    <episodes>0</episodes>
    <score>0.00</score>
    <type>TV</type>
    <status>Currently Airing</status>
    <start_date>2014-10-19</start_date>
    <end_date>0000-00-00</end_date>
    <synopsis>Rodeo is a normal high school boy who aims to be like GRANRODEO. GuraP, a self-proclaimed music producer who comes from the future, tries to help him.</synopsis>
    <image>http://cdn.myanimelist.net/images/anime/10/67831.jpg</image>
  </entry>
</anime>
