<?xml version="1.0" encoding="utf-8"?>
<anime>
  <entry>
    <id>21407</id>
    <title>Happiness Charge Precure!</title>
    <english></english>
    <synonyms>HappinessCharge Precure!</synonyms>
    <episodes>49</episodes>
    <score>6.96</score>
    <type>TV</type>
    <status>Finished Airing</status>
    <start_date>2014-02-02</start_date>
    <end_date>2015-01-25</end_date>
    <synopsis>In the story, the Illusionary Empire led by Queen Mirage has begun attacking Earth. The Precure teams that are on every continent of the world fend off the rampaging Saiaaku, and word spreads on global television news about the Precure girls who fight for humanity. &quot;Precure&quot; becomes a common word throughout the world.&lt;br /&gt;
&lt;br /&gt;
(Source: ANN)</synopsis>
    <image>http://cdn.myanimelist.net/images/anime/13/69309.jpg</image>
  </entry>
  <entry>
    <id>23083</id>
    <title>Happiness Charge PreCure! Movie: Ningyou no Kuni no Ballerina</title>
    <english></english>
    <synonyms></synonyms>
    <episodes>1</episodes>
    <score>0.00</score>
    <type>Movie</type>
    <status>Finished Airing</status>
    <start_date>2014-10-11</start_date>
    <end_date>2014-10-11</end_date>
    <synopsis>Upcoming movie of Happiness Charge PreCure!</synopsis>
    <image>http://cdn.myanimelist.net/images/anime/13/64049.jpg</image>
  </entry>
</anime>
