<?xml version="1.0" encoding="utf-8"?>
<anime>
  <entry>
    <id>22099</id>
    <title>Hero Bank</title>
    <english>Herobank</english>
    <synonyms></synonyms>
    <episodes>51</episodes>
    <score>5.38</score>
    <type>TV</type>
    <status>Currently Airing</status>
    <start_date>2014-04-07</start_date>
    <end_date>0000-00-00</end_date>
    <synopsis>In Big Money City, players participate in &amp;quot;Hero Battles&amp;quot; using Bankfon Gs, which allows them to rent powerful hero suits and fight battles against other players, receiving power boosts from the system's public domain feature. Kaito Goushoy, a young elementary school student who is always eager to help others, ends up hastily signing a contract to rent the powerful unlisted hero suit, &amp;quot;Enter the Gold,&amp;quot; from a mysteriously seedy priest named Sennen; however, he soon learns that this suit comes with a debt of 10 billion yen, and Kaito must now clear his dues by winning Hero Battles.&lt;br /&gt;
&lt;br /&gt;
(Source: Wikipedia)</synopsis>
    <image>http://cdn.myanimelist.net/images/anime/13/59089.jpg</image>
  </entry>
</anime>
