<?xml version="1.0" encoding="utf-8"?>
<anime>
  <entry>
    <id>22821</id>
    <title>Himitsukessha Taka no Tsume EX</title>
    <english></english>
    <synonyms>Secret Society Eagle Talon Extreme</synonyms>
    <episodes>0</episodes>
    <score>0.00</score>
    <type>TV</type>
    <status>Currently Airing</status>
    <start_date>2014-04-11</start_date>
    <end_date>0000-00-00</end_date>
    <synopsis>Sequel to the previous season of the flash anime series.</synopsis>
    <image>http://cdn.myanimelist.net/images/anime/10/61107.jpg</image>
  </entry>
</anime>
