<?xml version="1.0" encoding="utf-8"?>
<anime>
  <entry>
    <id>25429</id>
    <title>Isuca</title>
    <english></english>
    <synonyms>Isuka</synonyms>
    <episodes>10</episodes>
    <score>6.31</score>
    <type>TV</type>
    <status>Currently Airing</status>
    <start_date>2015-01-24</start_date>
    <end_date>0000-00-00</end_date>
    <synopsis>Shinichirou decides to look for a job in order to pay his rent, and his teacher suggests that he work for someone at their house doing housekeeping; however, the person who hired him was Sakuya, a girl who is the 37th head of the Shimazu family, and her job is to exorcise and eliminate unwanted creatures. Shinichirou accidentally releases one of the creatures that Sakuya captures and they cooperate to catch it. A story of comedic creature hunting begins!&lt;br /&gt;
&lt;br /&gt;
(Source: MU)</synopsis>
    <image>http://cdn.myanimelist.net/images/anime/3/71767.jpg</image>
  </entry>
  <entry>
    <id>28713</id>
    <title>Isuca OVA</title>
    <english></english>
    <synonyms>Isuka OVA</synonyms>
    <episodes>1</episodes>
    <score>0.00</score>
    <type>OVA</type>
    <status>Not yet aired</status>
    <start_date>2015-08-26</start_date>
    <end_date>2015-08-26</end_date>
    <synopsis>The OVA will be bundled with the 7th volume of the manga, scheduled to ship on August 26, 2015. It will be a sea bathing episode.&lt;br /&gt;
&lt;br /&gt;
(Source: MAL News)</synopsis>
    <image>http://cdn.myanimelist.net/images/anime/6/69325.jpg</image>
  </entry>
</anime>
