<?xml version="1.0" encoding="utf-8"?>
<anime>
  <entry>
    <id>26055</id>
    <title>JoJo's Bizarre Adventure: Stardust Crusaders 2nd Season</title>
    <english></english>
    <synonyms>JoJo's Bizarre Adventure Part 3; JoJo no Kimyou na Bouken: Stardust Crusaders; JoJo's Bizarre Adventure: Stardust Crusaders - Egypt Arc</synonyms>
    <episodes>0</episodes>
    <score>8.29</score>
    <type>TV</type>
    <status>Currently Airing</status>
    <start_date>2015-01-10</start_date>
    <end_date>0000-00-00</end_date>
    <synopsis>The second season of Jojo's Bizarre Adventure: Stardust Crusaders.</synopsis>
    <image>http://cdn.myanimelist.net/images/anime/9/69755.jpg</image>
  </entry>
</anime>
