<?xml version="1.0" encoding="utf-8"?>
<anime>
  <entry>
    <id>26441</id>
    <title>Junketsu no Maria</title>
    <english>Maria the Virgin Witch</english>
    <synonyms>Junketsu no Maria: Sorci&egrave;re de gr&eacute;, pucelle de force</synonyms>
    <episodes>0</episodes>
    <score>7.29</score>
    <type>TV</type>
    <status>Currently Airing</status>
    <start_date>2015-01-11</start_date>
    <end_date>0000-00-00</end_date>
    <synopsis>The story follows Maria, the most powerful witch who lives during the Hundred Years' War in France. She despises war, so she obstructs battles with her strong magical powers. Her meddling with her succubus Artemis and incubus Priapos has caught the attention of the heavens, and so the Archangel Michael issues an edict. When Maria loses her virginity, she will also lose her magical powers. A beautiful angel named Ezekiel is supposed to watch Maria and make sure the witch does not use magic in front of people, but Maria continues to use magic anyways.&lt;br /&gt;
&lt;br /&gt;
(Source: ANN)</synopsis>
    <image>http://cdn.myanimelist.net/images/anime/7/69301.jpg</image>
  </entry>
</anime>
