<?xml version="1.0" encoding="utf-8"?>
<anime>
  <entry>
    <id>24873</id>
    <title>Juuou Mujin no Fafnir</title>
    <english></english>
    <synonyms>Unlimited Fafnir</synonyms>
    <episodes>0</episodes>
    <score>6.67</score>
    <type>TV</type>
    <status>Currently Airing</status>
    <start_date>2015-01-09</start_date>
    <end_date>0000-00-00</end_date>
    <synopsis>With the sudden appearance of the monsters that came to be called Dragons, the world had completely changed. Before long, within the human race supernatural girls with the power of the dragons, called &amp;quot;D,&amp;quot; were born. The secret existence of the only male &amp;quot;D,&amp;quot; the boy Mononobe Yuu, was forcefully thrown into the school where the girls of &amp;quot;D&amp;quot; gathered&amp;mdash;Midgar, where he saw the naked body of one of the students, Iris. Furthermore, meeting his long-lost sister Mitsuki, Yuu seems to have been enrolled into this school...?! &amp;quot;When there's really no other choice, Iris, I will&amp;mdash;kill you.&amp;quot; &amp;quot;Can I really... believe you?&amp;quot; The curtains open as the &amp;quot;one and only story&amp;quot; about the boy who was supposed to become the strongest assassin and the incompetent girl unfolds&amp;mdash;! Unlimited School Battle Action!&lt;br /&gt;
&lt;br /&gt;
(Source: Baka-Tsuki)</synopsis>
    <image>http://cdn.myanimelist.net/images/anime/11/69085.jpg</image>
  </entry>
</anime>
