<?xml version="1.0" encoding="utf-8"?>
<anime>
  <entry>
    <id>14713</id>
    <title>Kamisama Hajimemashita</title>
    <english>Kamisama Kiss</english>
    <synonyms>Kami-sama Hajimemashita</synonyms>
    <episodes>13</episodes>
    <score>8.09</score>
    <type>TV</type>
    <status>Finished Airing</status>
    <start_date>2012-10-02</start_date>
    <end_date>2012-12-25</end_date>
    <synopsis>Nanami Momozono is alone and homeless after her dad skips town to evade his gambling debts and the debt collectors kick her out of her apartment. So when a man she's just saved from a dog offers her his home, she jumps at the opportunity. But it turns out that his place is a shrine, and Nanami has unwittingly taken over his job as a local deity! &lt;br /&gt;
&lt;br /&gt;
Nanami has all kinda of new responsibilities she doesn't understand, dangers she's unaware of, and a cranky ex-familiar who's... actually pretty hot. What's a new-fledged godling to do? &lt;br /&gt;
&lt;br /&gt;
(Source: Viz Media) </synopsis>
    <image>http://cdn.myanimelist.net/images/anime/5/67999.jpg</image>
  </entry>
  <entry>
    <id>18661</id>
    <title>Kamisama Hajimemashita OVA</title>
    <english></english>
    <synonyms>Kami-sama Hajimemashita OVA; Kamisama Kiss OVA</synonyms>
    <episodes>2</episodes>
    <score>7.89</score>
    <type>OVA</type>
    <status>Finished Airing</status>
    <start_date>2013-08-20</start_date>
    <end_date>2013-08-20</end_date>
    <synopsis>Two OVA episodes bundled with the 16th volume of the manga.&lt;br /&gt;
&lt;br /&gt;
One of the included episodes will be based on the story from the 15th volume, while the other will contain an all-new original story.&lt;br /&gt;
&lt;br /&gt;
(Source: ANN)</synopsis>
    <image>http://cdn.myanimelist.net/images/anime/6/56425.jpg</image>
  </entry>
  <entry>
    <id>25681</id>
    <title>Kamisama Hajimemashita◎</title>
    <english></english>
    <synonyms>Kamisama Hajimemashita 2nd Season; Kami-sama Hajimemashita 2nd Season; Kamisama Kiss 2nd Season</synonyms>
    <episodes>0</episodes>
    <score>8.16</score>
    <type>TV</type>
    <status>Currently Airing</status>
    <start_date>2015-01-06</start_date>
    <end_date>0000-00-00</end_date>
    <synopsis>Second season of [i]Kamisama Hajimemashita[/i] series.</synopsis>
    <image>http://cdn.myanimelist.net/images/anime/8/67405.jpg</image>
  </entry>
</anime>
