<?xml version="1.0" encoding="utf-8"?>
<anime>
  <entry>
    <id>21511</id>
    <title>Kantai Collection: KanColle</title>
    <english>Fleet Girls Collection KanColle</english>
    <synonyms>Kankore; Kan Colle</synonyms>
    <episodes>0</episodes>
    <score>6.87</score>
    <type>TV</type>
    <status>Currently Airing</status>
    <start_date>2015-01-08</start_date>
    <end_date>0000-00-00</end_date>
    <synopsis>Set in a world where humanity has lost control of the oceans to the &amp;quot;deep sea fleet,&amp;quot; the only hope to counter this threat are the Kanmusu, a group of girls who possess the spirit of Japanese warships. The story revolves around Fubuki, a destroyer who comes to the Chinjufu base to train with other Kanmusu. Watch as their stories unfold!&lt;br /&gt;
&lt;br /&gt;
(Source: Crunchyroll)</synopsis>
    <image>http://cdn.myanimelist.net/images/anime/11/65321.jpg</image>
  </entry>
</anime>
