<?xml version="1.0" encoding="utf-8"?>
<anime>
  <entry>
    <id>29361</id>
    <title>Kareshi wa Hammerhead Shark</title>
    <english></english>
    <synonyms>Boyfriend Hammerhead Shark</synonyms>
    <episodes>0</episodes>
    <score>0.00</score>
    <type>TV</type>
    <status>Currently Airing</status>
    <start_date>2015-01-03</start_date>
    <end_date>0000-00-00</end_date>
    <synopsis></synopsis>
    <image>http://cdn.myanimelist.net/images/anime/6/70657.jpg</image>
  </entry>
</anime>
