<?xml version="1.0" encoding="utf-8"?>
<anime>
  <entry>
    <id>10797</id>
    <title>Kayoe! Chuugaku</title>
    <english></english>
    <synonyms></synonyms>
    <episodes>0</episodes>
    <score>0.00</score>
    <type>TV</type>
    <status>Currently Airing</status>
    <start_date>2011-06-07</start_date>
    <end_date>0000-00-00</end_date>
    <synopsis>Wada transfers from the Kansai region to the Toukai region in middle school. The story follows his new set of friends as their fivesome enjoy their everyday lives. All the characters' are names are based on Chunichi Dragons baseball team which is located in the Toukai region.</synopsis>
    <image>http://cdn.myanimelist.net/images/anime/13/29817.jpg</image>
  </entry>
</anime>
