<?xml version="1.0" encoding="utf-8"?>
<anime>
  <entry>
    <id>8244</id>
    <title>Keshikasu-kun</title>
    <english></english>
    <synonyms></synonyms>
    <episodes>0</episodes>
    <score>0.00</score>
    <type>TV</type>
    <status>Currently Airing</status>
    <start_date>2010-01-12</start_date>
    <end_date>0000-00-00</end_date>
    <synopsis>Keshikasu-kun is an anthropomorphism anime about stationery. The main character is the eraser Keshikasu who aims to be an idol of the stationary world. He fights against other stationary and erases a mechanical pencil or gets crushed by a permanent marker.</synopsis>
    <image>http://cdn.myanimelist.net/images/anime/11/21327.jpg</image>
  </entry>
</anime>
