<?xml version="1.0" encoding="utf-8"?>
<anime>
  <entry>
    <id>28207</id>
    <title>Ketsuekigata-kun! 2</title>
    <english></english>
    <synonyms>Ketsuekigata-kun! Second Season</synonyms>
    <episodes>13</episodes>
    <score>6.81</score>
    <type>TV</type>
    <status>Currently Airing</status>
    <start_date>2015-01-08</start_date>
    <end_date>0000-00-00</end_date>
    <synopsis>Second season of [i]Ketsuekigata-kun![/i] series.</synopsis>
    <image>http://cdn.myanimelist.net/images/anime/11/70069.jpg</image>
  </entry>
</anime>
