<?xml version="1.0" encoding="utf-8"?>
<anime>
  <entry>
    <id>24629</id>
    <title>Koufuku Graffiti</title>
    <english>Gourmet Girl Graffiti</english>
    <synonyms>Happy Cooking Graffiti</synonyms>
    <episodes>0</episodes>
    <score>6.93</score>
    <type>TV</type>
    <status>Currently Airing</status>
    <start_date>2015-01-09</start_date>
    <end_date>0000-00-00</end_date>
    <synopsis>The story follows Ryou, a middle school girl who lives by herself. She has a knack for cooking and makes friendships with everyone through her food. The cooking manga is &amp;quot;full of detailed cuisine art to whet the appetite and slightly erotic meal scenes.&amp;quot; The &amp;quot;koufuku&amp;quot; in the title is a wordplay on two Japanese homonyms&amp;mdash;one which means &amp;quot;happiness,&amp;quot; and another that means &amp;quot;appetite.&amp;quot;&lt;br /&gt;
&lt;br /&gt;
(Source: ANN)</synopsis>
    <image>http://cdn.myanimelist.net/images/anime/4/71963.jpg</image>
  </entry>
</anime>
