<?xml version="1.0" encoding="utf-8"?>
<anime>
  <entry>
    <id>24415</id>
    <title>Kuroko no Basket 3rd Season</title>
    <english></english>
    <synonyms>Kuroko no Basuke 3rd Season</synonyms>
    <episodes>26</episodes>
    <score>8.71</score>
    <type>TV</type>
    <status>Currently Airing</status>
    <start_date>2015-01-11</start_date>
    <end_date>0000-00-00</end_date>
    <synopsis>The third season of Kuroko no Basket.&lt;br /&gt;
&lt;br /&gt;
After winning a fierce game against Yosen High, Seirin High successfully advances on to the semifinals of the Winter Cup. They continue to aim to become the champions, but have to face many powerful opponents along the way.</synopsis>
    <image>http://cdn.myanimelist.net/images/anime/4/68299.jpg</image>
  </entry>
</anime>
