<?xml version="1.0" encoding="utf-8"?>
<anime>
  <entry>
    <id>22465</id>
    <title>KutsuDaru.</title>
    <english></english>
    <synonyms>Kutsushita ga Daru Daru ni Nacchau Wake: Imadoki Youkai Zukan</synonyms>
    <episodes>0</episodes>
    <score>0.00</score>
    <type>TV</type>
    <status>Currently Airing</status>
    <start_date>2014-04-02</start_date>
    <end_date>0000-00-00</end_date>
    <synopsis>In a Tokyo suburb small town, there lives a girl named Nekota Kaoru. Being born into a normal family, being raised in a normal way, this spring she'll become a normal happy middle-schooler.&lt;br /&gt;
&lt;br /&gt;
However, since young age, Nekota had an abnormal ability to see Imadoki youkai (Modern Monster). And she has kept it a secret from others...</synopsis>
    <image>http://cdn.myanimelist.net/images/anime/6/60721.jpg</image>
  </entry>
</anime>
