<?xml version="1.0" encoding="utf-8"?>
<anime>
  <entry>
    <id>22693</id>
    <title>Lady Jewelpet</title>
    <english></english>
    <synonyms></synonyms>
    <episodes>0</episodes>
    <score>7.17</score>
    <type>TV</type>
    <status>Currently Airing</status>
    <start_date>2014-04-05</start_date>
    <end_date>0000-00-00</end_date>
    <synopsis>The story centers around Momona, a girl who attended the wedding ceremony of her big brother whom she adores. However, she is whisked away by a cute rabbit-shaped Jewelpet Ruby, and before she knew it, she is in a Jewelpalace where potential candidates to become a Lady have gathered. &amp;quot;Momona was selected by Ruby as the best female Ladyjewel candidate for the Queen of Jewelland!?&amp;quot;</synopsis>
    <image>http://cdn.myanimelist.net/images/anime/13/61013.jpg</image>
  </entry>
</anime>
