<?xml version="1.0" encoding="utf-8"?>
<anime>
  <entry>
    <id>9947</id>
    <title>Lan Mao</title>
    <english>Blue Cat</english>
    <synonyms></synonyms>
    <episodes>0</episodes>
    <score>0.00</score>
    <type>TV</type>
    <status>Currently Airing</status>
    <start_date>1999-06-00</start_date>
    <end_date>0000-00-00</end_date>
    <synopsis>Adventures include going into deep sea and accompanying dinosaurs. The shows are mainly based on science or science fiction. It has been popular in China, one reason might be the fact that many of the Chinese youth have been sending questions to the studio, and the studio answers them with one of Lan Mao&amp;#039;s adventures. Lan Mao is sometimes impulsive, and in the end gets nothing but trouble.&lt;br /&gt;
&lt;br /&gt;
(Source: Wikipedia)</synopsis>
    <image>http://cdn.myanimelist.net/images/anime/5/27512.jpg</image>
  </entry>
</anime>
