<?xml version="1.0" encoding="utf-8"?>
<anime>
  <entry>
    <id>23321</id>
    <title>Log Horizon 2nd Season</title>
    <english>Log Horizon 2</english>
    <synonyms>Log Horizon Second Season; Log Horizon Dai 2 Series</synonyms>
    <episodes>25</episodes>
    <score>8.01</score>
    <type>TV</type>
    <status>Currently Airing</status>
    <start_date>2014-10-04</start_date>
    <end_date>0000-00-00</end_date>
    <synopsis>Veteran gamer Shiroe and other players have been trapped in the world of the online game Elder Tales for six months. The once chaotic city of Akiba has regained its everyday hustle and bustle following the formation of the self-governing organization Round Table Meeting. The earthlings, who are originally from the game world, have gained the trust of Shiroe by waging a defensive war against the Goblins in Zantleaf Region. This has led Princess Rayneshia of the Cowen family, the highest-ranking Earthling Aristocrats, to live in Akiba.&lt;br /&gt;
&lt;br /&gt;
It's almost winter and the Adventurers are thinking about what they're going to do and what their goals are in this other world. Will they remain in Akiba or go to the city of the West? Or will they travel to the land of the North or another faraway country? The opinions of the Adventurers begin to diverge. What adventures await the members of the Shiroe team in this second series of Log Horizon?&lt;br /&gt;
&lt;br /&gt;
(Source: NHK Enterprises) </synopsis>
    <image>http://cdn.myanimelist.net/images/anime/5/68097.jpg</image>
  </entry>
</anime>
