<?xml version="1.0" encoding="utf-8"?>
<anime>
  <entry>
    <id>24455</id>
    <title>Madan no Ou to Vanadis</title>
    <english>Lord Marksman and Vanadis</english>
    <synonyms>Madan no Ou to Senki; The King of the Magic Bullet and Vanadis</synonyms>
    <episodes>13</episodes>
    <score>7.27</score>
    <type>TV</type>
    <status>Finished Airing</status>
    <start_date>2014-10-04</start_date>
    <end_date>2014-12-27</end_date>
    <synopsis>Set in Western Europe during times of war, Eleanor &amp;quot;Ellen&amp;quot; Vertalia, one of the Vanadis of Zhcted, leads the battle into Brune. There are, in fact, seven Vanadis, each having received a powerful weapon from the Black Dragon to reign over one of Zhcted's seven territories. The power of the Vanadis invokes dread and fear in their enemies.&lt;br /&gt;
&lt;br /&gt;
An earl in the service of the country of Brune, a young archer by the name of Tigre, experiences the Vanadis's power firsthand after being defeated on the battlefield by Ellen. However, Ellen chooses to spare his life after witnessing his skills, but in exchange, he is asked to serve her.&lt;br /&gt;
&lt;br /&gt;
(Source: jCafe24, edited)</synopsis>
    <image>http://cdn.myanimelist.net/images/anime/3/64911.jpg</image>
  </entry>
  <entry>
    <id>27857</id>
    <title>Madan no Ou to Vanadis: Tigre-kun to Vanadi-chu</title>
    <english></english>
    <synonyms></synonyms>
    <episodes>13</episodes>
    <score>6.74</score>
    <type>ONA</type>
    <status>Finished Airing</status>
    <start_date>2014-10-05</start_date>
    <end_date>2014-12-26</end_date>
    <synopsis>Short Flash specials streamed alongside with the series.</synopsis>
    <image>http://cdn.myanimelist.net/images/anime/11/67479.jpg</image>
  </entry>
</anime>
