<?xml version="1.0" encoding="utf-8"?>
<anime>
  <entry>
    <id>21835</id>
    <title>Majin Bone</title>
    <english></english>
    <synonyms></synonyms>
    <episodes>0</episodes>
    <score>6.07</score>
    <type>TV</type>
    <status>Currently Airing</status>
    <start_date>2014-04-01</start_date>
    <end_date>0000-00-00</end_date>
    <synopsis>Anime adaptation of Majin Bone, a digital card game project.&lt;br /&gt;
&lt;br /&gt;
Majin, the creator of the Universe, has been resurrected in the present day. Shougo Ryuujin, an ordinary high school student who transforms into the Bone Fighter Dragonbone with the Bone Card in order to save Earth. Together, with the other White Bone warriors take a stand against the Dark Bone, a foe that has appeared from darkness to devastate Earth. However, &amp;quot;could the true enemy be ourselves?&amp;quot;&lt;br /&gt;
&lt;br /&gt;
(Source: ANN)</synopsis>
    <image>http://cdn.myanimelist.net/images/anime/8/60681.jpg</image>
  </entry>
</anime>
