<?xml version="1.0" encoding="utf-8"?>
<anime>
  <entry>
    <id>26085</id>
    <title>Military!</title>
    <english></english>
    <synonyms>Miritari!</synonyms>
    <episodes>12</episodes>
    <score>6.04</score>
    <type>TV</type>
    <status>Currently Airing</status>
    <start_date>2015-01-07</start_date>
    <end_date>0000-00-00</end_date>
    <synopsis>The story takes place during a conflict between the Krakozhia Dukedom and the Grania Republic. In the midst of the fighting, a savior appears to the Krakozhia Dukedom, and it is a high school student named Yano Souhei. Two female soldiers, First Lieutenant Ruto and Second Lieutenant Haruka, appear in tanks to intrude on Souhei's everyday life, followed by the enemy soldier Shachirofu, all of whom use firearms without hesitation at his house.&lt;br /&gt;
&lt;br /&gt;
(Source: ANN)</synopsis>
    <image>http://cdn.myanimelist.net/images/anime/4/68837.jpg</image>
  </entry>
</anime>
