<?xml version="1.0" encoding="utf-8"?>
<anime>
  <entry>
    <id>25999</id>
    <title>Minna Atsumare! Falcom Gakuen SC</title>
    <english></english>
    <synonyms>Minna Atsumare! Falcom Gakuen Second Season</synonyms>
    <episodes>0</episodes>
    <score>0.00</score>
    <type>TV</type>
    <status>Currently Airing</status>
    <start_date>2015-01-04</start_date>
    <end_date>0000-00-00</end_date>
    <synopsis>The warriors who have been warped by the rampaging power of Justice have been summoned into the world of Xanadu. It is up to Dark Fact, a former villain, and principal Lappi to re-educate these students.&lt;br /&gt;
&lt;br /&gt;
(Source: AniDB)</synopsis>
    <image>http://cdn.myanimelist.net/images/anime/2/69521.jpg</image>
  </entry>
</anime>
