<?xml version="1.0" encoding="utf-8"?>
<anime>
  <entry>
    <id>29427</id>
    <title>Mori no Ratio</title>
    <english>Ratio of Forest</english>
    <synonyms>Mori no Reshio</synonyms>
    <episodes>0</episodes>
    <score>0.00</score>
    <type>TV</type>
    <status>Currently Airing</status>
    <start_date>2009-00-00</start_date>
    <end_date>0000-00-00</end_date>
    <synopsis>Stop-motion anime about a girl named Ratio who lives in a forest with her icy monsters and creatures. Every day she goes out explores new things.</synopsis>
    <image>http://cdn.myanimelist.net/images/anime/8/70899.jpg</image>
  </entry>
</anime>
