<?xml version="1.0" encoding="utf-8"?>
<anime>
  <entry>
    <id>24701</id>
    <title>Mushishi Zoku Shou 2nd Season</title>
    <english></english>
    <synonyms></synonyms>
    <episodes>10</episodes>
    <score>8.93</score>
    <type>TV</type>
    <status>Finished Airing</status>
    <start_date>2014-10-19</start_date>
    <end_date>2014-12-21</end_date>
    <synopsis>Second season of [i]Mushishi Zoku Shou[/i].</synopsis>
    <image>http://cdn.myanimelist.net/images/anime/9/68095.jpg</image>
  </entry>
</anime>
