<?xml version="1.0" encoding="utf-8"?>
<anime>
  <entry>
    <id>23755</id>
    <title>Nanatsu no Taizai</title>
    <english>The Seven Deadly Sins</english>
    <synonyms></synonyms>
    <episodes>24</episodes>
    <score>8.33</score>
    <type>TV</type>
    <status>Currently Airing</status>
    <start_date>2014-10-05</start_date>
    <end_date>2015-03-29</end_date>
    <synopsis>The &amp;quot;Seven Deadly Sins,&amp;quot; a group of evil knights who conspired to overthrow the kingdom of Britannia, were said to have been eradicated by the Holy Knights, although some claim that they still live. Ten years later, the Holy Knights have staged a [i]coup d'&amp;eacute;tat[/i] and assassinated the king, becoming the new, tyrannical rulers of the kingdom. Elizabeth, the king's third daughter, sets out on a journey to find the &amp;quot;Seven Deadly Sins,&amp;quot; and to enlist their help in taking back the kingdom.&lt;br /&gt;
&lt;br /&gt;
(Source: Redhawk NEO) </synopsis>
    <image>http://cdn.myanimelist.net/images/anime/8/65409.jpg</image>
  </entry>
</anime>
