<?xml version="1.0" encoding="utf-8"?>
<anime>
  <entry>
    <id>1735</id>
    <title>Naruto: Shippuuden</title>
    <english>Naruto: Shippuden</english>
    <synonyms></synonyms>
    <episodes>0</episodes>
    <score>7.99</score>
    <type>TV</type>
    <status>Currently Airing</status>
    <start_date>2007-02-15</start_date>
    <end_date>0000-00-00</end_date>
    <synopsis>Naruto: Shippuuden is the continuation of the original animated TV series Naruto.The story revolves around an older and slightly more matured Uzumaki Naruto and his quest to save his friend Uchiha Sasuke from the grips of the snake-like Shinobi, Orochimaru. After 2 and a half years Naruto finally returns to his village of Konoha, and sets about putting his ambitions to work, though it will not be easy, as he has amassed a few (more dangerous) enemies, in the likes of the shinobi organization; Akatsuki. &lt;br /&gt;
&lt;br /&gt;
(Source: ANN)</synopsis>
    <image>http://cdn.myanimelist.net/images/anime/13/11194.jpg</image>
  </entry>
  <entry>
    <id>2472</id>
    <title>Naruto: Shippuuden Movie 1</title>
    <english></english>
    <synonyms>Naruto Shippuuden Movie; Naruto Movie 4; Gekijouban Naruto Shippuuden</synonyms>
    <episodes>1</episodes>
    <score>7.48</score>
    <type>Movie</type>
    <status>Finished Airing</status>
    <start_date>2007-08-04</start_date>
    <end_date>2007-08-04</end_date>
    <synopsis>Demons that once almost destroyed the world, are revived by someone. To prevent the world from being destroyed, the demon has to be sealed and the only one who can do it is the shrine maiden Shion from the country of demons, who has two powers; one is sealing demons and the other is predicting the deaths of humans. This time Naruto's mission is to guard Shion, but she predicts Naruto's death. The only way to escape it, is to get away from Shion, which would leave her unguarded, then the demon, whose only goal is to kill Shion will do so, thus meaning the end of the world. Naruto decides to challenge this &amp;quot;prediction of death,&amp;quot; but fails to prove Shion's prediction wrong and supposedly dies in vain.&lt;br /&gt;
&lt;br /&gt;
(Source: Wikipedia)</synopsis>
    <image>http://cdn.myanimelist.net/images/anime/8/23849.jpg</image>
  </entry>
  <entry>
    <id>4134</id>
    <title>Naruto: Shippuuden - Konoha Gakuen Special</title>
    <english>Naruto Shippuden: Konoha Gakuen - Special</english>
    <synonyms>NARUTO Shippu Konoha Gakuen Den Special; Shippu! Konoha-Gakuen Den; Konoha High</synonyms>
    <episodes>1</episodes>
    <score>7.33</score>
    <type>Special</type>
    <status>Finished Airing</status>
    <start_date>2008-02-06</start_date>
    <end_date>2008-02-06</end_date>
    <synopsis>Naruto school special.&lt;br /&gt;
&lt;br /&gt;
Naruto is a new cool student and when he meets Sasuke they start fighting.</synopsis>
    <image>http://cdn.myanimelist.net/images/anime/5/51895.jpg</image>
  </entry>
  <entry>
    <id>4437</id>
    <title>Naruto: Shippuuden Movie 2 - Kizuna</title>
    <english>Naruto: Hurricane Chronicles the Movie 2: Bonds</english>
    <synonyms>Naruto Movie 5; Naruto Shippuuden Movie 2; Naruto Shippuuden: Bonds</synonyms>
    <episodes>1</episodes>
    <score>7.49</score>
    <type>Movie</type>
    <status>Finished Airing</status>
    <start_date>2008-08-02</start_date>
    <end_date>2008-08-02</end_date>
    <synopsis>A mysterious group of ninjas makes a surprise attack on the Konohagakure, which takes great damage. The nightmare of another Shinobi World War could become a reality. Sasuke, who left Konoha to kill his brother, Itachi, appears for the second time in front of Naruto at an unknown location to prevent it from coming to fruition.&lt;br /&gt;
&lt;br /&gt;
(Source: Wikipedia)</synopsis>
    <image>http://cdn.myanimelist.net/images/anime/3/17830.jpg</image>
  </entry>
  <entry>
    <id>6325</id>
    <title>Naruto: Shippuuden Movie 3 - Hi no Ishi wo Tsugu Mono</title>
    <english></english>
    <synonyms>Naruto Shippuuden: Gekijouban Naruto Shippuuden: Hi no Ishi o Tsugu Mono; Naruto Shippuuden Movie 3; Naruto Movie 6; Naruto Shippuuden 3: Inheritors of Will of Fire</synonyms>
    <episodes>1</episodes>
    <score>7.56</score>
    <type>Movie</type>
    <status>Finished Airing</status>
    <start_date>2009-08-01</start_date>
    <end_date>2009-08-01</end_date>
    <synopsis>Ninjas with bloodline limits begin disappearing in all the countries and blame points toward the fire nation. By Tsunade's order, Kakashi is sacrificed to prevent an all out war. After inheriting charms left by Kakashi, Naruto fights through friends and foes to prevent his death while changing the minds of those who've inherited the will of fire.&lt;br /&gt;
&lt;br /&gt;
(Source: ANN)</synopsis>
    <image>http://cdn.myanimelist.net/images/anime/7/14686.jpg</image>
  </entry>
  <entry>
    <id>8246</id>
    <title>Naruto: Shippuuden Movie 4 - The Lost Tower</title>
    <english></english>
    <synonyms>Naruto Movie 7; Gekijouban Naruto Shippuuden: The Lost Tower</synonyms>
    <episodes>1</episodes>
    <score>7.54</score>
    <type>Movie</type>
    <status>Finished Airing</status>
    <start_date>2010-07-31</start_date>
    <end_date>2010-07-31</end_date>
    <synopsis>Assigned on a mission to capture Mukade, a missing-nin, Naruto Uzumaki sets out for the once glorious historic ruins of &amp;quot;Ouran&amp;quot;, where he pursues and corners the rogue ninja. Mukade&amp;#039;s goal is revealed to be a dormant leyline within the ruins; he unleashes the power of the leyline, causing a light to envelop Naruto, sending him into the past, 20 years before the series began. When Naruto awakens, he comes into contact with the Fourth Hokage, Minato Namikaze.&lt;br /&gt;
&lt;br /&gt;
(Source: Wikipedia) </synopsis>
    <image>http://cdn.myanimelist.net/images/anime/3/23344.jpg</image>
  </entry>
  <entry>
    <id>10589</id>
    <title>Naruto: Shippuuden Movie 5 - Blood Prison</title>
    <english></english>
    <synonyms>Naruto Movie 8; Gekijouban Naruto: Blood Prison</synonyms>
    <episodes>1</episodes>
    <score>7.67</score>
    <type>Movie</type>
    <status>Finished Airing</status>
    <start_date>2011-07-30</start_date>
    <end_date>2011-07-30</end_date>
    <synopsis>After being captured for attempting to assassinate the leader of Kumogakure, the Raikage, and killing Jounin from Kirigakure and Iwagakure, Naruto is imprisoned in Houzukijou, a criminal containment facility also known as the Blood Prison. &lt;br /&gt;
&lt;br /&gt;
The master of the castle, Mui, uses the ultimate imprisonment jutsu to steal power from the prisoners. In this place, something is aiming for Naruto's life. The battle to prove his innocence and uncover the truth has begun for Naruto and his friends.&lt;br /&gt;
&lt;br /&gt;
(Source: AnimeAvenue)</synopsis>
    <image>http://cdn.myanimelist.net/images/anime/13/41403.jpg</image>
  </entry>
  <entry>
    <id>13667</id>
    <title>Naruto: Shippuuden Movie 6 - Road to Ninja</title>
    <english>Road to Ninja: Naruto the Movie</english>
    <synonyms>Naruto Movie 9</synonyms>
    <episodes>1</episodes>
    <score>7.94</score>
    <type>Movie</type>
    <status>Finished Airing</status>
    <start_date>2012-07-28</start_date>
    <end_date>2012-07-28</end_date>
    <synopsis>Ten years ago, a gigantic demon beast known as the Nine-Tailed Demon Fox was released from its jinchuuriki by an unknown shinobi wearing a mask. The village of Konohagakure was close to destruction by the attack of the Nine-Tails, but the village was saved by its leader. Minato Namikaze and his wife Kushina Uzumaki&amp;mdash;who was the jinchuuriki at the time of the attack&amp;mdash;sealed away the demon inside their new born son: Naruto Uzumaki. However, this act of saving the village cost them their lives and they left the future of the ninja world to Naruto.&lt;br /&gt;
&lt;br /&gt;
With the demon fox sealed away, things continued as normal. However, the peace of the village would not last long, for Pain, Konan, Itachi Uchiha, Kisame Hoshigaki, Sasori, Deidara, Hidan and Kakuzu&amp;mdash;members of a dreaded shinobi group called the Akatsuki&amp;mdash;attacked Konohagakure. Naruto narrowly manages to launch a counter-attack but why have these shinobi appeared when all of them were meant to have died? The mystery remains, but the shinobi are praised by heir families for completing such a dangerous mission. However, one of them who has never known the faces of his parents, Naruto, cannot help but feel lonely. At that exact time, suddenly, the masked man makes his appearance in Konoha. Naruto and his allies are both attacked by the man's mysterious new doujutsu.&lt;br /&gt;
&lt;br /&gt;
(Source: Naruto Wikia)</synopsis>
    <image>http://cdn.myanimelist.net/images/anime/6/51863.jpg</image>
  </entry>
  <entry>
    <id>16870</id>
    <title>Naruto: Shippuuden Movie 7 - The Last</title>
    <english>The Last: Naruto the Movie</english>
    <synonyms>Naruto Movie 10: Naruto the Movie: The Last</synonyms>
    <episodes>1</episodes>
    <score>7.99</score>
    <type>Movie</type>
    <status>Finished Airing</status>
    <start_date>2014-12-06</start_date>
    <end_date>2014-12-06</end_date>
    <synopsis>The moon is beginning to fall, and at the rate it's going, it is doomed to fall on the Earth. The countdown for the survival of the planet begins. Among the havoc, Hinata's younger sister Hanabi is captured by the mysterious enemy, Toneri Ootsutsuki. Naruto must overcome great danger on a mission to save Hanabi and the world along with Hinata, Sai, Shikamaru, and Sakura is their final story. &amp;quot;The final story is a first love.&amp;quot;&lt;br /&gt;
&lt;br /&gt;
(Source: ANN)</synopsis>
    <image>http://cdn.myanimelist.net/images/anime/10/67631.jpg</image>
  </entry>
  <entry>
    <id>19511</id>
    <title>Naruto: Shippuuden - Jump Super Anime Tour 2013 Special</title>
    <english></english>
    <synonyms>Naruto Shippuden: Sunny Side Battle; Naruto: Shippuuden - Jump Festa 2013 Special</synonyms>
    <episodes>1</episodes>
    <score>7.12</score>
    <type>Special</type>
    <status>Finished Airing</status>
    <start_date>2013-10-06</start_date>
    <end_date>2013-10-06</end_date>
    <synopsis>A comedy-filled filler with a plot revolving around the two Uchiha Brothers, Mangekyo Sharingan, chickens, and fried eggs.</synopsis>
    <image>http://cdn.myanimelist.net/images/anime/3/60111.jpg</image>
  </entry>
</anime>
