<?xml version="1.0" encoding="utf-8"?>
<anime>
  <entry>
    <id>23555</id>
    <title>Neko no Dayan</title>
    <english></english>
    <synonyms></synonyms>
    <episodes>0</episodes>
    <score>0.00</score>
    <type>TV</type>
    <status>Currently Airing</status>
    <start_date>2014-04-26</start_date>
    <end_date>0000-00-00</end_date>
    <synopsis>Dayan the cat came to Wachi Field from the Earth through Snow magic.  Wachi Field was originally part of the Earth, but separated by Snow God because of the War between Gods and Titans, which destroyed the land.  After the war, the Earth's time flow faster than Wachi Field, which the life is slow with animals and fairies and full of mischief.</synopsis>
    <image>http://cdn.myanimelist.net/images/anime/5/60755.jpg</image>
  </entry>
</anime>
