<?xml version="1.0" encoding="utf-8"?>
<anime>
  <entry>
    <id>23737</id>
    <title>Neko Pitcher</title>
    <english></english>
    <synonyms></synonyms>
    <episodes>0</episodes>
    <score>0.00</score>
    <type>TV</type>
    <status>Currently Airing</status>
    <start_date>2014-05-03</start_date>
    <end_date>0000-00-00</end_date>
    <synopsis>A story about Cat pitcher Mi-Tarou's actions. It is a 23-koma that serialized in Yomiuri Shimbun Sunday.</synopsis>
    <image>http://cdn.myanimelist.net/images/anime/3/61473.jpg</image>
  </entry>
</anime>
