<?xml version="1.0" encoding="utf-8"?>
<anime>
  <entry>
    <id>1199</id>
    <title>Nintama Rantarou</title>
    <english></english>
    <synonyms>Ninja Boy Rantaro; Rakudaii Nintama Rantarou</synonyms>
    <episodes>0</episodes>
    <score>7.23</score>
    <type>TV</type>
    <status>Currently Airing</status>
    <start_date>1993-04-10</start_date>
    <end_date>0000-00-00</end_date>
    <synopsis>Rantarou, Shinbei and Kirimaru are ninja apprentices in the Ninja Gakuen, where first grade ones are called &amp;quot;Nintamas&amp;quot; (contraction of the words ninja+tama (egg)). They must learn everything a ninja must know, but as for our heroes, money, food or playing are more interesting. The series show the everyday adventures of our heroes, segmentated in a cartoon fashion, like 2 small episodes in a 30-min show. The cast also includes the teachers (Doi-sensei and crossdressing Yamada-sensei), nintama kunoichis, evil guys (Dokutake ninjas) and even family members of all the cast...&lt;br /&gt;
&lt;br /&gt;
(Source: ANN)</synopsis>
    <image>http://cdn.myanimelist.net/images/anime/10/23274.jpg</image>
  </entry>
  <entry>
    <id>2710</id>
    <title>Nintama Rantarou Movie</title>
    <english></english>
    <synonyms>Eiga Nintama Rantarou</synonyms>
    <episodes>1</episodes>
    <score>0.00</score>
    <type>Movie</type>
    <status>Finished Airing</status>
    <start_date>1996-06-29</start_date>
    <end_date>1996-06-29</end_date>
    <synopsis>In the movie, the Dokutake ninja steal a shipment of saltpeter from Shinbei's papa. They plan to use it to create medicine that will make them fly and become super-ninjas! Danzou, who's father was transporting the goods, stows away and is taken to the Dokutake's secret headquarters. When Shinbei informs the school, Yamada-sensei and Doi-sensei rush to help. But Hagumi decide to take matters into their own hands and try to rescue Danzou themselves. Things don't go according to plan, though, and soon they all need to be rescued too. Fortunately Rikichi, Yamada-sensei's cool son, is around to help out! In fact,before long everyone gets into the act! But can Rantarou and his friends stop Happousai before it's too late?&lt;br /&gt;
&lt;br /&gt;
(Source: AniDB)</synopsis>
    <image>http://cdn.myanimelist.net/images/anime/10/3649.jpg</image>
  </entry>
  <entry>
    <id>10114</id>
    <title>Nintama Rantarou Movie: Ninjutsu Gakuen Zenin Shutsudou! no Dan</title>
    <english></english>
    <synonyms>Gekijouban Anime Nintama Rantarou Ninjutsu Gakuen Zenin Shutsudou! no Dan</synonyms>
    <episodes>1</episodes>
    <score>6.86</score>
    <type>Movie</type>
    <status>Finished Airing</status>
    <start_date>2011-03-12</start_date>
    <end_date>2011-03-12</end_date>
    <synopsis>No synopsis has been added for this series yet.&lt;br /&gt;
&lt;br /&gt;
[url=http://myanimelist.net/dbchanges.php?aid=10114&amp;amp;t=synopsis]Click here[/url] to update this information.</synopsis>
    <image>http://cdn.myanimelist.net/images/anime/5/34395.jpg</image>
  </entry>
  <entry>
    <id>28581</id>
    <title>Nintama Rantarou no Jishin Youjin Hi no Youjin</title>
    <english></english>
    <synonyms></synonyms>
    <episodes>1</episodes>
    <score>0.00</score>
    <type>OVA</type>
    <status>Finished Airing</status>
    <start_date>0000-00-00</start_date>
    <end_date>0000-00-00</end_date>
    <synopsis>An educational film about fire safety during earthquakes starring Nintama Rantarou. </synopsis>
    <image>http://cdn.myanimelist.net/images/anime/10/68961.jpg</image>
  </entry>
  <entry>
    <id>28583</id>
    <title>Nintama Rantarou no Shouboutai</title>
    <english></english>
    <synonyms></synonyms>
    <episodes>1</episodes>
    <score>0.00</score>
    <type>OVA</type>
    <status>Finished Airing</status>
    <start_date>0000-00-00</start_date>
    <end_date>0000-00-00</end_date>
    <synopsis>An educational film about fire brigades starring Nintama Rantarou.</synopsis>
    <image>http://cdn.myanimelist.net/images/anime/8/68963.jpg</image>
  </entry>
</anime>
