<?xml version="1.0" encoding="utf-8"?>
<anime>
  <entry>
    <id>24845</id>
    <title>Nyanfu</title>
    <english></english>
    <synonyms></synonyms>
    <episodes>0</episodes>
    <score>0.00</score>
    <type>TV</type>
    <status>Currently Airing</status>
    <start_date>2014-02-22</start_date>
    <end_date>0000-00-00</end_date>
    <synopsis>Shorts that feature music note cats. The series premiered on February 22, 2014 on television; the first episode was published on an official YouTube channel that same day. &lt;br /&gt;
&lt;br /&gt;
The whole world is in love with character illustrations of cats, dogs, and bears. A brand-new show, and the first of its kind in Japan, featuring nothing but cat characters for cat lovers started airing in February 2014. A variety of cat characters designed by Japan's topnotch creators and illustrators are animated and they are voiced by popular KAWAII (cute) anime voice actors. This show is a must-see not just for the fans of cat characters but for all anime lovers!&lt;br /&gt;
&lt;br /&gt;
(Source:  YouTube)</synopsis>
    <image>http://cdn.myanimelist.net/images/anime/12/63835.jpg</image>
  </entry>
</anime>
