<?xml version="1.0" encoding="utf-8"?>
<anime>
  <entry>
    <id>24403</id>
    <title>Nyanpuku Nyaruma</title>
    <english></english>
    <synonyms></synonyms>
    <episodes>0</episodes>
    <score>0.00</score>
    <type>TV</type>
    <status>Currently Airing</status>
    <start_date>2014-07-25</start_date>
    <end_date>0000-00-00</end_date>
    <synopsis>Follows twin cats who wish to make others happy and their strange friends.</synopsis>
    <image>http://cdn.myanimelist.net/images/anime/13/62981.jpg</image>
  </entry>
</anime>
