<?xml version="1.0" encoding="utf-8"?>
<anime>
  <entry>
    <id>4459</id>
    <title>Ojarumaru</title>
    <english>Prince Mackaroo</english>
    <synonyms></synonyms>
    <episodes>0</episodes>
    <score>6.65</score>
    <type>TV</type>
    <status>Currently Airing</status>
    <start_date>1998-10-05</start_date>
    <end_date>0000-00-00</end_date>
    <synopsis>In the Heian era, around 1000 years ago, a young boy of noble family named Ojarumaru is bored with his life of privilege. Meanwhile, three demons steal the power-stick of Enma, king of demons, and then lose it. Ojarumaru finds it, and uses it to transport himself to the present time. Here, he is befriended by a young boy named Kazuma, and becomes a member of his family. As time goes on, Ojarumaru makes many new friends, while dodging the comedic efforts of the three demons, Akane, Kisuke, and Aobee, as they try to recover the stick. (from ANN)</synopsis>
    <image>http://cdn.myanimelist.net/images/anime/2/8519.jpg</image>
  </entry>
  <entry>
    <id>16480</id>
    <title>Ojarumaru Yakusoku no Natsu Ojaru to Semira Movie</title>
    <english>Prince Mackaroo the Movie: The Promised Summer - Ojaru and Semira</english>
    <synonyms></synonyms>
    <episodes>1</episodes>
    <score>0.00</score>
    <type>Movie</type>
    <status>Finished Airing</status>
    <start_date>2000-07-15</start_date>
    <end_date>2000-07-15</end_date>
    <synopsis>A short film introduces Semira, a strange boy who comes to play with Ojaru and his chums and bears a marked resemblance to a boy of the same name who spent a summer with the village elders when they were boys, long ago.&lt;br /&gt;
&lt;br /&gt;
(Source: AnimeVice)</synopsis>
    <image>http://cdn.myanimelist.net/images/anime/7/44464.jpg</image>
  </entry>
  <entry>
    <id>16482</id>
    <title>Ojarumaru: Mangetsu Road Kiki Ippatsu - Tama ni wa Maro mo Daibouken</title>
    <english></english>
    <synonyms>Prince Mackaroo: Peril at the Full Moon Road -A &quot;Rare&quot; Adventure of Our Prince-</synonyms>
    <episodes>1</episodes>
    <score>0.00</score>
    <type>Special</type>
    <status>Finished Airing</status>
    <start_date>2007-05-03</start_date>
    <end_date>2007-05-03</end_date>
    <synopsis>A special of the Ojarumaru series. </synopsis>
    <image>http://cdn.myanimelist.net/images/anime/4/44466.jpg</image>
  </entry>
</anime>
