<?xml version="1.0" encoding="utf-8"?>
<anime>
  <entry>
    <id>29435</id>
    <title>Ongaku Sekai Ryokou</title>
    <english></english>
    <synonyms>World Tavel Music</synonyms>
    <episodes>0</episodes>
    <score>0.00</score>
    <type>TV</type>
    <status>Currently Airing</status>
    <start_date>2011-00-00</start_date>
    <end_date>0000-00-00</end_date>
    <synopsis>Stop-motion animation using clay and puppets follows a musician and hit cat traveling the world and learning about music in different cultures while spreading their own songs.</synopsis>
    <image>http://cdn.myanimelist.net/images/anime/10/70731.jpg</image>
  </entry>
</anime>
