<?xml version="1.0" encoding="utf-8"?>
<anime>
  <entry>
    <id>23673</id>
    <title>Ookami Shoujo to Kuro Ouji</title>
    <english>Wolf Girl and Black Prince</english>
    <synonyms>Ookami Shoujo to Kuroouji; Wolf Girl &amp; Black Prince</synonyms>
    <episodes>12</episodes>
    <score>7.53</score>
    <type>TV</type>
    <status>Finished Airing</status>
    <start_date>2014-10-05</start_date>
    <end_date>2014-12-21</end_date>
    <synopsis>The story centers around Erika Shinohara, a vain 16-year-old girl who tells her friends about her romantic exploits, but she actually has no boyfriend. She claims that a handsome boy in a candid photo is her boyfriend, but it turns out that boy is a schoolmate named Kyouya Sata. She has no choice but to make him her fake boyfriend. Unfortunately, Sata may look like a sweet person, but he is actually an ultra-black-hearted sadist. Sata takes advantage of Erika's weakness and treats her like his dog.&lt;br /&gt;
&lt;br /&gt;
(Source: ANN)</synopsis>
    <image>http://cdn.myanimelist.net/images/anime/4/67805.jpg</image>
  </entry>
  <entry>
    <id>28299</id>
    <title>Ookami Shoujo to Kuro Ouji OVA</title>
    <english></english>
    <synonyms></synonyms>
    <episodes>1</episodes>
    <score>0.00</score>
    <type>OVA</type>
    <status>Not yet aired</status>
    <start_date>2015-04-24</start_date>
    <end_date>2015-04-24</end_date>
    <synopsis>OVA bundled with 12th manga volume.&lt;br /&gt;
&lt;br /&gt;
The OVA includes a popular chapter that was not adapted in the TV series.&lt;br /&gt;
&lt;br /&gt;
(Source: MAL News, edited)</synopsis>
    <image>http://cdn.myanimelist.net/images/anime/5/68415.jpg</image>
  </entry>
  <entry>
    <id>29129</id>
    <title>Ookami Shoujo to Kuro Ouji Recap</title>
    <english>Wolf Girl and Black Prince Recap</english>
    <synonyms>Ookami Shoujo to Kuroouji Soushuuhen; Wolf Girl &amp; Black Prince Recap</synonyms>
    <episodes>1</episodes>
    <score>0.00</score>
    <type>TV</type>
    <status>Finished Airing</status>
    <start_date>2014-12-28</start_date>
    <end_date>2014-12-28</end_date>
    <synopsis>Recap of Ookami Shoujo to Kuro Ouji TV series.</synopsis>
    <image>http://cdn.myanimelist.net/images/anime//0.jpg</image>
  </entry>
</anime>
