<?xml version="1.0" encoding="utf-8"?>
<anime>
  <entry>
    <id>24705</id>
    <title>Ore, Twintails ni Narimasu.</title>
    <english>Gonna be the Twin-Tails!!</english>
    <synonyms>Ore, Twin tails ni Narimasu.</synonyms>
    <episodes>12</episodes>
    <score>6.95</score>
    <type>TV</type>
    <status>Finished Airing</status>
    <start_date>2014-10-10</start_date>
    <end_date>2014-12-26</end_date>
    <synopsis>Mitsuka Souji is a first-year high school student who greatly loves the &amp;quot;twintails&amp;quot; hairstyle. One day a beautiful girl, Thuearle, who comes from another world suddenly appeared in front of him and gave him the power to transform into the twintails warrior TailRed. Now Souji, with the help of his childhood friend Tsube Aika who can become the twintails warrior TailBlue, must fight in order to protect the peace on earth.&lt;br /&gt;
&lt;br /&gt;
(Source: Wikipedia)</synopsis>
    <image>http://cdn.myanimelist.net/images/anime/12/66497.jpg</image>
  </entry>
</anime>
