<?xml version="1.0" encoding="utf-8"?>
<anime>
  <entry>
    <id>22735</id>
    <title>Oreca Battle</title>
    <english></english>
    <synonyms></synonyms>
    <episodes>0</episodes>
    <score>5.54</score>
    <type>TV</type>
    <status>Currently Airing</status>
    <start_date>2014-04-07</start_date>
    <end_date>0000-00-00</end_date>
    <synopsis>The anime adaptation revolves around a young boy named Faiya Orega who loves Oreca competitions. One day, he is granted the power to summon real Oreca monsters due to the mysterious powers of the treasure chest Pandora. To protect the peace of the Oreca world, Faiya must fight the demon king who threatens the land.&lt;br /&gt;
&lt;br /&gt;
(Source: Crunchyroll)</synopsis>
    <image>http://cdn.myanimelist.net/images/anime/12/59131.jpg</image>
  </entry>
</anime>
