<?xml version="1.0" encoding="utf-8"?>
<anime>
  <entry>
    <id>24211</id>
    <title>Orenchi no Furo Jijou</title>
    <english></english>
    <synonyms>Orefuro</synonyms>
    <episodes>13</episodes>
    <score>7.15</score>
    <type>TV</type>
    <status>Finished Airing</status>
    <start_date>2014-10-06</start_date>
    <end_date>2014-12-29</end_date>
    <synopsis>Tatsumi is a high school boy who lives by himself. However, a devastatingly handsome merman named Wakasa moves into the bathtub in Tatsumi's home. Wakasa is a bit self-centered but cute, while Tatsumi is cool but a busybody.&lt;br /&gt;
&lt;br /&gt;
(Source: ANN)</synopsis>
    <image>http://cdn.myanimelist.net/images/anime/12/67085.jpg</image>
  </entry>
</anime>
