<?xml version="1.0" encoding="utf-8"?>
<anime>
  <entry>
    <id>29399</id>
    <title>Ou-sama Monogatari</title>
    <english></english>
    <synonyms>Little King's Story</synonyms>
    <episodes>0</episodes>
    <score>0.00</score>
    <type>TV</type>
    <status>Currently Airing</status>
    <start_date>2007-05-21</start_date>
    <end_date>0000-00-00</end_date>
    <synopsis>Stop-motion animation made out of fabric following a curious king sneaking out of his castle.</synopsis>
    <image>http://cdn.myanimelist.net/images/anime/10/70669.jpg</image>
  </entry>
</anime>
