<?xml version="1.0" encoding="utf-8"?>
<anime>
  <entry>
    <id>13165</id>
    <title>Paboo &amp; Mojies</title>
    <english></english>
    <synonyms></synonyms>
    <episodes>0</episodes>
    <score>0.00</score>
    <type>TV</type>
    <status>Currently Airing</status>
    <start_date>2012-04-02</start_date>
    <end_date>0000-00-00</end_date>
    <synopsis>Paboo &amp;amp; Mojies is a children's television series created by the We've study, based on a franchise from Sega Toys.</synopsis>
    <image>http://cdn.myanimelist.net/images/anime/11/36873.jpg</image>
  </entry>
</anime>
