<?xml version="1.0" encoding="utf-8"?>
<anime>
  <entry>
    <id>13463</id>
    <title>Panda no Taputapu</title>
    <english></english>
    <synonyms></synonyms>
    <episodes>0</episodes>
    <score>0.00</score>
    <type>TV</type>
    <status>Currently Airing</status>
    <start_date>2012-04-02</start_date>
    <end_date>0000-00-00</end_date>
    <synopsis>No synopsis has been added for this series yet.&lt;br /&gt;
&lt;br /&gt;
&lt;!--link--&gt;&lt;a href=&quot;http://myanimelist.net/dbchanges.php?aid=13463&amp;amp;t=synopsis&quot;&gt;Click here&lt;/a&gt; to update this information.</synopsis>
    <image>http://cdn.myanimelist.net/images/anime/8/37609.jpg</image>
  </entry>
</anime>
