<?xml version="1.0" encoding="utf-8"?>
<anime>
  <entry>
    <id>28247</id>
    <title>Pankis! 2-jigen</title>
    <english></english>
    <synonyms>Punkzkiss</synonyms>
    <episodes>24</episodes>
    <score>0.00</score>
    <type>TV</type>
    <status>Currently Airing</status>
    <start_date>2015-01-08</start_date>
    <end_date>0000-00-00</end_date>
    <synopsis>St. Muse Academy: the place for the &amp;quot;sound of the spirits.&amp;quot; In order for people to live pleasantly among the sound, there is an academy where people learn to balance and control sound. Now, the five failing students receive a special mission...&lt;br /&gt;
&lt;br /&gt;
(Source: MAL News)</synopsis>
    <image>http://cdn.myanimelist.net/images/anime/13/68305.jpg</image>
  </entry>
</anime>
