<?xml version="1.0" encoding="utf-8"?>
<anime>
  <entry>
    <id>23135</id>
    <title>Pri Para</title>
    <english></english>
    <synonyms>Puri Para; PriPara; PuriPara; Prism Paradise</synonyms>
    <episodes>38</episodes>
    <score>7.05</score>
    <type>TV</type>
    <status>Currently Airing</status>
    <start_date>2014-07-05</start_date>
    <end_date>0000-00-00</end_date>
    <synopsis>PriPara (Prism Paradise) is the successor to the popular Pretty Rhythm series. The first episode aired on July 5th, 2014. The new anime is set in the Pri-Para world, filled with girls' dreams and yearnings for fashion, dance, and music. Every day, there are auditions that send top idols to worldwide fame on television and online. However, Laala's school prohibits Pri-Para for elementary school children. An unexpected chance leads Laala to make her first entrance into the world of Pri-Para, where she will make her debut. PriPara is also a new game which is replacing Pretty Rhythm. Like Pretty Rhythm, PriPara has an anime which is based off of the game, and has a story line to it. The main characters that we know so far, Laala, Mirei, and Sophie, are also on the game.&lt;br /&gt;
&lt;br /&gt;
(Source: Pri Para Wiki)</synopsis>
    <image>http://cdn.myanimelist.net/images/anime/7/62533.jpg</image>
  </entry>
  <entry>
    <id>25857</id>
    <title>Pri Para Movie: Mi~nna Atsumare! Prism☆Tours</title>
    <english></english>
    <synonyms>Pri Para Movie: Minna Atsumare! Prism☆Tours</synonyms>
    <episodes>1</episodes>
    <score>0.00</score>
    <type>Movie</type>
    <status>Not yet aired</status>
    <start_date>2015-03-07</start_date>
    <end_date>2015-03-07</end_date>
    <synopsis>PriPara the Movie: Everyone, Assemble! Prism ☆ Tours is the film based on and starring the characters from PriPara. The film is scheduled to begin showing in theaters across Japan from March 7, 2015. The plot will focus on Laala Manaka finding out about Saints' top idol journey, and will feature the return of many characters from across all the Pretty Rhythm series.&lt;br /&gt;
&lt;br /&gt;
(Source: Pri Para Wikia)</synopsis>
    <image>http://cdn.myanimelist.net/images/anime/11/69615.jpg</image>
  </entry>
  <entry>
    <id>28823</id>
    <title>Pri Para 2nd Season</title>
    <english></english>
    <synonyms>Puri Para; PriPara; PuriPara; Prism Paradise Second Season</synonyms>
    <episodes>0</episodes>
    <score>0.00</score>
    <type>TV</type>
    <status>Not yet aired</status>
    <start_date>2015-04-00</start_date>
    <end_date>0000-00-00</end_date>
    <synopsis>Second season of the popular [i]Pri Para[/i] series.</synopsis>
    <image>http://cdn.myanimelist.net/images/anime/2/71952.jpg</image>
  </entry>
</anime>
