<?xml version="1.0" encoding="utf-8"?>
<anime>
  <entry>
    <id>23277</id>
    <title>Saenai Heroine no Sodatekata</title>
    <english>Saekano: How to Raise a Boring Girlfriend</english>
    <synonyms>Saenai Kanojo no Sodate-kata</synonyms>
    <episodes>11</episodes>
    <score>7.56</score>
    <type>TV</type>
    <status>Currently Airing</status>
    <start_date>2015-01-16</start_date>
    <end_date>0000-00-00</end_date>
    <synopsis>The life of Tomoyo Aki, a highschool otaku working part time to support his BD hoarding. With remarkable luck, he bumps head-first into, Megumi Kato, the most beautiful girl he has ever seen. Naturally, the meeting twists his life into a complicated torrent of relationships. Eriri Spencer Sawamura, his half-foreigner childhood friend who's always valued her relationship with MC. Kasumigaoka Utaha, a cold, composed renowned literary genius who shoves everyone aside from our protagonist. What is this? An eroge introduction?&lt;br /&gt;
&lt;br /&gt;
The tale of a small not quite doujin circle, but not quite indie studio's journey through the tough territory of comiket and beyond.</synopsis>
    <image>http://cdn.myanimelist.net/images/anime/7/68783.jpg</image>
  </entry>
  <entry>
    <id>29317</id>
    <title>Saenai Heroine no Sodatekata: Ai to Seishun no Service Kai</title>
    <english></english>
    <synonyms>Saenai Heroine no Sodatekata Special; Saenai Heroine no Sodatekata Episode 0; Saekano: How to Raise a Boring Girlfriend Prologue</synonyms>
    <episodes>1</episodes>
    <score>6.95</score>
    <type>Special</type>
    <status>Finished Airing</status>
    <start_date>2015-01-09</start_date>
    <end_date>2015-01-09</end_date>
    <synopsis>Prologue to the [i]Saenai Heroine no Sodatekata[/i] series.</synopsis>
    <image>http://cdn.myanimelist.net/images/anime/6/70493.jpg</image>
  </entry>
</anime>
