<?xml version="1.0" encoding="utf-8"?>
<anime>
  <entry>
    <id>22359</id>
    <title>Sanzoku no Musume Ronja</title>
    <english>Ronja R&ouml;vardotter</english>
    <synonyms>Sanzoku no Musume Ronia; Ronia the Robber's Daughter</synonyms>
    <episodes>26</episodes>
    <score>6.71</score>
    <type>TV</type>
    <status>Currently Airing</status>
    <start_date>2014-10-11</start_date>
    <end_date>0000-00-00</end_date>
    <synopsis>The story is about a girl named Ronja who is the daughter of a chief of a tribe of bandits and lives in a huge castle in the forest with the bandits. The story follows Ronja as she encounters mystical creatures, makes friends with another young child like herself, and experiences life in the forest.</synopsis>
    <image>http://cdn.myanimelist.net/images/anime/11/68125.jpg</image>
  </entry>
</anime>
