<?xml version="1.0" encoding="utf-8"?>
<anime>
  <entry>
    <id>2406</id>
    <title>Sazae-san</title>
    <english>Mrs. Sazae</english>
    <synonyms></synonyms>
    <episodes>0</episodes>
    <score>6.71</score>
    <type>TV</type>
    <status>Currently Airing</status>
    <start_date>1969-10-05</start_date>
    <end_date>0000-00-00</end_date>
    <synopsis>The main character is a mother named Sazae-san. She lives in a house with her husband, her kids and her parents. The show is the ultimate family program and tends to follow traditional themes. Think of this show as the Japanese equivalent to &amp;quot;The Partridge Family&amp;quot; and you'll get a good feel for this show's atmosphere. Don't expect to see things like violence, swearing, kung-fu action or magical girls. The plots are more like &amp;quot;Today, Sazae-san goes to the new mall and gets lost&amp;quot;. Such &amp;quot;boring&amp;quot; plotlines and the simplistic art are often a turn-off to non-Japanese audiences, but most Japanese find the show incredibly good. As a result, it continues to be one of the top ratings grabbers on TV and is one of the few anime that is considered &amp;quot;acceptable&amp;quot; by adults. &lt;br /&gt;
&lt;br /&gt;
(Source: AniDB)</synopsis>
    <image>http://cdn.myanimelist.net/images/anime/9/25502.jpg</image>
  </entry>
  <entry>
    <id>28615</id>
    <title>Sazae-san: Dawn to Ikka de Hawaii Ryokou</title>
    <english></english>
    <synonyms></synonyms>
    <episodes>1</episodes>
    <score>0.00</score>
    <type>Special</type>
    <status>Finished Airing</status>
    <start_date>1998-00-00</start_date>
    <end_date>1998-00-00</end_date>
    <synopsis>A Family Travel special commemorating the 30th Anniversary of [i]Sazae-san[/i] series.</synopsis>
    <image>http://cdn.myanimelist.net/images/anime/7/69343.jpg</image>
  </entry>
</anime>
