<?xml version="1.0" encoding="utf-8"?>
<anime>
  <entry>
    <id>22663</id>
    <title>Seiken Tsukai no World Break</title>
    <english>World Break: Aria of Curse for a Holy Swordsman</english>
    <synonyms>Seiken Tsukai no Kinshuu Eishou; Warubure</synonyms>
    <episodes>0</episodes>
    <score>7.09</score>
    <type>TV</type>
    <status>Currently Airing</status>
    <start_date>2015-01-12</start_date>
    <end_date>0000-00-00</end_date>
    <synopsis>Written by Akamitsu Awamura, the series takes place in a private high school involving the concept of &amp;quot;saviors.&amp;quot; They are known as people who possess awakened memories of their past lives. The story tells of a young boy named Moroha Haimura who comes to this private school.&lt;br /&gt;
&lt;br /&gt;
At the school, there are two types of people: Saviors, who fight enemies with weapons and techniques gleaned from the Puraana powers from their own bodies, and Kuroma, who wipe out enemies with magic to manipulate the Maana powers that surpass physics. Moroha Haimura is the first person with past lives of both Saviors and Kuroma.&lt;br /&gt;
&lt;br /&gt;
(Source: ANN, edited)</synopsis>
    <image>http://cdn.myanimelist.net/images/anime/7/71769.jpg</image>
  </entry>
</anime>
