<?xml version="1.0" encoding="utf-8"?>
<anime>
  <entry>
    <id>21497</id>
    <title>Sengoku Musou SP: Sanada no Shou</title>
    <english>Samurai Warriors: Legend of the Sanada</english>
    <synonyms>Sengoku Musou Special: Sanada's Chapter; Samurai Warriors Special: Sanada's Chapter</synonyms>
    <episodes>1</episodes>
    <score>6.71</score>
    <type>Special</type>
    <status>Finished Airing</status>
    <start_date>2014-03-21</start_date>
    <end_date>2014-03-21</end_date>
    <synopsis>The story of the special revolves around the Sanada brothers in their youth. Nobuyuki and Yukimura swear to each other to protect the influential Sanada clan. However, thinking of how to best continue the Sanada clan, Yukimura makes a decision, and meets with Mitsunari Ishida and Naoe Kanetsugu at the location he arrived at. On the other hand, his elder brother Nobuyuki must worry about the selfish demands made by the Tokugawa clan.&lt;br /&gt;
&lt;br /&gt;
(Source: ANN)</synopsis>
    <image>http://cdn.myanimelist.net/images/anime/7/56703.jpg</image>
  </entry>
  <entry>
    <id>28283</id>
    <title>Sengoku Musou</title>
    <english></english>
    <synonyms>Samurai Warriors</synonyms>
    <episodes>12</episodes>
    <score>6.40</score>
    <type>TV</type>
    <status>Currently Airing</status>
    <start_date>2015-01-12</start_date>
    <end_date>0000-00-00</end_date>
    <synopsis>Toyotomi Hideyoshi is on the verge of unifying the realm, and all that remains is the Odawara Castle protected by the &amp;quot;Lion of Sagami&amp;quot; Ujiyasu Houjou. Hideyoshi's personally trained generals&amp;mdash;Ishida Mitsunari, Katou Kiyomasa, and Fukushima Masanori&amp;mdash;as well as Ootani Yoshitsugu, Shima Sakon, and Naoe Kanetsugu are all on the frontline of the battle. Amidst the battle formation are the two young warriors of the Sanada household: older brother Nobuyuki and younger brother Yukimura. As the stalemate begins to break down, Sanada Yukimura rides on a lone horse into the fray. His brother follows him right after.&lt;br /&gt;
&lt;br /&gt;
(Source: ANN)</synopsis>
    <image>http://cdn.myanimelist.net/images/anime/3/71770.jpg</image>
  </entry>
</anime>
