<?xml version="1.0" encoding="utf-8"?>
<anime>
  <entry>
    <id>10506</id>
    <title>Shiawase Haitatsu Taneko</title>
    <english></english>
    <synonyms></synonyms>
    <episodes>0</episodes>
    <score>0.00</score>
    <type>TV</type>
    <status>Currently Airing</status>
    <start_date>2011-03-26</start_date>
    <end_date>0000-00-00</end_date>
    <synopsis>The story centers around a cat who answers people's wishes and delivers happiness. (&quot;Tane&quot; and &quot;neko&quot; are the Japanese words for &quot;seed&quot; and &quot;cat,&quot; respectively.)&lt;br /&gt;
&lt;br /&gt;
(Source: ANN)</synopsis>
    <image>http://cdn.myanimelist.net/images/anime/2/28900.jpg</image>
  </entry>
</anime>
