<?xml version="1.0" encoding="utf-8"?>
<anime>
  <entry>
    <id>18941</id>
    <title>Shimajirou no Wow!</title>
    <english></english>
    <synonyms></synonyms>
    <episodes>0</episodes>
    <score>0.00</score>
    <type>TV</type>
    <status>Currently Airing</status>
    <start_date>2012-04-02</start_date>
    <end_date>0000-00-00</end_date>
    <synopsis>Fourth season of the Shimajirou children's television series.</synopsis>
    <image>http://cdn.myanimelist.net/images/anime/9/50737.jpg</image>
  </entry>
</anime>
