<?xml version="1.0" encoding="utf-8"?>
<anime>
  <entry>
    <id>23233</id>
    <title>Shinmai Maou no Testament</title>
    <english>The Testament of Sister New Devil</english>
    <synonyms>Shinmai Maou no Keiyakusha</synonyms>
    <episodes>12</episodes>
    <score>7.20</score>
    <type>TV</type>
    <status>Currently Airing</status>
    <start_date>2015-01-08</start_date>
    <end_date>0000-00-00</end_date>
    <synopsis>&amp;quot;Hey, you said you wanted a little sister, right?&amp;quot; First year highschool student, Toujo Basara, was suddenly asked by his father and fell into a state of panic. On top of that, the eccentric father told him he will be getting remarried.&lt;br /&gt;
&lt;br /&gt;
He then departed overseas after bringing Basara two beautiful step-sisters. But Mio and Maria's true forms are actually the newbie Demon Lord and a succubus!?&lt;br /&gt;
&lt;br /&gt;
(Source: MU)</synopsis>
    <image>http://cdn.myanimelist.net/images/anime/6/67627.jpg</image>
  </entry>
  <entry>
    <id>29027</id>
    <title>Shinmai Maou no Testament OVA</title>
    <english></english>
    <synonyms>The Testament of Sister New Devil OVA; Shinmai Maou no Keiyakusha OVA</synonyms>
    <episodes>1</episodes>
    <score>0.00</score>
    <type>OVA</type>
    <status>Not yet aired</status>
    <start_date>2015-06-00</start_date>
    <end_date>2015-06-00</end_date>
    <synopsis>An unaired episode of [i]Shinmai Maou no Testament[/i], bundled with the eighth light novel volume.</synopsis>
    <image>http://cdn.myanimelist.net/images/anime/12/69911.jpg</image>
  </entry>
</anime>
