<?xml version="1.0" encoding="utf-8"?>
<anime>
  <entry>
    <id>27741</id>
    <title>Shounen Hollywood: Holly Stage for 50</title>
    <english></english>
    <synonyms>Shonen Hollywood 2</synonyms>
    <episodes>0</episodes>
    <score>6.59</score>
    <type>TV</type>
    <status>Currently Airing</status>
    <start_date>2015-01-10</start_date>
    <end_date>0000-00-00</end_date>
    <synopsis>Second Season of Shounen Hollywood: Holly Stage for 49.</synopsis>
    <image>http://cdn.myanimelist.net/images/anime/12/70705.jpg</image>
  </entry>
</anime>
