<?xml version="1.0" encoding="utf-8"?>
<anime>
  <entry>
    <id>1960</id>
    <title>Sore Ike! Anpanman</title>
    <english></english>
    <synonyms>Soreike! Anpanman; Go! Anpanman; Anpanman TV</synonyms>
    <episodes>0</episodes>
    <score>6.76</score>
    <type>TV</type>
    <status>Currently Airing</status>
    <start_date>1988-10-03</start_date>
    <end_date>0000-00-00</end_date>
    <synopsis>One night, a Star of Life falls down the chimney of a bakery nestled deep in the forest, causing the dough in the oven to come to life. The dough becomes Anpanman, a superhero made of anpan (a sweet roll with bean jam filling). Together with his friends, Anpanman fights his rival Baikinman and helps the malnourished. &lt;br /&gt;
&lt;br /&gt;
(Source: ANN)</synopsis>
    <image>http://cdn.myanimelist.net/images/anime/1/1960.jpg</image>
  </entry>
  <entry>
    <id>9007</id>
    <title>Sore Ike! Anpanman: Black Nose to Mahou no Uta</title>
    <english></english>
    <synonyms>Soreike! Anpanman: Black Nose to Mahou no Uta</synonyms>
    <episodes>1</episodes>
    <score>0.00</score>
    <type>Movie</type>
    <status>Finished Airing</status>
    <start_date>2010-07-10</start_date>
    <end_date>2010-07-10</end_date>
    <synopsis>22nd Anpanman short movie.</synopsis>
    <image>http://cdn.myanimelist.net/images/anime/10/24923.jpg</image>
  </entry>
  <entry>
    <id>9446</id>
    <title>Sore Ike! Anpanman: Niji no Pyramid</title>
    <english></english>
    <synonyms>Soreike! Anpanman: Niji no Piramido; Soreike! Anpanman: The Pyramid of the Rainbow</synonyms>
    <episodes>1</episodes>
    <score>0.00</score>
    <type>Movie</type>
    <status>Finished Airing</status>
    <start_date>1997-07-26</start_date>
    <end_date>1997-07-26</end_date>
    <synopsis>9th Anpanman short movie.</synopsis>
    <image>http://cdn.myanimelist.net/images/anime/12/26142.jpg</image>
  </entry>
  <entry>
    <id>9451</id>
    <title>Sore Ike! Anpanman: Ningyo Hime no Namida</title>
    <english></english>
    <synonyms>Soreike! Anpanman: Tears of the Mermaid Princess</synonyms>
    <episodes>1</episodes>
    <score>0.00</score>
    <type>Movie</type>
    <status>Finished Airing</status>
    <start_date>2000-07-29</start_date>
    <end_date>2000-07-29</end_date>
    <synopsis>12th Anpanman short movie.</synopsis>
    <image>http://cdn.myanimelist.net/images/anime/8/26291.jpg</image>
  </entry>
  <entry>
    <id>10056</id>
    <title>Sore Ike! Anpanman: Kyouryuu Nosshii no Daibouken</title>
    <english></english>
    <synonyms>Soreike! Anpanman: Nosshi the Dinosaur's Big Adventure</synonyms>
    <episodes>1</episodes>
    <score>0.00</score>
    <type>Movie</type>
    <status>Finished Airing</status>
    <start_date>1993-07-17</start_date>
    <end_date>1993-07-17</end_date>
    <synopsis>5th Anpanman short movie.</synopsis>
    <image>http://cdn.myanimelist.net/images/anime/6/28052.jpg</image>
  </entry>
  <entry>
    <id>10057</id>
    <title>Sore Ike! Anpanman: Tobe! Tobe! Chibigon</title>
    <english></english>
    <synonyms>Soreike! Anpanman: Fly! Fly! Chibigon!</synonyms>
    <episodes>1</episodes>
    <score>0.00</score>
    <type>Movie</type>
    <status>Finished Airing</status>
    <start_date>1991-07-20</start_date>
    <end_date>1991-07-20</end_date>
    <synopsis>3rd Anpanman short movie.</synopsis>
    <image>http://cdn.myanimelist.net/images/anime/4/27773.jpg</image>
  </entry>
  <entry>
    <id>10058</id>
    <title>Sore Ike! Anpanman: Yuurei Sen wo Yattsukero!!</title>
    <english></english>
    <synonyms>Sore Ike! Anpanman: Yuureisen o yattsukero!!; Soreike! Anpanman: Let's Defeat the Haunted Ship!</synonyms>
    <episodes>1</episodes>
    <score>0.00</score>
    <type>Movie</type>
    <status>Finished Airing</status>
    <start_date>1993-07-29</start_date>
    <end_date>1993-07-29</end_date>
    <synopsis>4th Anpanman short movie.</synopsis>
    <image>http://cdn.myanimelist.net/images/anime/7/27774.jpg</image>
  </entry>
  <entry>
    <id>10059</id>
    <title>Sore Ike! Anpanman: Tsumiki Shiro no Himitsu</title>
    <english></english>
    <synonyms>Soreike! Anpanman: The Secret of Building Block Castle</synonyms>
    <episodes>1</episodes>
    <score>0.00</score>
    <type>Movie</type>
    <status>Finished Airing</status>
    <start_date>1992-03-14</start_date>
    <end_date>1992-03-14</end_date>
    <synopsis>No synopsis has been added for this series yet.&lt;br /&gt;
&lt;br /&gt;
&lt;!--link--&gt;&lt;a href=&quot;http://myanimelist.net/dbchanges.php?aid=10058&amp;amp;t=synopsis&quot;&gt;Click here&lt;/a&gt; to update this information.</synopsis>
    <image>http://cdn.myanimelist.net/images/anime/12/27775.jpg</image>
  </entry>
  <entry>
    <id>10060</id>
    <title>Sore Ike! Anpanman: Sora Tobu Ehon to Glass no Kutsu</title>
    <english></english>
    <synonyms>Soreike! Anpanman Soratobu Ehon to Garasu no Kutsu; Soreike! Anpanman: The Flying Picture Book and the Glass Shoes</synonyms>
    <episodes>1</episodes>
    <score>0.00</score>
    <type>Movie</type>
    <status>Finished Airing</status>
    <start_date>1996-07-13</start_date>
    <end_date>1996-07-13</end_date>
    <synopsis>8th Anpanman short movie.</synopsis>
    <image>http://cdn.myanimelist.net/images/anime/11/28053.jpg</image>
  </entry>
  <entry>
    <id>10061</id>
    <title>Sore Ike! Anpanman: Baikinman no Gyakushuu</title>
    <english></english>
    <synonyms>Soreike! Anpanman: Baikinman's Counterattack</synonyms>
    <episodes>1</episodes>
    <score>0.00</score>
    <type>Movie</type>
    <status>Finished Airing</status>
    <start_date>1990-07-07</start_date>
    <end_date>1990-07-07</end_date>
    <synopsis>Baikinsennin tells Baikinman about a magical vase called &amp;quot;Mekoisu no tsubo&amp;quot; that could grant him the power to destroy Anpanman. A princess of the perished Yaada-koku, Yaada-hime, also seeks the vase to restore her kingdom to its glory. When Anpanman joins forces with her, a furious chase ensues with both sides trying to get their hands on the vase.&lt;br /&gt;
&lt;br /&gt;
(Source: ANN)</synopsis>
    <image>http://cdn.myanimelist.net/images/anime/12/27777.jpg</image>
  </entry>
  <entry>
    <id>10684</id>
    <title>Sore Ike! Anpanman: Sukue! Kokorin to Kiseki no Hoshi</title>
    <english></english>
    <synonyms></synonyms>
    <episodes>1</episodes>
    <score>0.00</score>
    <type>Movie</type>
    <status>Finished Airing</status>
    <start_date>2011-07-02</start_date>
    <end_date>2011-07-02</end_date>
    <synopsis>23rd Anpanman short movie.</synopsis>
    <image>http://cdn.myanimelist.net/images/anime/10/49479.jpg</image>
  </entry>
  <entry>
    <id>10685</id>
    <title>Sore Ike! Anpanman: Utatte Teasobi! Anpanman to Mori no Takara</title>
    <english></english>
    <synonyms></synonyms>
    <episodes>1</episodes>
    <score>0.00</score>
    <type>Movie</type>
    <status>Finished Airing</status>
    <start_date>2011-07-02</start_date>
    <end_date>2011-07-02</end_date>
    <synopsis>No synopsis has been added for this series yet.&lt;br /&gt;
&lt;br /&gt;
&lt;!--link--&gt;&lt;a href=&quot;http://myanimelist.net/dbchanges.php?aid=10685&amp;amp;t=synopsis&quot;&gt;Click here&lt;/a&gt; to update this information.</synopsis>
    <image>http://cdn.myanimelist.net/images/anime/12/59303.jpg</image>
  </entry>
  <entry>
    <id>11791</id>
    <title>Sore Ike! Anpanman: Ruby no Negai</title>
    <english></english>
    <synonyms></synonyms>
    <episodes>1</episodes>
    <score>0.00</score>
    <type>Movie</type>
    <status>Finished Airing</status>
    <start_date>2003-07-12</start_date>
    <end_date>2003-07-12</end_date>
    <synopsis>Ruby is an Aurora Girl who makes northern lights together with her kind. She is banished from Aurora no kuni (Aurora Land) because of her selfishness and horrible behaviour, and she is told to find a stone called Aurora no Shizuku that can grant three wishes. That way she will be forgiven. Ruby meets Anpanman and lies to him that she needs the stone to rescue her land. But when Baikinman is also interested in getting the three wishes, Ruby is torn between the choice of helping her new friends or being able to return to Aurora no kuni.&lt;br /&gt;
&lt;br /&gt;
(Source: ANN)</synopsis>
    <image>http://cdn.myanimelist.net/images/anime/5/32959.jpg</image>
  </entry>
  <entry>
    <id>14381</id>
    <title>Sore Ike! Anpanman: Yomigaere Bananajima</title>
    <english></english>
    <synonyms></synonyms>
    <episodes>1</episodes>
    <score>0.00</score>
    <type>Movie</type>
    <status>Finished Airing</status>
    <start_date>2012-07-07</start_date>
    <end_date>2012-07-07</end_date>
    <synopsis>In the southern country of Banana island, the energetic princess and his humble servant Banna invite Anpanman and his friends to their biggest festival &amp;quot;Banana Matsuri&amp;quot;. But when they arrive a stormy and cold day bestows the island and withers all the Banana crop. While searching for the cause on the Banana Mountain a water monster appears that threatens to take back the island to the water world. With the help of Banna, can Anpanman and his friends rescue the island from this crisis?</synopsis>
    <image>http://cdn.myanimelist.net/images/anime/3/39427.jpg</image>
  </entry>
  <entry>
    <id>16163</id>
    <title>Sore Ike! Anpanman: Kirakira Boshi no Namida</title>
    <english>Go! Anpanman: The Shining Star's Tear</english>
    <synonyms>Sore Ike! Anpanman: Kirakiraboshi no Namida</synonyms>
    <episodes>1</episodes>
    <score>0.00</score>
    <type>Movie</type>
    <status>Finished Airing</status>
    <start_date>1989-11-03</start_date>
    <end_date>1989-11-03</end_date>
    <synopsis>Anpanman helps the princess Nandananda to find the The Shining Star's Tear.</synopsis>
    <image>http://cdn.myanimelist.net/images/anime/2/43533.jpg</image>
  </entry>
  <entry>
    <id>16988</id>
    <title>Sore Ike! Anpanman: Anpanman to Christmas no Hoshi</title>
    <english></english>
    <synonyms>Soreike! Anpanman: Anpanman to Christmas no Hoshi; Go! Anpanman: Anpanman and the Star of Christmas</synonyms>
    <episodes>1</episodes>
    <score>0.00</score>
    <type>Special</type>
    <status>Finished Airing</status>
    <start_date>2004-12-24</start_date>
    <end_date>2004-12-24</end_date>
    <synopsis>A special Christmas episode. </synopsis>
    <image>http://cdn.myanimelist.net/images/anime/8/45570.jpg</image>
  </entry>
  <entry>
    <id>17004</id>
    <title>Sore Ike! Anpanman: Franken-Robo-kun's Surprised Christmas</title>
    <english></english>
    <synonyms>Go! Anpanman: Franken-Robo-kun's Surprised Christmas</synonyms>
    <episodes>1</episodes>
    <score>0.00</score>
    <type>Special</type>
    <status>Finished Airing</status>
    <start_date>2008-12-19</start_date>
    <end_date>2008-12-19</end_date>
    <synopsis>A special Christmas episode.</synopsis>
    <image>http://cdn.myanimelist.net/images/anime/4/45572.jpg</image>
  </entry>
  <entry>
    <id>17006</id>
    <title>Sore Ike! Anpanman: Sing! Dance! Everybody's Christmas</title>
    <english></english>
    <synonyms>Go! Anpanman: Sing! Dance! Everybody's Christmas</synonyms>
    <episodes>1</episodes>
    <score>0.00</score>
    <type>Special</type>
    <status>Finished Airing</status>
    <start_date>2006-12-22</start_date>
    <end_date>2006-12-22</end_date>
    <synopsis>A special Christmas episode.</synopsis>
    <image>http://cdn.myanimelist.net/images/anime/6/45574.jpg</image>
  </entry>
  <entry>
    <id>17213</id>
    <title>Sore Ike! Anpanman: Dadandan to Futago no Hoshi</title>
    <english></english>
    <synonyms></synonyms>
    <episodes>1</episodes>
    <score>0.00</score>
    <type>Movie</type>
    <status>Finished Airing</status>
    <start_date>2009-07-04</start_date>
    <end_date>2009-07-04</end_date>
    <synopsis>21st Anpanman movie.</synopsis>
    <image>http://cdn.myanimelist.net/images/anime/8/45969.jpg</image>
  </entry>
  <entry>
    <id>17215</id>
    <title>Sore Ike! Anpanman: Happy no Daibouken</title>
    <english></english>
    <synonyms></synonyms>
    <episodes>1</episodes>
    <score>0.00</score>
    <type>Movie</type>
    <status>Finished Airing</status>
    <start_date>2005-07-16</start_date>
    <end_date>2005-07-16</end_date>
    <synopsis>17th Anpanman movie.</synopsis>
    <image>http://cdn.myanimelist.net/images/anime/3/45971.jpg</image>
  </entry>
  <entry>
    <id>17219</id>
    <title>Sore Ike! Anpanman: Roll to Laura Ukigumojou no Himitsu</title>
    <english></english>
    <synonyms>Soreike! Anpanman: Roll to Lola Ukigumo Shiro no Himitsu</synonyms>
    <episodes>1</episodes>
    <score>0.00</score>
    <type>Movie</type>
    <status>Finished Airing</status>
    <start_date>2002-07-13</start_date>
    <end_date>2002-07-13</end_date>
    <synopsis>14th Anpanman movie.</synopsis>
    <image>http://cdn.myanimelist.net/images/anime/11/45975.jpg</image>
  </entry>
  <entry>
    <id>18355</id>
    <title>Sore Ike! Anpanman: Minna de Teasobi - Anpanman to Itazura Obake</title>
    <english></english>
    <synonyms></synonyms>
    <episodes>1</episodes>
    <score>0.00</score>
    <type>Movie</type>
    <status>Finished Airing</status>
    <start_date>2013-07-06</start_date>
    <end_date>2013-07-06</end_date>
    <synopsis>This short movie that was screened simultaneously with a Anpanman movie - &lt;em&gt;Sore Ike! Anpanman: Tobase! Kibou no Handkerchief&lt;/em&gt;.</synopsis>
    <image>http://cdn.myanimelist.net/images/anime/2/49477.jpg</image>
  </entry>
  <entry>
    <id>18357</id>
    <title>Sore Ike! Anpanman: Tobase! Kibou no Handkerchief</title>
    <english></english>
    <synonyms></synonyms>
    <episodes>1</episodes>
    <score>0.00</score>
    <type>Movie</type>
    <status>Finished Airing</status>
    <start_date>2013-07-06</start_date>
    <end_date>2013-07-06</end_date>
    <synopsis>25th Anpanman movie. Screened simultaneously with &lt;em&gt;Minna de Teasobi: Anpanman to Itazura Obake&lt;/em&gt;.</synopsis>
    <image>http://cdn.myanimelist.net/images/anime/9/49475.jpg</image>
  </entry>
  <entry>
    <id>18591</id>
    <title>Sore Ike! Anpanman: Inochi no Hoshi no Dolly</title>
    <english></english>
    <synonyms></synonyms>
    <episodes>1</episodes>
    <score>0.00</score>
    <type>Movie</type>
    <status>Finished Airing</status>
    <start_date>2006-07-15</start_date>
    <end_date>2006-07-15</end_date>
    <synopsis>The annual Star Festival to honor the stars that bring life is drawing nearer. Anpanman finds an abandoned doll who is brought to life by a Star of Life. The doll, now named Dolly, spends all of her time having fun, convinced that enjoying oneself is the meaning of life. However, her Star of Life is starting to disappear, and Baikinman builds a huge robot inspired by memories of his own birth.&lt;br /&gt;
&lt;br /&gt;
(Source: ANN)</synopsis>
    <image>http://cdn.myanimelist.net/images/anime/6/49667.jpg</image>
  </entry>
  <entry>
    <id>19433</id>
    <title>Sore Ike! Anpanman: Omusubiman</title>
    <english></english>
    <synonyms></synonyms>
    <episodes>1</episodes>
    <score>0.00</score>
    <type>Movie</type>
    <status>Finished Airing</status>
    <start_date>1990-07-07</start_date>
    <end_date>1990-07-07</end_date>
    <synopsis></synopsis>
    <image>http://cdn.myanimelist.net/images/anime/9/52081.jpg</image>
  </entry>
  <entry>
    <id>20113</id>
    <title>Sore Ike! Anpanman: Tekka no Maki-chan to Kin no Kamameshidon</title>
    <english></english>
    <synonyms></synonyms>
    <episodes>1</episodes>
    <score>0.00</score>
    <type>Movie</type>
    <status>Finished Airing</status>
    <start_date>2002-07-13</start_date>
    <end_date>2002-07-13</end_date>
    <synopsis>14th Anpanman short movie.</synopsis>
    <image>http://cdn.myanimelist.net/images/anime/7/53597.jpg</image>
  </entry>
  <entry>
    <id>21291</id>
    <title>Sore Ike! Anpanman: Minami no Umi wo Sukue!</title>
    <english></english>
    <synonyms></synonyms>
    <episodes>1</episodes>
    <score>0.00</score>
    <type>Special</type>
    <status>Finished Airing</status>
    <start_date>1990-08-26</start_date>
    <end_date>1990-08-26</end_date>
    <synopsis></synopsis>
    <image>http://cdn.myanimelist.net/images/anime/4/56227.jpg</image>
  </entry>
  <entry>
    <id>21293</id>
    <title>Sore Ike! Anpanman: Shabondama no Purun</title>
    <english></english>
    <synonyms></synonyms>
    <episodes>1</episodes>
    <score>0.00</score>
    <type>Movie</type>
    <status>Finished Airing</status>
    <start_date>2007-07-14</start_date>
    <end_date>2007-07-14</end_date>
    <synopsis>Anpanman's friends go see a bubble show performed by Shabondama-hime and her Shabondama Girls, who make exquisite bubbles by playing their flutes. One of the girls, Purun, can't make big bubbles no matter how much she rehearses. She feels inadequate as she goes to retrieve her lost flute, which Creampanda finds and goes to return. Meanwhile Baikinman takes over Shabondama-hime's castle and steals the flutes, using their power to create evil bubbles, and Purun must realize her own importance and save the day with Anpanman's help.&lt;br /&gt;
&lt;br /&gt;
(Source: ANN)</synopsis>
    <image>http://cdn.myanimelist.net/images/anime/9/56229.jpg</image>
  </entry>
  <entry>
    <id>21295</id>
    <title>Sore Ike! Anpanman: Tenohira wo Taiyou ni</title>
    <english></english>
    <synonyms></synonyms>
    <episodes>1</episodes>
    <score>0.00</score>
    <type>Movie</type>
    <status>Finished Airing</status>
    <start_date>1998-07-25</start_date>
    <end_date>1998-07-25</end_date>
    <synopsis></synopsis>
    <image>http://cdn.myanimelist.net/images/anime/9/56241.jpg</image>
  </entry>
  <entry>
    <id>21297</id>
    <title>Sore Ike! Anpanman: Yakisobapanman to Black Sabotenman</title>
    <english></english>
    <synonyms></synonyms>
    <episodes>1</episodes>
    <score>0.00</score>
    <type>Movie</type>
    <status>Finished Airing</status>
    <start_date>2007-07-29</start_date>
    <end_date>2007-07-29</end_date>
    <synopsis></synopsis>
    <image>http://cdn.myanimelist.net/images/anime/9/56233.jpg</image>
  </entry>
  <entry>
    <id>21933</id>
    <title>Sore Ike! Anpanman: Anpanman to Happy Otanjoubi</title>
    <english></english>
    <synonyms></synonyms>
    <episodes>1</episodes>
    <score>0.00</score>
    <type>Movie</type>
    <status>Finished Airing</status>
    <start_date>1995-07-29</start_date>
    <end_date>1995-07-29</end_date>
    <synopsis>An animated short movie about Anpanman an his friends preparing for celebrating a birthday.</synopsis>
    <image>http://cdn.myanimelist.net/images/anime/8/57671.jpg</image>
  </entry>
  <entry>
    <id>21935</id>
    <title>Sore Ike! Anpanman: Anpanman to Okashi na Nakama</title>
    <english></english>
    <synonyms></synonyms>
    <episodes>1</episodes>
    <score>0.00</score>
    <type>Movie</type>
    <status>Finished Airing</status>
    <start_date>1998-07-25</start_date>
    <end_date>1998-07-25</end_date>
    <synopsis></synopsis>
    <image>http://cdn.myanimelist.net/images/anime/7/57673.jpg</image>
  </entry>
  <entry>
    <id>21937</id>
    <title>Sore Ike! Anpanman: Anpanman to Yukai na Nakamatachi</title>
    <english></english>
    <synonyms></synonyms>
    <episodes>1</episodes>
    <score>0.00</score>
    <type>Movie</type>
    <status>Finished Airing</status>
    <start_date>1992-03-14</start_date>
    <end_date>1992-03-14</end_date>
    <synopsis></synopsis>
    <image>http://cdn.myanimelist.net/images/anime/6/57677.jpg</image>
  </entry>
  <entry>
    <id>21941</id>
    <title>Sore Ike! Anpanman: Anpanman no Jin-Jin-Jingle Bells</title>
    <english></english>
    <synonyms></synonyms>
    <episodes>1</episodes>
    <score>0.00</score>
    <type>Special</type>
    <status>Finished Airing</status>
    <start_date>2005-12-23</start_date>
    <end_date>2005-12-23</end_date>
    <synopsis></synopsis>
    <image>http://cdn.myanimelist.net/images/anime/7/57679.jpg</image>
  </entry>
  <entry>
    <id>21943</id>
    <title>Sore Ike! Anpanman: Baikinman to 3 Bai Punch</title>
    <english></english>
    <synonyms></synonyms>
    <episodes>1</episodes>
    <score>0.00</score>
    <type>Movie</type>
    <status>Finished Airing</status>
    <start_date>1996-07-13</start_date>
    <end_date>1996-07-13</end_date>
    <synopsis></synopsis>
    <image>http://cdn.myanimelist.net/images/anime/5/57681.jpg</image>
  </entry>
  <entry>
    <id>21945</id>
    <title>Sore Ike! Anpanman: Baikinman vs. Baikinman!?</title>
    <english></english>
    <synonyms>Baikinman Tai Baikinman!?</synonyms>
    <episodes>1</episodes>
    <score>0.00</score>
    <type>Movie</type>
    <status>Finished Airing</status>
    <start_date>2009-07-04</start_date>
    <end_date>2009-07-04</end_date>
    <synopsis></synopsis>
    <image>http://cdn.myanimelist.net/images/anime/2/57699.jpg</image>
  </entry>
  <entry>
    <id>21947</id>
    <title>Sore Ike! Anpanman: Gomira no Hoshi</title>
    <english></english>
    <synonyms></synonyms>
    <episodes>1</episodes>
    <score>0.00</score>
    <type>Movie</type>
    <status>Finished Airing</status>
    <start_date>2001-07-14</start_date>
    <end_date>2001-07-14</end_date>
    <synopsis></synopsis>
    <image>http://cdn.myanimelist.net/images/anime/3/57701.jpg</image>
  </entry>
  <entry>
    <id>21951</id>
    <title>Sore Ike! Anpanman: Hiya Hiya Hiyariko to Bafu Bafu Baikinman</title>
    <english></english>
    <synonyms>Hiya Hiya Hiyariko to Babu Babu Baikinman</synonyms>
    <episodes>1</episodes>
    <score>0.00</score>
    <type>Movie</type>
    <status>Finished Airing</status>
    <start_date>2008-07-12</start_date>
    <end_date>2008-07-12</end_date>
    <synopsis></synopsis>
    <image>http://cdn.myanimelist.net/images/anime/6/57703.jpg</image>
  </entry>
  <entry>
    <id>21953</id>
    <title>Sore Ike! Anpanman: Horrorman to Hora Horako</title>
    <english></english>
    <synonyms></synonyms>
    <episodes>1</episodes>
    <score>0.00</score>
    <type>Movie</type>
    <status>Finished Airing</status>
    <start_date>2007-07-14</start_date>
    <end_date>2007-07-14</end_date>
    <synopsis></synopsis>
    <image>http://cdn.myanimelist.net/images/anime/9/57705.jpg</image>
  </entry>
  <entry>
    <id>21955</id>
    <title>Sore Ike! Anpanman: Kokin-chan to Namida no Christmas</title>
    <english></english>
    <synonyms></synonyms>
    <episodes>1</episodes>
    <score>0.00</score>
    <type>Special</type>
    <status>Finished Airing</status>
    <start_date>2007-12-21</start_date>
    <end_date>2007-12-21</end_date>
    <synopsis></synopsis>
    <image>http://cdn.myanimelist.net/images/anime/10/57707.jpg</image>
  </entry>
  <entry>
    <id>21957</id>
    <title>Sore Ike! Anpanman: Kokin-chan to Aoi Namida</title>
    <english></english>
    <synonyms></synonyms>
    <episodes>1</episodes>
    <score>0.00</score>
    <type>Movie</type>
    <status>Finished Airing</status>
    <start_date>2006-07-15</start_date>
    <end_date>2006-07-15</end_date>
    <synopsis>Anpanman finds an odd little girl from outer space. The girl turns out to be Kokin-chan, Dokin-chan's younger sister who came to Earth to play. Moreover, Kokin-chan is a master of fake crying and exploits her skill to get out of the trouble she causes. And her tears have the special power to make anyone whose eyes are touched by them cry without reason.&lt;br /&gt;
&lt;br /&gt;
(Source: ANN)</synopsis>
    <image>http://cdn.myanimelist.net/images/anime/7/57709.jpg</image>
  </entry>
  <entry>
    <id>21959</id>
    <title>Sore Ike! Anpanman: Kuruyuki-hime to Mote Mote Baikinman</title>
    <english></english>
    <synonyms>Kuroyuki Hime to Motemote Baikinman</synonyms>
    <episodes>1</episodes>
    <score>0.00</score>
    <type>Movie</type>
    <status>Finished Airing</status>
    <start_date>2005-07-16</start_date>
    <end_date>2005-07-16</end_date>
    <synopsis>Baikinman is snatched by a black cloud inhabited by a princess who loves black, Kuroyukihime. She is immediately thrilled with him and starts making trouble with him, turning everything black. However, both Dokin-chan and Anpanman are determined to stop her.&lt;br /&gt;
&lt;br /&gt;
(Source: ANN)</synopsis>
    <image>http://cdn.myanimelist.net/images/anime/11/57711.jpg</image>
  </entry>
  <entry>
    <id>21961</id>
    <title>Sore Ike! Anpanman: Minna Atsumare! Anpanman World</title>
    <english></english>
    <synonyms>Sore Ike! Anpanman: Minna Atsumare! Anpanman World - Komusubiman to Omatsuri Robot</synonyms>
    <episodes>1</episodes>
    <score>0.00</score>
    <type>Movie</type>
    <status>Finished Airing</status>
    <start_date>1994-07-16</start_date>
    <end_date>1994-07-16</end_date>
    <synopsis></synopsis>
    <image>http://cdn.myanimelist.net/images/anime/8/57713.jpg</image>
  </entry>
  <entry>
    <id>21963</id>
    <title>Sore Ike! Anpanman: Tsukiko to Shiratama - Tokimeki Dancing</title>
    <english></english>
    <synonyms></synonyms>
    <episodes>1</episodes>
    <score>0.00</score>
    <type>Movie</type>
    <status>Finished Airing</status>
    <start_date>2004-07-17</start_date>
    <end_date>2004-07-17</end_date>
    <synopsis></synopsis>
    <image>http://cdn.myanimelist.net/images/anime/4/57715.jpg</image>
  </entry>
  <entry>
    <id>21967</id>
    <title>Sore Ike! Anpanman: Yousei Rinrin no Himitsu</title>
    <english></english>
    <synonyms></synonyms>
    <episodes>1</episodes>
    <score>0.00</score>
    <type>Movie</type>
    <status>Finished Airing</status>
    <start_date>2008-07-12</start_date>
    <end_date>2008-07-12</end_date>
    <synopsis></synopsis>
    <image>http://cdn.myanimelist.net/images/anime/2/57717.jpg</image>
  </entry>
  <entry>
    <id>21969</id>
    <title>Sore Ike! Anpanman: Yumeneko no Kuni no Nyanii</title>
    <english></english>
    <synonyms></synonyms>
    <episodes>1</episodes>
    <score>0.00</score>
    <type>Movie</type>
    <status>Finished Airing</status>
    <start_date>2004-07-17</start_date>
    <end_date>2004-07-17</end_date>
    <synopsis>When a comet that comes back once in a hundred years, Dream Suisei, is travelling by Earth, everybody sees the same dream of a foreign world. Melonpanna saves an egg from being crushed and wakes up to find out that the egg has followed her home. &lt;br /&gt;
&lt;br /&gt;
A kitten hatches from the egg, and Melonpanna names her Nyanii and starts caring for her. But soon they find out that Nyanii is needed back on Dream Suisei, and if she doesn't return there, she will vanish. Melonpanna struggles with the upcoming hard goodbyes, but the real trouble starts when Baikinman accidentally awakens the evil monster Muuma.&lt;br /&gt;
&lt;br /&gt;
(Source: ANN)</synopsis>
    <image>http://cdn.myanimelist.net/images/anime/7/57719.jpg</image>
  </entry>
  <entry>
    <id>21971</id>
    <title>Sore Ike! Anpanman: Yuuki no Hana ga Hiraku Toki</title>
    <english></english>
    <synonyms></synonyms>
    <episodes>1</episodes>
    <score>0.00</score>
    <type>Movie</type>
    <status>Finished Airing</status>
    <start_date>1999-07-24</start_date>
    <end_date>1999-07-24</end_date>
    <synopsis></synopsis>
    <image>http://cdn.myanimelist.net/images/anime/2/57721.jpg</image>
  </entry>
  <entry>
    <id>21973</id>
    <title>Sore Ike! Anpanman: Anpanman to Oyakusoku</title>
    <english></english>
    <synonyms></synonyms>
    <episodes>2</episodes>
    <score>0.00</score>
    <type>OVA</type>
    <status>Finished Airing</status>
    <start_date>1998-02-01</start_date>
    <end_date>1998-03-01</end_date>
    <synopsis></synopsis>
    <image>http://cdn.myanimelist.net/images/anime/12/57687.jpg</image>
  </entry>
  <entry>
    <id>21975</id>
    <title>Sore Ike! Anpanman: Outa to Teasobi Tanoshii ne</title>
    <english></english>
    <synonyms></synonyms>
    <episodes>2</episodes>
    <score>0.00</score>
    <type>OVA</type>
    <status>Finished Airing</status>
    <start_date>2000-03-20</start_date>
    <end_date>2000-11-22</end_date>
    <synopsis></synopsis>
    <image>http://cdn.myanimelist.net/images/anime/4/57691.jpg</image>
  </entry>
  <entry>
    <id>22035</id>
    <title>Sore Ike! Anpanman: Lyrical☆Magical Mahou no Gakkou</title>
    <english></english>
    <synonyms></synonyms>
    <episodes>1</episodes>
    <score>0.00</score>
    <type>Movie</type>
    <status>Finished Airing</status>
    <start_date>1994-07-20</start_date>
    <end_date>1994-07-20</end_date>
    <synopsis></synopsis>
    <image>http://cdn.myanimelist.net/images/anime/10/57819.jpg</image>
  </entry>
</anime>
