<?xml version="1.0" encoding="utf-8"?>
<anime>
  <entry>
    <id>17080</id>
    <title>Soukyuu no Fafner: Dead Aggressor - Exodus</title>
    <english></english>
    <synonyms></synonyms>
    <episodes>13</episodes>
    <score>7.05</score>
    <type>TV</type>
    <status>Currently Airing</status>
    <start_date>2015-01-09</start_date>
    <end_date>0000-00-00</end_date>
    <synopsis>Sequel to [i]Soukyuu no Fafner: Dead Aggressor[/i], set two years after [i]Heaven and Earth[/i].</synopsis>
    <image>http://cdn.myanimelist.net/images/anime/5/68565.jpg</image>
  </entry>
</anime>
