<?xml version="1.0" encoding="utf-8"?>
<anime>
  <entry>
    <id>18007</id>
    <title>Squirrel and Hedgehog</title>
    <english></english>
    <synonyms>다람이와 고슴도치</synonyms>
    <episodes>0</episodes>
    <score>0.00</score>
    <type>TV</type>
    <status>Currently Airing</status>
    <start_date>1977-00-00</start_date>
    <end_date>0000-00-00</end_date>
    <synopsis>Squirrel and Hedgehog documents various animal communities warring and in conflict against one another, each animal being a symbolic representation of real life countries and sometimes political events.&lt;br /&gt;
&lt;br /&gt;
A North Korean propaganda anime that was developed and produced in North Korea to be aired on state television.</synopsis>
    <image>http://cdn.myanimelist.net/images/anime/5/48737.jpg</image>
  </entry>
</anime>
