<?xml version="1.0" encoding="utf-8"?>
<anime>
  <entry>
    <id>21881</id>
    <title>Sword Art Online II</title>
    <english>Sword Art Online II</english>
    <synonyms>Phantom Bullet; SAO II; Sword Art Online 2; SAO 2</synonyms>
    <episodes>24</episodes>
    <score>7.81</score>
    <type>TV</type>
    <status>Finished Airing</status>
    <start_date>2014-07-05</start_date>
    <end_date>2014-12-20</end_date>
    <synopsis>One year after the SAO incident, Kirito is approached by Seijiro Kikuoka from Japan's Ministry of Internal Affairs and Communications Department &amp;quot;VR Division&amp;quot; with a rather peculiar request.&lt;br /&gt;
&lt;br /&gt;
That was an investigation on the &amp;quot;Death Gun&amp;quot; incident that occurred in the gun and steel filled VRMMO called Gun Gale Online (GGO). &amp;quot;Players who are shot by a mysterious avatar with a jet black gun lose their lives even in the real world...&amp;quot; Failing to turn down Kikuoka's bizarre request, Kirito logs in to GGO even though he is not completely convinced that the virtual world could physically affect the real world.&lt;br /&gt;
&lt;br /&gt;
Kirito wanders in an unfamiliar world in order to gain any clues about the &amp;quot;Death Gun.&amp;quot; Then, a female sniper named Sinon who owns a gigantic &amp;quot;Hecate II&amp;quot; rifle extends Kirito a helping hand. With Sinon's help, Kirito decides to enter the &amp;quot;Bullet of Bullets,&amp;quot; a large tournament to choose the most powerful gunner within the realm of GGO, in hopes to become the target of the &amp;quot;Death Gun&amp;quot; and make direct contact with the mysterious avatar.&lt;br /&gt;
&lt;br /&gt;
(Source: Crunchyroll)</synopsis>
    <image>http://cdn.myanimelist.net/images/anime/11/65185.jpg</image>
  </entry>
  <entry>
    <id>27891</id>
    <title>Sword Art Online II: Debriefing</title>
    <english></english>
    <synonyms>Sword Art Online II Episode 14.5; Sword Art Online II Recap</synonyms>
    <episodes>1</episodes>
    <score>6.29</score>
    <type>Special</type>
    <status>Finished Airing</status>
    <start_date>2014-10-11</start_date>
    <end_date>2014-10-11</end_date>
    <synopsis>Recap episode of the Phantom Bullet arc, also known as Episode 14.5.</synopsis>
    <image>http://cdn.myanimelist.net/images/anime/10/67587.jpg</image>
  </entry>
  <entry>
    <id>28063</id>
    <title>Sword Art Online II: Sword Art Offline II</title>
    <english></english>
    <synonyms></synonyms>
    <episodes>0</episodes>
    <score>7.17</score>
    <type>Special</type>
    <status>Currently Airing</status>
    <start_date>2014-10-22</start_date>
    <end_date>0000-00-00</end_date>
    <synopsis>BD/DVD specials.</synopsis>
    <image>http://cdn.myanimelist.net/images/anime/3/68219.jpg</image>
  </entry>
</anime>
