<?xml version="1.0" encoding="utf-8"?>
<anime>
  <entry>
    <id>27629</id>
    <title>Tantei Kageki Milky Holmes TD</title>
    <english></english>
    <synonyms>Tantei Opera Milky Holmes TD</synonyms>
    <episodes>0</episodes>
    <score>6.74</score>
    <type>TV</type>
    <status>Currently Airing</status>
    <start_date>2015-01-03</start_date>
    <end_date>0000-00-00</end_date>
    <synopsis>There have been many cases of stolen songs happening among the idols in Yokohama District recently. Even super idol Marine Amagi's hit song &amp;quot;Kiseki no Uta&amp;quot; was taken away. At the request of Marine, the Milky Holmes team starts investigating the case.&lt;br /&gt;
&lt;br /&gt;
(Source: Crunchyroll)</synopsis>
    <image>http://cdn.myanimelist.net/images/anime/5/66891.jpg</image>
  </entry>
</anime>
