<?xml version="1.0" encoding="utf-8"?>
<anime>
  <entry>
    <id>22687</id>
    <title>Terra Formars</title>
    <english>Terraformars</english>
    <synonyms></synonyms>
    <episodes>13</episodes>
    <score>7.09</score>
    <type>TV</type>
    <status>Finished Airing</status>
    <start_date>2014-09-27</start_date>
    <end_date>2014-12-20</end_date>
    <synopsis>With the space program attempting to travel to Mars, 21st century scientists were tasked with warming up the planet so that humans could survive on its surface. They came up with an efficient and cost-effective plan of sending cockroaches and mold to the surface so that the mold would absorb the sunlight and the insect corpses would serve as a food source for the mold.&lt;br /&gt;
&lt;br /&gt;
It is now the year 2577 and the first manned ship to Mars has landed on the planet and the six crew members are ready for their mission. But what they find are giant mutated humanoid cockroaches with incredible physical strength. The crew members are easily wiped out, but not before sending a transmission back to Earth. Now, humanity will send elite warriors to exterminate the mutated bugs and claim back Mars.&lt;br /&gt;
&lt;br /&gt;
(Source: MangaHelpers)</synopsis>
    <image>http://cdn.myanimelist.net/images/anime/2/67117.jpg</image>
  </entry>
  <entry>
    <id>22689</id>
    <title>Terra Formars OVA</title>
    <english></english>
    <synonyms>Terra Formars: Bugs2 2599; TERRAFORMARS OVA</synonyms>
    <episodes>2</episodes>
    <score>7.18</score>
    <type>OVA</type>
    <status>Finished Airing</status>
    <start_date>2014-08-19</start_date>
    <end_date>2014-11-19</end_date>
    <synopsis>Adaptation of the Bugs 2 arc of the manga.</synopsis>
    <image>http://cdn.myanimelist.net/images/anime/11/59065.jpg</image>
  </entry>
</anime>
