<?xml version="1.0" encoding="utf-8"?>
<anime>
  <entry>
    <id>21409</id>
    <title>The iDOLM@STER Cinderella Girls 2nd Anniversary PV</title>
    <english>THE IDOLM@STER CINDERELLA GIRLS 2nd ANNIVERSARY PV</english>
    <synonyms>The Idolmaster Cinderella Girls: Onegai Cinderella</synonyms>
    <episodes>1</episodes>
    <score>7.06</score>
    <type>Music</type>
    <status>Finished Airing</status>
    <start_date>2013-11-28</start_date>
    <end_date>2013-11-28</end_date>
    <synopsis>Promotional music video of the single &amp;quot;Onegai Cinderella&amp;quot; commemorating the 2nd anniversary of [i]The iDOLM@STER Cinderella Girls[/i] social game.</synopsis>
    <image>http://cdn.myanimelist.net/images/anime/3/67139.jpg</image>
  </entry>
  <entry>
    <id>23587</id>
    <title>The iDOLM@STER Cinderella Girls</title>
    <english>THE IDOLM@STER CINDERELLA GIRLS</english>
    <synonyms>The Idolmaster Cinderella Girls</synonyms>
    <episodes>0</episodes>
    <score>7.32</score>
    <type>TV</type>
    <status>Currently Airing</status>
    <start_date>2015-01-10</start_date>
    <end_date>0000-00-00</end_date>
    <synopsis>There are many idols with long-established talent agency 346 Production. And now the company is starting a new program, the Cinderella Project!&lt;br /&gt;
&lt;br /&gt;
Girls leading normal lives...&lt;br /&gt;
&lt;br /&gt;
They are chosen to be aspiring idols and see another world for the first time in this Cinderella story. Can they all climb the stairs that lead to the palace?&lt;br /&gt;
&lt;br /&gt;
The magic begins now...&lt;br /&gt;
&lt;br /&gt;
(Source: Daisuki)</synopsis>
    <image>http://cdn.myanimelist.net/images/anime/10/70733.jpg</image>
  </entry>
</anime>
