<?xml version="1.0" encoding="utf-8"?>
<anime>
  <entry>
    <id>25157</id>
    <title>Trinity Seven</title>
    <english></english>
    <synonyms></synonyms>
    <episodes>12</episodes>
    <score>7.49</score>
    <type>TV</type>
    <status>Finished Airing</status>
    <start_date>2014-10-08</start_date>
    <end_date>2014-12-24</end_date>
    <synopsis>In this &amp;quot;romantic comedy but sometimes serious magical school story,&amp;quot; life as Arata Kasuga knows it is wiped out by a bizarre incident known as &amp;quot;Collapse Phenomenon,&amp;quot; which causes worldwide destruction and takes his cousin Hijiri Kasuga to the next world. To resolve the &amp;quot;Collapse Phenomenon&amp;quot; and bring back Hijiri, Arata enrolls in the Royal Biblia Academy. Waiting in the school are seven beautiful female magic users&amp;mdash;the Trinity Seven.&lt;br /&gt;
&lt;br /&gt;
(Source: ANN)</synopsis>
    <image>http://cdn.myanimelist.net/images/anime/12/67795.jpg</image>
  </entry>
  <entry>
    <id>28285</id>
    <title>Trinity Seven OVA</title>
    <english></english>
    <synonyms>Trinity Seven (2015)</synonyms>
    <episodes>1</episodes>
    <score>0.00</score>
    <type>OVA</type>
    <status>Not yet aired</status>
    <start_date>2015-03-25</start_date>
    <end_date>2015-03-25</end_date>
    <synopsis>Bundled with limited edition of the 11th compiled volume of the manga.&lt;br /&gt;
&lt;br /&gt;
The premise of the OVA will be written by Kenji Saitou and will deal with a &amp;quot;hilarious festival.&amp;quot; The 11th volume is scheduled to be shipped on March 25th.&lt;br /&gt;
&lt;br /&gt;
(Source: MAL News, edited)</synopsis>
    <image>http://cdn.myanimelist.net/images/anime/13/68389.jpg</image>
  </entry>
</anime>
