<?xml version="1.0" encoding="utf-8"?>
<anime>
  <entry>
    <id>21845</id>
    <title>Ushinawareta Mirai wo Motomete</title>
    <english>In Search of the Lost Future</english>
    <synonyms>Ushinawareta Mirai o Motomete; &Agrave; la recherche du futur perdu; Waremete</synonyms>
    <episodes>12</episodes>
    <score>6.76</score>
    <type>TV</type>
    <status>Finished Airing</status>
    <start_date>2014-10-04</start_date>
    <end_date>2014-12-20</end_date>
    <synopsis>The story is set one autumn at the beginning of the 21st century in the Uchihama area. Uchihama Academy is growing by leaps and bounds. With the construction of a new school building, there will be one last General Club Festival at the old building that is slated to be closed. The students vow to go all out to make this final cultural festival a success.&lt;br /&gt;
&lt;br /&gt;
The Astronomy Club of the protagonist Sou Akiyama is filled with the big names on campus. Just before the festival on October 1, the club receives a request from the student executive committee to calm the uneasiness among the students. There are reports of ghost sightings, accidents, sleeping sickness, and other mysterious incidents at the old building. When Yui Furukawa, a quiet girl who transfered late into the school, appears before Sou, the gears of fate slowly begin to move.&lt;br /&gt;
&lt;br /&gt;
(Source: ANN)</synopsis>
    <image>http://cdn.myanimelist.net/images/anime/10/66637.jpg</image>
  </entry>
</anime>
