<?xml version="1.0" encoding="utf-8"?>
<anime>
  <entry>
    <id>29099</id>
    <title>Washimo 2nd Season</title>
    <english></english>
    <synonyms>Washimo Second Season; Wasimo Second Season</synonyms>
    <episodes>0</episodes>
    <score>0.00</score>
    <type>TV</type>
    <status>Currently Airing</status>
    <start_date>2015-01-05</start_date>
    <end_date>0000-00-00</end_date>
    <synopsis>Second season of [i]Washimo[/i] series.</synopsis>
    <image>http://cdn.myanimelist.net/images/anime/5/70011.jpg</image>
  </entry>
</anime>
