<?xml version="1.0" encoding="utf-8"?>
<anime>
  <entry>
    <id>28155</id>
    <title>Yoru no Yatterman</title>
    <english>Yatterman Night</english>
    <synonyms></synonyms>
    <episodes>12</episodes>
    <score>7.02</score>
    <type>TV</type>
    <status>Currently Airing</status>
    <start_date>2015-01-11</start_date>
    <end_date>0000-00-00</end_date>
    <synopsis>New Yatterman series to commemorate the 40th anniversary of Tatsunoko's Time Bokan series.&lt;br /&gt;
&lt;br /&gt;
A girl is looking at a remote island on the ocean named The Yatter Kingdom, a country that is said to be ruled by the hero Yatterman. The girl wants to ask the Yattermans for some help to cure her sick mother and decides to venture to the kingdom. She gets kicked out from the kingdom though and her mother dies without receiving any help.&lt;br /&gt;
&lt;br /&gt;
Under Dokurobei, the boss of the Dorombo thieves that existed, lies a beauty named Doronjo. The two men, Boyacky and Tonzura, worked under Doronjo but got kicked out from the Yatter Kingdom along with the Doronbo thieves as they lost a fight against the Yatterman. This is the new generation of Dorombo&amp;mdash;Doronjo, Boyacky, Tonzura, and new Yatterman&amp;mdash;a story of the birth of Gan-chan and Ai-chan.&lt;br /&gt;
&lt;br /&gt;
(Source: MAL News)</synopsis>
    <image>http://cdn.myanimelist.net/images/anime/11/71773.jpg</image>
  </entry>
</anime>
