<?xml version="1.0" encoding="utf-8"?>
<anime>
  <entry>
    <id>19157</id>
    <title>Youkai Watch</title>
    <english></english>
    <synonyms>Yokai Watch</synonyms>
    <episodes>0</episodes>
    <score>6.57</score>
    <type>TV</type>
    <status>Currently Airing</status>
    <start_date>2014-01-08</start_date>
    <end_date>0000-00-00</end_date>
    <synopsis>Level-5's adaption of their 3DS game.&lt;br /&gt;
</synopsis>
    <image>http://cdn.myanimelist.net/images/anime/6/58137.jpg</image>
  </entry>
  <entry>
    <id>24591</id>
    <title>Youkai Watch Movie 1: Tanjou no Himitsu da Nyan!</title>
    <english></english>
    <synonyms>Yokai Watch Movie; Eiga Youkai Watch</synonyms>
    <episodes>1</episodes>
    <score>0.00</score>
    <type>Movie</type>
    <status>Finished Airing</status>
    <start_date>2014-12-20</start_date>
    <end_date>2014-12-20</end_date>
    <synopsis>The movie will feature special guests such as popular familiar characters from the TV anime series and the latest Youkai from the upcoming Youkai Watch 2 sequel games.</synopsis>
    <image>http://cdn.myanimelist.net/images/anime/13/68331.jpg</image>
  </entry>
  <entry>
    <id>28257</id>
    <title>Youkai Watch Movie 2</title>
    <english></english>
    <synonyms>Yokai Watch Movie 2; Eiga Youkai Watch 2</synonyms>
    <episodes>1</episodes>
    <score>0.00</score>
    <type>Movie</type>
    <status>Not yet aired</status>
    <start_date>2015-00-00</start_date>
    <end_date>2015-00-00</end_date>
    <synopsis>Second [i]Youkai Watch[/i] movie.</synopsis>
    <image>http://cdn.myanimelist.net/images/anime/5/68911.jpg</image>
  </entry>
  <entry>
    <id>28925</id>
    <title>Youkai Watch: Best 10</title>
    <english></english>
    <synonyms></synonyms>
    <episodes>1</episodes>
    <score>0.00</score>
    <type>Special</type>
    <status>Finished Airing</status>
    <start_date>2014-12-19</start_date>
    <end_date>2014-12-19</end_date>
    <synopsis>Countdown of the ten best Youkai Watch moments.&lt;br /&gt;
</synopsis>
    <image>http://cdn.myanimelist.net/images/anime/11/69761.jpg</image>
  </entry>
</anime>
