<?xml version="1.0" encoding="utf-8"?>
<anime>
  <entry>
    <id>24277</id>
    <title>Yowamushi Pedal: Grande Road</title>
    <english></english>
    <synonyms>Yowamushi Pedal 2nd Season; Yowamushi Pedal Second Season; Yowapeda 2nd Season</synonyms>
    <episodes>24</episodes>
    <score>8.20</score>
    <type>TV</type>
    <status>Currently Airing</status>
    <start_date>2014-10-07</start_date>
    <end_date>0000-00-00</end_date>
    <synopsis>Second season of [i]Yowamushi Pedal[/i] series.</synopsis>
    <image>http://cdn.myanimelist.net/images/anime/12/67799.jpg</image>
  </entry>
</anime>
