<?xml version="1.0" encoding="utf-8"?>
<anime>
  <entry>
    <id>26165</id>
    <title>Yuri Kuma Arashi</title>
    <english>Yurikuma Arashi</english>
    <synonyms>Yuri Bear Storm; Love Bullet: Yurikuma Arashi</synonyms>
    <episodes>12</episodes>
    <score>6.44</score>
    <type>TV</type>
    <status>Currently Airing</status>
    <start_date>2015-01-06</start_date>
    <end_date>0000-00-00</end_date>
    <synopsis>Some time ago, the asteroid Kumaria exploded in the depths of space.&lt;br /&gt;
&lt;br /&gt;
The resulting fragments became a meteor shower that rained down on Earth, and for some reason, bears all over the world rose up and attacked humanity! In &amp;quot;Man vs. Bear,&amp;quot; the bears ate the humans and the humans shot the bears, resulting in a seemingly unending battle and a cycle of hatred. In the end, a giant &amp;quot;Wall of Extinction&amp;quot; was erected between the humans and bears and a state of mutual nonaggression came to pass...&lt;br /&gt;
&lt;br /&gt;
The human world.&lt;br /&gt;
&lt;br /&gt;
One morning, Arashigaoka Academy students Kureha Tsubaki and Sumika Izumino were by themselves and saw the &amp;quot;Yuri Flower&amp;quot; that bloomed in a flower bed. The two are friends as well as lovers. The flower bed is an important place to the two. At that moment, the Bear Alarms ring out! The bears are invading the human world, and humans are being attacked! Are they really those bears? One mystery invokes yet another mystery, one after another. The curtain rises magnificently on [i]Yuri Kuma Arashi[/i]!&lt;br /&gt;
&lt;br /&gt;
(Source: ANN)</synopsis>
    <image>http://cdn.myanimelist.net/images/anime/3/69203.jpg</image>
  </entry>
</anime>
