<?xml version="1.0"?>
<!-- DO NOT EDIT THIS FILE! -->
<HydraIRCThemeCollection name="Basic Themes" author="Hydra" version="1.0" date="14/03/2004">
  <theme name="Basic" author="Hydra" version="1.0" date="14/03/2004">
    <item appliesto="S" itemid="10000" formatstring="-\074SERVER\076- \074ALL\076"/>
    <item appliesto="S" itemid="10001" formatstring="\074SERVERNOTICE\076 \074ALL\076"/>
    <item appliesto="S" itemid="10021" formatstring="PING \074SERVER\076 \074ALL\076"/>
    <item appliesto="S" itemid="10022" formatstring="PONG \074SERVER\076 \074ALL\076"/>
    <item appliesto="S" itemid="10023" formatstring="-\076 PING \074SERVER\076 \074ALL\076"/>
    <item appliesto="S" itemid="10024" formatstring="-\076 PONG \074SERVER\076 \074ALL\076"/>
    <item appliesto="SCQD" itemid="10002" formatstring="-\074NICK\076- \074ALL\076"/>
    <item appliesto="SCQD" itemid="10025" formatstring="*\074PARAM1\076* \074PARAM2\076"/>
    <item appliesto="S" itemid="10013" formatstring="CTCP/\074CTCP\076 reply from \074NICK\076 : \074ALL\076"/>
    <item appliesto="S" itemid="10014" formatstring="-\076 [\074NICK\076] \074ALL\076"/>
    <item appliesto="S" itemid="10027" formatstring="-\076 [\074NICK\076] \074ALL\076"/>
    <item appliesto="S" itemid="10015" formatstring="CTCP/\074CTCP\076 request from \074NICK\076 : \074ALL\076"/>
    <item appliesto="S" itemid="10020" formatstring="-\076 [\074NICK\076] \074ALL\076"/>
    <item appliesto="S" itemid="10003" formatstring="*** Nick changed to \074NICK\076"/>
    <item appliesto="SCQD" itemid="10026" formatstring="*** Attempting to use nick &quot;\074NICK\076&quot;"/>
    <item appliesto="S" itemid="10004" formatstring="*** \074NICK\076 sets mode \074ALL\076"/>
    <item appliesto="C" itemid="10004" formatstring="*** \074NICK\076 sets channel \074CHANNEL\076 mode \074ALL\076"/>
    <item appliesto="C" itemid="331" formatstring="*** topic is \074ALL\076"/>
    <item appliesto="C" itemid="332" formatstring="*** topic is \074ALL\076"/>
    <item appliesto="C" itemid="333" formatstring="*** set by \074NICK\076 on \074PARAM3\076"/>
    <item appliesto="C" itemid="329" formatstring="*** channel created at \074PARAM2\076"/>
    <item appliesto="C" itemid="10005" formatstring="*** \074NICK\076 changed topic to \074ALL\076"/>
    <item appliesto="C" itemid="10007" formatstring="*** now talking in \074CHANNEL\076"/>
    <item appliesto="C" itemid="10006" formatstring="*** \074NICK\076 (\074HOST\076) joined"/>
    <item appliesto="C" itemid="10008" formatstring="*** \074NICK\076 (\074HOST\076) left (\074ALL\076)"/>
    <item appliesto="CQ" itemid="10010" formatstring="*** \074NICK\076 quit (\074ALL\076)"/>
    <item appliesto="C" itemid="10011" formatstring="*** you were kicked from \074CHANNEL\076 by \074NICK\076 (\074ALL\076)"/>
    <item appliesto="C" itemid="10012" formatstring="*** \074OTHERNICK\076 was kicked from \074CHANNEL\076 by \074NICK\076 (\074ALL\076)"/>
    <item appliesto="SCQD" itemid="10003" formatstring="*** \074OTHERNICK\076 changed nick to \074NICK\076"/>
    <item appliesto="SCQD" itemid="10016" formatstring="* \074NICK\076 \074ALL\076"/>
    <item appliesto="SCQD" itemid="10017" formatstring="\074\074NICK\076\076 \074ALL\076"/>
    <item appliesto="SCQD" itemid="10018" formatstring="*\074NICK\076* \074ALL\076"/>
    <item appliesto="SCQD" itemid="10019" formatstring="-\076 *\074NICK\076* \074ALL\076"/>
    <item appliesto="SCQD" itemid="311" formatstring="\074NICK\076 is \074USERNAME\076@\074HOST\076 \074NAME\076"/>
    <item appliesto="SCQD" itemid="301" formatstring="\074NICK\076 is away, reason: \074ALL\076"/>
    <item appliesto="SCQD" itemid="378" formatstring="\074NICK\076 is connecting from \074HOST\076"/>
    <item appliesto="SCQD" itemid="312" formatstring="\074NICK\076 using \074REMOTESERVER\076 \074REMOTESERVERDESCRIPTION\076"/>
    <item appliesto="SCQD" itemid="317" formatstring="\074NICK\076 idle \074IDLESECS\076, signed on \074SIGNONTIME\076"/>
    <item appliesto="SCQD" itemid="319" formatstring="\074NICK\076 on \074ALL\076"/>
    <item appliesto="SCQD" itemid="318" formatstring="\074NICK\076 End of /WHOIS list."/>
    <item appliesto="S" itemid="353" formatstring="\074CHANNEL\076 \074ALL\076"/>
    <item appliesto="S" itemid="366" formatstring="\074CHANNEL\076 End of /NAMES list."/>
    <item appliesto="S" itemid="321" formatstring="Channel Name - Users - Topic"/>
    <item appliesto="S" itemid="322" formatstring="\074CHANNEL\076 - Users: \074PARAM2\076 Topic: \074ALL\076"/>
    <item appliesto="S" itemid="323" formatstring="\074ALL\076"/>
    <item appliesto="SC" itemid="324" formatstring="*** channel \074CHANNEL\076 mode is \074CHANNELMODE\076"/>
    <item appliesto="S" itemid="437" formatstring="\074CHANNEL\076 - \074ALL\076"/>
    <item appliesto="S" itemid="405" formatstring="\074CHANNEL\076 - \074ALL\076"/>
    <item appliesto="S" itemid="403" formatstring="\074CHANNEL\076 - \074ALL\076"/>
    <item appliesto="S" itemid="471" formatstring="\074CHANNEL\076 - \074ALL\076"/>
    <item appliesto="S" itemid="473" formatstring="\074CHANNEL\076 - \074ALL\076"/>
    <item appliesto="S" itemid="475" formatstring="\074CHANNEL\076 - \074ALL\076"/>
    <item appliesto="S" itemid="474" formatstring="\074CHANNEL\076 - \074ALL\076"/>
    <item appliesto="S" itemid="482" formatstring="\074CHANNEL\076 - \074ALL\076"/>
    <item appliesto="S" itemid="401" formatstring="\074NICK\076 no such nick/channel"/>
    <item appliesto="S" itemid="432" formatstring="\074NICK\076 erroneous nickname"/>
    <item appliesto="S" itemid="433" formatstring="\074NICK\076 - \074ALL\076"/>
    <item appliesto="SCQD" itemid="20001" formatstring="*** \074ALL\076"/>
    <item appliesto="SCQD" itemid="20000" formatstring="*** \074ALL\076"/>
  </theme>
  <theme name="Alternate" author="Hydra" version="1.0" date="14/03/2004">
    <item appliesto="S" itemid="10000" formatstring="\0030,2 NOTICE \017 \074SERVER\076 - \074ALL\076"/>
    <item appliesto="S" itemid="10001" formatstring="\0030,2 NOTICE \017 \074SERVERNOTICE\076 - \074ALL\076"/>
    <item appliesto="S" itemid="10021" formatstring="\0030,2 PING \017 \074SERVER\076 \074ALL\076"/>
    <item appliesto="S" itemid="10022" formatstring="\0030,2 PONG \017 \074SERVER\076 \074ALL\076"/>
    <item appliesto="S" itemid="10023" formatstring="-\076 \0030,2 PING \017 \074SERVER\076 \074ALL\076"/>
    <item appliesto="S" itemid="10024" formatstring="-\076 \0030,2 PONG \017 \074SERVER\076 \074ALL\076"/>
    <item appliesto="SCQD" itemid="10002" formatstring="\0030,5 NOTICE \017 -\074NICK\076- \074ALL\076"/>
    <item appliesto="SCQD" itemid="10025" formatstring="\0030,5 WALLOPS \017 *\074PARAM1\076* \074PARAM2\076"/>
    <item appliesto="S" itemid="10013" formatstring="\0030,6 CTCP \017 CTCP/\074CTCP\076 reply from \074NICK\076 : \074ALL\076"/>
    <item appliesto="S" itemid="10014" formatstring="-\076 \0030,6 CTCP \017  [\074NICK\076] \074ALL\076"/>
    <item appliesto="S" itemid="10027" formatstring="-\076 \0030,2 NOTICE \017  [\074NICK\076] \074ALL\076"/>
    <item appliesto="S" itemid="10015" formatstring="\0030,6 CTCP \017 CTCP/\074CTCP\076 request from \074NICK\076 : \074ALL\076"/>
    <item appliesto="S" itemid="10020" formatstring="-\076 \0030,6 CTCP \017  [\074NICK\076] \074ALL\076"/>
    <item appliesto="S" itemid="10003" formatstring="\0030,6 NICK \017 Nick changed to \074NICK\076"/>
    <item appliesto="SCQD" itemid="10026" formatstring="\0030,6 NICK \017 Attempting to use nick &quot;\074NICK\076&quot;"/>
    <item appliesto="S" itemid="10004" formatstring="\0030,3 MODE \017 \074NICK\076 sets mode \074ALL\076"/>
    <item appliesto="C" itemid="10004" formatstring="\0030,3 MODE \017 \074NICK\076 sets channel \074CHANNEL\076 mode \074ALL\076"/>
    <item appliesto="C" itemid="331" formatstring="\0030,7 \074CHANNEL\076 \017 topic is \074ALL\076"/>
    <item appliesto="C" itemid="332" formatstring="\0030,7 \074CHANNEL\076 \017 topic is \074ALL\076"/>
    <item appliesto="C" itemid="333" formatstring="\0030,7 \074CHANNEL\076 \017 set by \074NICK\076 on \074PARAM3\076"/>
    <item appliesto="C" itemid="329" formatstring="\0030,7 \074CHANNEL\076 \017 created at \074PARAM2\076"/>
    <item appliesto="C" itemid="10005" formatstring="\0030,7 \074CHANNEL\076 \017 \074NICK\076 changed topic to \074ALL\076"/>
    <item appliesto="C" itemid="10007" formatstring="\0030,3 JOIN \017 now talking in \074CHANNEL\076"/>
    <item appliesto="C" itemid="10006" formatstring="\0030,3 JOIN \017 \074NICK\076 (\074HOST\076) joined"/>
    <item appliesto="C" itemid="10008" formatstring="\0030,2 PART \017 \074NICK\076 (\074HOST\076) left (\074ALL\076)"/>
    <item appliesto="C" itemid="10010" formatstring="\0030,2 QUIT \017 \074NICK\076 quit (\074ALL\076)"/>
    <item appliesto="C" itemid="10011" formatstring="\0030,4 KICK \017 you were kicked from \074CHANNEL\076 by \074NICK\076 (\074ALL\076)"/>
    <item appliesto="C" itemid="10012" formatstring="\0030,4 KICK \017 \074OTHERNICK\076 was kicked from \074CHANNEL\076 by \074NICK\076 (\074ALL\076)"/>
    <item appliesto="SCQD" itemid="10003" formatstring="\0030,6 NICK \017 \074OTHERNICK\076 changed nick to \074NICK\076"/>
    <item appliesto="SCQD" itemid="10016" formatstring="\035* \074NICK\076\035 \074ALL\076"/>
    <item appliesto="SCQD" itemid="10017" formatstring="\074\074NICK\076\076 \074ALL\076"/>
    <item appliesto="SCQD" itemid="10018" formatstring="\002*\002\074NICK\076\002*\017 \074ALL\076"/>
    <item appliesto="SCQD" itemid="10019" formatstring="-\076 \002*\002\074NICK\076\002*\017 \074ALL\076"/>
    <item appliesto="SCQD" itemid="311" formatstring="\0030,10 WHOIS \017 \074NICK\076 is \074USERNAME\076@\074HOST\076 \074NAME\076"/>
    <item appliesto="SCQD" itemid="301" formatstring="\0030,10 WHOIS \017 \074NICK\076 is away, reason: \074ALL\076"/>
    <item appliesto="SCQD" itemid="378" formatstring="\0030,10 WHOIS \017 \074NICK\076 is connecting from \074HOST\076"/>
    <item appliesto="SCQD" itemid="312" formatstring="\0030,10 WHOIS \017 \074NICK\076 using \074REMOTESERVER\076 \074REMOTESERVERDESCRIPTION\076"/>
    <item appliesto="SCQD" itemid="317" formatstring="\0030,10 WHOIS \017 \074NICK\076 idle \074IDLESECS\076, signed on \074SIGNONTIME\076"/>
    <item appliesto="SCQD" itemid="319" formatstring="\0030,10 WHOIS \017 \074NICK\076 on \074ALL\076"/>
    <item appliesto="SCQD" itemid="318" formatstring="\0030,10 WHOIS \017 \074NICK\076 End of /WHOIS list."/>
    <item appliesto="S" itemid="353" formatstring="\0030,7 \074CHANNEL\076 \017 \074ALL\076"/>
    <item appliesto="S" itemid="366" formatstring="\0030,7 \074CHANNEL\076 \017 End of /NAMES list."/>
    <item appliesto="S" itemid="321" formatstring="\0030,2 LIST \017 Channel Name - Users - Topic"/>
    <item appliesto="S" itemid="322" formatstring="\0030,2 LIST \017 \074CHANNEL\076 - Users: \074PARAM2\076 Topic: \074ALL\076"/>
    <item appliesto="S" itemid="323" formatstring="\0030,2 LIST \017 \074ALL\076"/>
    <item appliesto="SC" itemid="324" formatstring="\0030,3 MODE \017 \074CHANNEL\076 mode is \074CHANNELMODE\076"/>
    <item appliesto="S" itemid="437" formatstring="\0030,4 \074CHANNEL\076 \017 \074ALL\076"/>
    <item appliesto="S" itemid="405" formatstring="\0030,7 \074CHANNEL\076 \017 \074ALL\076"/>
    <item appliesto="S" itemid="403" formatstring="\0030,7 \074CHANNEL\076 \017 \074ALL\076"/>
    <item appliesto="S" itemid="471" formatstring="\0030,7 \074CHANNEL\076 \017 \074ALL\076"/>
    <item appliesto="S" itemid="473" formatstring="\0030,7 \074CHANNEL\076 \017 \074ALL\076"/>
    <item appliesto="S" itemid="475" formatstring="\0030,7 \074CHANNEL\076 \017 \074ALL\076"/>
    <item appliesto="S" itemid="474" formatstring="\0030,7 \074CHANNEL\076 \017 \074ALL\076"/>
    <item appliesto="S" itemid="482" formatstring="\0030,7 \074CHANNEL\076 \017 \074ALL\076"/>
    <item appliesto="S" itemid="401" formatstring="\0030,4 ERROR \017 \074NICK\076 no such nick/channel"/>
    <item appliesto="S" itemid="432" formatstring="\0030,4 ERROR \017 \074NICK\076 erroneous nickname"/>
    <item appliesto="S" itemid="433" formatstring="\0030,4 ERROR \026 \002\074NICK\076\017 - \074ALL\076"/>
    <item appliesto="S" itemid="1" formatstring="\0030,5 NOTICE \017 \074ALL\076"/>
    <item appliesto="S" itemid="2" formatstring="\0030,5 NOTICE \017 \074ALL\076"/>
    <item appliesto="S" itemid="3" formatstring="\0030,5 NOTICE \017 \074ALL\076"/>
    <item appliesto="S" itemid="4" formatstring="\0030,5 NOTICE \017 \074ALL\076"/>
    <item appliesto="S" itemid="250" formatstring="\0030,5 NOTICE \017 \074ALL\076"/>
    <item appliesto="S" itemid="251" formatstring="\0030,5 NOTICE \017 \074ALL\076"/>
    <item appliesto="S" itemid="255" formatstring="\0030,5 NOTICE \017 \074ALL\076"/>
    <item appliesto="S" itemid="375" formatstring="\0030,3 MOTD \017 \074ALL\076"/>
    <item appliesto="S" itemid="372" formatstring="\0030,3 MOTD \017 \074ALL\076"/>
    <item appliesto="S" itemid="376" formatstring="\0030,5 NOTICE \017 \074ALL\076"/>
    <item appliesto="SCQD" itemid="20001" formatstring="\0030,2 CONNECT \017 \074ALL\076"/>
    <item appliesto="SCQD" itemid="20000" formatstring="\0030,4 ERROR \017 \074ALL\076"/>
    <item appliesto="S" itemid="-1" formatstring="\0030,14 NOTICE \017 \074ALL\076"/>
    <item appliesto="C" itemid="-1" formatstring="\0030,14 CHANNEL \017 \074ALL\076"/>
    <item appliesto="SCQD" itemid="-1" formatstring="\0030,14 DEFAULT \017 \074ALL\076"/>
  </theme>
</HydraIRCThemeCollection>