<?xml version="1.0"?>
<!-- DO NOT EDIT THIS FILE! - FUTURE VERSION OF HYDRAIRC WILL OVERWRITE IT - TAKE A COPY!! -->
<HydraIRCColorSchemeCollection name="The Anders Collection" author="-Anders">
  <colorscheme name="Artificial-Silence" author="-Anders" version="1.0" date="24/Jan/2003">
    <item name="Color_white" color="#ffffff"/>
    <item name="Color_black" color="#000000"/>
    <item name="Color_darkblue" color="#00007f"/>
    <item name="Color_darkgreen" color="#009300"/>
    <item name="Color_red" color="#ff0000"/>
    <item name="Color_brown" color="#7f0000"/>
    <item name="Color_purple" color="#9c009c"/>
    <item name="Color_orange" color="#fc7f00"/>
    <item name="Color_yellow" color="#ffff00"/>
    <item name="Color_green" color="#00fc00"/>
    <item name="Color_darkcyan" color="#009393"/>
    <item name="Color_cyan" color="#00ffff"/>
    <item name="Color_blue" color="#0000fc"/>
    <item name="Color_pink" color="#ff00ff"/>
    <item name="Color_gray" color="#7f7f7f"/>
    <item name="Color_lightgray" color="#aaaaaa"/>
    <item name="Item_background" color="#505050"/>
    <item name="Item_normal" color="#999999"/>
    <item name="Item_notice" color="#aaaaaa"/>
    <item name="Item_topic" color="#909090"/>
    <item name="Item_join" color="#909090"/>
    <item name="Item_kick" color="#909090"/>
    <item name="Item_mode" color="#909090"/>
    <item name="Item_nick" color="#909090"/>
    <item name="Item_part" color="#909090"/>
    <item name="Item_action" color="#999999"/>
    <item name="Item_ctcp" color="#909090"/>
    <item name="Item_quit" color="#909090"/>
    <item name="Item_connecting" color="#909090"/>
    <item name="Item_querytext" color="#aaaaaa"/>
    <item name="Item_info" color="#aaaaaa"/>
    <item name="Item_warning" color="#bbbbbb"/>
    <item name="Item_error" color="#bbbbbb"/>
    <item name="Item_timestamp" color="#909090"/>
    <item name="Item_userlistbackground" color="#505050"/>
    <item name="Item_userlistnormaltext" color="#999999"/>
    <item name="Item_textinputbackground" color="#505050"/>
    <item name="Item_textinputnormaltext" color="#999999"/>
    <item name="Item_globaluserlistbackground" color="#505050"/>
    <item name="Item_globaluserlistnormaltext" color="#999999"/>
    <item name="Item_serverlistbackground" color="#505050"/>
    <item name="Item_serverlistnormaltext" color="#999999"/>
    <item name="Item_serverlistdisconnected" color="#909090"/>
    <item name="Item_serverlistconnecting" color="#909090"/>
    <item name="Item_serverlistconnected" color="#999999"/>
    <item name="Item_serverlistserverdirtytext" color="#999999"/>
    <item name="Item_serverlistserverdirtybackground" color="#505050"/>
    <item name="Item_serverlistdccchatdirtytext" color="#999999"/>
    <item name="Item_serverlistdccchatdirtybackground" color="#505050"/>
    <item name="Item_serverlistchanneldirtytext" color="#999999"/>
    <item name="Item_serverlistchanneldirtybackground" color="#505050"/>
    <item name="Item_serverlistquerydirtytext" color="#999999"/>
    <item name="Item_serverlistquerydirtybackground" color="#505050"/>
    <item name="Item_transferlisterrortext" color="#930000"/>
    <item name="Item_transferlistcompletetext" color="#009300"/>
    <item name="Item_transferlistnormaltext" color="#000000"/>
  </colorscheme>
</HydraIRCColorSchemeCollection>
