<?xml version="1.0"?>
<!-- DO NOT EDIT THIS FILE! - FUTURE VERSION OF HYDRAIRC WILL OVERWRITE IT - TAKE A COPY!! -->
<HydraIRCColorSchemeCollection name="Collection 1" author="duckman">
  <colorscheme name="stochastic" author="duckman" version="1" date="1/July/2003">
    <item name="Color_white" color="#FFFFFF"/>
    <item name="Color_black" color="#000000"/>
    <item name="Color_darkblue" color="#00007F"/>
    <item name="Color_darkgreen" color="#009300"/>
    <item name="Color_red" color="#FF0000"/>
    <item name="Color_brown" color="#7F0000"/>
    <item name="Color_purple" color="#9c009c"/>
    <item name="Color_orange" color="#Fc7F00"/>
    <item name="Color_yellow" color="#FFFF00"/>
    <item name="Color_green" color="#00Fc00"/>
    <item name="Color_darkcyan" color="#009393"/>
    <item name="Color_cyan" color="#00FFFF"/>
    <item name="Color_blue" color="#0000Fc"/>
    <item name="Color_pink" color="#FF00FF"/>
    <item name="Color_gray" color="#7F7F7F"/>
    <item name="Color_lightgray" color="#aaaaaa"/>

    <item name="Item_background" color="#282828"/>
    <item name="Item_normal" color="#AB1707"/>
    <item name="Item_notice" color="#1C9D70"/>
    <item name="Item_topic" color="#1C9D70"/>
    <item name="Item_join" color="#1C9D70"/>
    <item name="Item_kick" color="#1C9D70"/>
    <item name="Item_mode" color="#1C9D70"/>
    <item name="Item_nick" color="#9305B6"/>
    <item name="Item_part" color="#1C9D70"/>
    <item name="Item_action" color="#CC9933"/>
    <item name="Item_ctcp" color="#1C9D70"/>
    <item name="Item_quit" color="#1C9D70"/>
    <item name="Item_connecting" color="#1C9D70"/>
    <item name="Item_querytext" color="#FFFF00"/>
    <item name="Item_owntext" color="#FFFF59"/>
    
    <item name="Item_headertext" color="#000000"/>
    <item name="Item_headerbackground" color="#DDD9D3"/>

    <item name="Item_infotext" color="#A09C8B"/>
    <item name="Item_infobackground" color="#282828"/>

    <item name="Item_info" color="#ffffff"/>
    <item name="Item_warning" color="#bbbbbb"/>
    <item name="Item_error" color="#bbbbbb"/>
    <item name="Item_wallops" color="#bbbbbb"/>
    
    <item name="Item_timestamp" color="#A09C8B"/>

    <item name="Item_userlistbackground" color="#282828"/>
    <item name="Item_userlistnormaltext" color="#A09C8B"/>
    <item name="Item_userlistselectedbackground" color="-1"/>

    <item name="Item_textinputbackground" color="#282828"/>
    <item name="Item_textinputnormaltext" color="#E50041"/>

    <item name="Item_globaluserlistbackground" color="#282828"/>
    <item name="Item_globaluserlistnormaltext" color="#A09C8B"/>
    <item name="Item_globaluserlistselectedbackground" color="484848"/>

    <item name="Item_serverlistbackground" color="#282828"/>
    <item name="Item_serverlistnormaltext" color="#A09C8B"/>
    <item name="Item_serverlistselectedbackground" color="#484848"/>
    <item name="Item_serverlistdisconnected" color="#CCFF98"/>
    <item name="Item_serverlistconnecting" color="#CCFF98"/>
    <item name="Item_serverlistconnected" color="#A09C8B"/>
    <item name="Item_serverlistserverdirtytext" color="#BF8902"/>
    <item name="Item_serverlistserverdirtybackground" color="#282828"/>
    <item name="Item_serverlistdccchatdirtytext" color="#BF8902"/>
    <item name="Item_serverlistdccchatdirtybackground" color="#282828"/>
    <item name="Item_serverlistchanneldirtytext" color="#BF8902"/>
    <item name="Item_serverlistchanneldirtybackground" color="#282828"/>
    <item name="Item_serverlistquerydirtytext" color="#BF8902"/>
    <item name="Item_serverlistquerydirtybackground" color="#282828"/>

    <item name="Item_serverlistserverrecenttext" color="#FFE132"/>
    <item name="Item_serverlistserverrecentbackground" color="#282828"/>
    <item name="Item_serverlistdccchatrecenttext" color="#FFE132"/>
    <item name="Item_serverlistdccchatrecentbackground" color="#282828"/>
    <item name="Item_serverlistchannelrecenttext" color="#FFE132"/>
    <item name="Item_serverlistchannelrecentbackground" color="#282828"/>
    <item name="Item_serverlistqueryrecenttext" color="#FFE132"/>
    <item name="Item_serverlistqueryrecentbackground" color="#282828"/>

    <item name="Item_transFerlisterrortext" color="#BF0000"/>
    <item name="Item_transFerlistcompletetext" color="#1532F8"/>
    <item name="Item_transFerlistnormaltext" color="#009800"/>
  </colorscheme>
</HydraIRCColorSchemeCollection>
or="duckman" version="1" date="11/December/2003">
    <item name="Color_white" color="#FFFFFF"/>
    <item name="Color_black" color="#000000"/>
    <item name="Color_darkblue" color="#00007F"/>
    <item name="Color_darkgreen" color="#009300"/>
    <item name="Color_red" color="#FF0000"/>
    <item name="Color_brown" color="#7F0000"/>
    <item name="Color_purple" color="#9c009c"/>
    <item name="Color_orange" color="#Fc7F00"/>
    <item name="Color_yellow" color="#FFFF00"/>
    <item name="Color_green" color="#00Fc00"/>
    <item name="Color_darkcyan" color="#009393"/>
    <item name="Color_cyan" color="#00FFFF"/>
    <item name="Color_blue" color="#0000Fc"/>
    <item name="Color_pink" color="#FF00FF"/>
    <item name="Color_gray" color="#7F7F7F"/>
    <item name="Color_lightgray" color="#aaaaaa"/>

    <item name="Item_background" color="#7C714E"/>
    <item name="Item_normal" color="#180040"/>
    <item name="Item_notice" color="#C7A540"/>
    <item name="Item_topic" color="#C7A540"/>
    <item name="Item_join" color="#C7A540"/>
    <item name="Item_kick" color="#C7A540"/>
    <item name="Item_mode" color="#C7A540"/>
    <item name="Item_nick" color="#D7E01B"/>
    <item name="Item_part" color="#C7A540"/>
    <item name="Item_action" color="#D7E01B"/>
    <item name="Item_ctcp" color="#C7A540"/>
    <item name="Item_quit" color="#C7A540"/>
    <item name="Item_connecting" color="#C7A540"/>
    <item name="Item_querytext" color="#180040"/>
    <item name="Item_owntext" color="#281982"/>
    
    <item name="Item_headertext" color="#000000"/>
    <item name="Item_headerbackground" color="#B6AF98"/>

    <item name="Item_infotext" color="#400040"/>
    <item name="Item_infobackground" color="#7C714E"/>

    <item name="Item_info" color="#ffffff"/>
    <item name="Item_warning" color="#bbbbbb"/>
    <item name="Item_error" color="#bbbbbb"/>
    <item name="Item_wallops" color="#bbbbbb"/>
    
    <item name="Item_timestamp" color="#400040"/>

    <item name="Item_userlistbackground" color="#7C714E"/>
    <item name="Item_userlistnormaltext" color="#400040"/>
    <item name="Item_userlistselectedbackground" color="-1"/>

    <item name="Item_textinputbackground" color="#7C714E"/>
    <item name="Item_textinputnormaltext" color="#000000"/>

    <item name="Item_globaluserlistbackground" color="#7C714E"/>
    <item name="Item_globaluserlistnormaltext" color="#4D7C70"/>
    <item name="Item_globaluserlistselectedbackground" color="484848"/>

    <item name="Item_serverlistbackground" color="#7C714E"/>
    <item name="Item_serverlistnormaltext" color="#400040"/>
    <item name="Item_serverlistselectedbackground" color="#484848"/>
    <item name="Item_serverlistdisconnected" color="#CCFF98"/>
    <item name="Item_serverlistconnecting" color="#CCFF98"/>
    <item name="Item_serverlistconnected" color="#400040"/>
    <item name="Item_serverlistserverdirtytext" color="#BF8902"/>
    <item name="Item_serverlistserverdirtybackground" color="#7C714E"/>
    <item name="Item_serverlistdccchatdirtytext" color="#BF8902"/>
    <item name="Item_serverlistdccchatdirtybackground" color="#7C714E"/>
    <item name="Item_serverlistchanneldirtytext" color="#BF8902"/>
    <item name="Item_serverlistchanneldirtybackground" color="#7C714E"/>
    <item name="Item_serverlistquerydirtytext" color="#BF8902"/>
    <item name="Item_serverlistquerydirtybackground" color="#7C714E"/>

    <item name="Item_serverlistserverrecenttext" color="#FFE132"/>
    <item name="Item_serverlistserverrecentbackground" color="#7C714E"/>
    <item name="Item_serverlistdccchatrecenttext" color="#FFE132"/>
    <item name="Item_serverlistdccchatrecentbackground" color="#7C714E"/>
    <item name="Item_serverlistchannelrecenttext" color="#FFE132"/>
    <item name="Item_serverlistchannelrecentbackground" color="#7C714E"/>
    <item name="Item_serverlistqueryrecenttext" color="#FFE132"/>
    <item name="Item_serverlistqueryrecentbackground" color="#7C714E"/>

    <item name="Item_transFerlisterrortext" color="#BF0000"/>
    <item name="Item_transFerlistcompletetext" color="#1532F8"/>
    <item name="Item_transFerlistnormaltext" color="#009800"/>
  </colorscheme></HydraIRCColorSchemeCollection>
