<?xml version="1.0"?>
<!-- Get more from this author from here: http://www.laphroaig.eclipse.co.uk/ -->
<HydraIRCColorSchemeCollection name="Collection 1" author="HeadHarvester">
	<colorscheme name="Black-Velvet" author="HeadHarvester" version="1.4" date="02/March/2004">
		<item name="Color_white" color="#ffffff"/>
		<item name="Color_black" color="#000000"/>
		<item name="Color_darkblue" color="#00007f"/>
		<item name="Color_darkgreen" color="#009300"/>
		<item name="Color_red" color="#ff0000"/>
		<item name="Color_brown" color="#7f0000"/>
		<item name="Color_purple" color="#9c009c"/>
		<item name="Color_orange" color="#fc7f00"/>
		<item name="Color_yellow" color="#ffff00"/>
		<item name="Color_green" color="#00fc00"/>
		<item name="Color_darkcyan" color="#009393"/>
		<item name="Color_cyan" color="#00ffff"/>
		<item name="Color_blue" color="#0000fc"/>
		<item name="Color_pink" color="#ff00ff"/>
		<item name="Color_gray" color="#7f7f7f"/>
		<item name="Color_lightgray" color="#aaaaaa"/>
		<item name="Item_background" color="#000000"/>
		<item name="Item_normal" color="#b700b7"/>
		<item name="Item_notice" color="#800000"/>
		<item name="Item_topic" color="#ff80ff"/>
		<item name="Item_join" color="#7100e1"/>
		<item name="Item_kick" color="#ff80ff"/>
		<item name="Item_mode" color="#ff80ff"/>
		<item name="Item_nick" color="#ff80ff"/>
		<item name="Item_part" color="#ff80ff"/>
		<item name="Item_action" color="#800080"/>
		<item name="Item_ctcp" color="#ff0000"/>
		<item name="Item_quit" color="#7100e1"/>
		<item name="Item_connecting" color="#ff8040"/>
		<item name="Item_querytext" color="#9c009c"/>
		<item name="Item_owntext" color="#ff0080"/>
		<item name="Item_wallops" color="#800000"/>
		<item name="Item_info" color="#000080"/>
		<item name="Item_warning" color="#ff8000"/>
		<item name="Item_error" color="#ff0000"/>
		<item name="Item_timestamp" color="#9c009c"/>
		<item name="Item_userlistnormaltext" color="#9c009c"/>
		<item name="Item_userlistbackground" color="#000000"/>
		<item name="Item_userlistselectedbackground" color="#400080"/>
		<item name="Item_textinputbackground" color="#000000"/>
		<item name="Item_textinputnormaltext" color="#ff0080"/>
		<item name="Item_globaluserlistbackground" color="#000000"/>
		<item name="Item_globaluserlistselectedbackground" color="#400080"/>
		<item name="Item_globaluserlistnormaltext" color="#9c009c"/>
		<item name="Item_serverlistnormaltext" color="#9c009c"/>
		<item name="Item_serverlistbackground" color="#000000"/>
		<item name="Item_serverlistselectedbackground" color="#400080"/>
		<item name="Item_serverlistdisconnected" color="#8080c0"/>
		<item name="Item_serverlistconnecting" color="#a45b95"/>
		<item name="Item_serverlistconnected" color="#ff00ff"/>
		<item name="Item_serverlistserverdirtytext" color="#7100e1"/>
		<item name="Item_serverlistserverdirtybackground" color="#000000"/>
		<item name="Item_serverlistdccchatdirtytext" color="#7100e1"/>
		<item name="Item_serverlistdccchatdirtybackground" color="#000000"/>
		<item name="Item_serverlistchanneldirtytext" color="#7100e1"/>
		<item name="Item_serverlistchanneldirtybackground" color="#000000"/>
		<item name="Item_serverlistquerydirtytext" color="#7100e1"/>
		<item name="Item_serverlistquerydirtybackground" color="#000000"/>
		<item name="Item_serverlistserverrecenttext" color="#ff0080"/>
		<item name="Item_serverlistserverrecentbackground" color="#000000"/>
		<item name="Item_serverlistdccchatrecenttext" color="#ff0080"/>
		<item name="Item_serverlistdccchatrecentbackground" color="#000000"/>
		<item name="Item_serverlistchannelrecenttext" color="#ff0080"/>
		<item name="Item_serverlistchannelrecentbackground" color="#000000"/>
		<item name="Item_serverlistqueryrecenttext" color="#ff0080"/>
		<item name="Item_serverlistqueryrecentbackground" color="#000000"/>
		<item name="Item_transferlisterrortext" color="#ff0080"/>
		<item name="Item_transferlistcompletetext" color="#009300"/>
		<item name="Item_transferlistnormaltext" color="#b700b7"/>
		<item name="Item_transferlistbackground" color="#000000"/>
		<item name="Item_eventlogtext" color="#b700b7"/>
		<item name="Item_eventlogbackground" color="#000000"/>
		<item name="Item_urlcatchertext" color="#b700b7"/>
		<item name="Item_urlcatcherurltext" color="#800000"/>
		<item name="Item_urlcatcherbackground" color="#000000"/>
		<item name="Item_noticelogtext" color="#b700b7"/>
		<item name="Item_noticelogbackground" color="#000000"/>
		<item name="Item_querylogtext" color="#b700b7"/>
		<item name="Item_querylogbackground" color="#000000"/>
		<item name="Item_headertext" color="#ff0080"/>
		<item name="Item_headerbackground" color="#000000"/>
		<item name="Item_infotext" color="#ff0080"/>
		<item name="Item_infobackground" color="#000000"/>
	</colorscheme>
	<colorscheme name="Rainy-Day" author="HeadHarvester" version="1.4" date="02/March/2004">
		<item name="Color_white" color="#ffffff"/>
		<item name="Color_black" color="#000000"/>
		<item name="Color_darkblue" color="#00007f"/>
		<item name="Color_darkgreen" color="#009300"/>
		<item name="Color_red" color="#ff0000"/>
		<item name="Color_brown" color="#7f0000"/>
		<item name="Color_purple" color="#9c009c"/>
		<item name="Color_orange" color="#fc7f00"/>
		<item name="Color_yellow" color="#ffff00"/>
		<item name="Color_green" color="#00fc00"/>
		<item name="Color_darkcyan" color="#009393"/>
		<item name="Color_cyan" color="#00ffff"/>
		<item name="Color_blue" color="#0000fc"/>
		<item name="Color_pink" color="#ff00ff"/>
		<item name="Color_gray" color="#7f7f7f"/>
		<item name="Color_lightgray" color="#aaaaaa"/>
		<item name="Item_background" color="#dbdbdb"/>
		<item name="Item_normal" color="#000000"/>
		<item name="Item_notice" color="#000000"/>
		<item name="Item_topic" color="#0080ff"/>
		<item name="Item_join" color="#0080ff"/>
		<item name="Item_kick" color="#0080ff"/>
		<item name="Item_mode" color="#0080ff"/>
		<item name="Item_nick" color="#0080ff"/>
		<item name="Item_part" color="#0080ff"/>
		<item name="Item_action" color="#000000"/>
		<item name="Item_ctcp" color="#0080ff"/>
		<item name="Item_quit" color="#0080ff"/>
		<item name="Item_connecting" color="#0080ff"/>
		<item name="Item_querytext" color="#8000ff"/>
		<item name="Item_owntext" color="#ab2efe"/>
		<item name="Item_wallops" color="#000000"/>
		<item name="Item_info" color="#0000ff"/>
		<item name="Item_warning" color="#0000a0"/>
		<item name="Item_error" color="#0000a0"/>
		<item name="Item_timestamp" color="#0000fc"/>
		<item name="Item_userlistnormaltext" color="#000000"/>
		<item name="Item_userlistbackground" color="#dbdbdb"/>
		<item name="Item_userlistselectedbackground" color="#00ffff"/>
		<item name="Item_textinputbackground" color="#dbdbdb"/>
		<item name="Item_textinputnormaltext" color="#000000"/>
		<item name="Item_globaluserlistbackground" color="#dbdbdb"/>
		<item name="Item_globaluserlistselectedbackground" color="#00ffff"/>
		<item name="Item_globaluserlistnormaltext" color="#000000"/>
		<item name="Item_serverlistnormaltext" color="#000000"/>
		<item name="Item_serverlistbackground" color="#dbdbdb"/>
		<item name="Item_serverlistselectedbackground" color="#00ffff"/>
		<item name="Item_serverlistdisconnected" color="#0080ff"/>
		<item name="Item_serverlistconnecting" color="#0080ff"/>
		<item name="Item_serverlistconnected" color="#008000"/>
		<item name="Item_serverlistserverdirtytext" color="#ff3000"/>
		<item name="Item_serverlistserverdirtybackground" color="#dbdbdb"/>
		<item name="Item_serverlistdccchatdirtytext" color="#ff3000"/>
		<item name="Item_serverlistdccchatdirtybackground" color="#dbdbdb"/>
		<item name="Item_serverlistchanneldirtytext" color="#ff3000"/>
		<item name="Item_serverlistchanneldirtybackground" color="#dbdbdb"/>
		<item name="Item_serverlistquerydirtytext" color="#ff3000"/>
		<item name="Item_serverlistquerydirtybackground" color="#dbdbdb"/>
		<item name="Item_serverlistserverrecenttext" color="#ff3000"/>
		<item name="Item_serverlistserverrecentbackground" color="#dbdbdb"/>
		<item name="Item_serverlistdccchatrecenttext" color="#ff3000"/>
		<item name="Item_serverlistdccchatrecentbackground" color="#000000"/>
		<item name="Item_serverlistchannelrecenttext" color="#ff3000"/>
		<item name="Item_serverlistchannelrecentbackground" color="#dbdbdb"/>
		<item name="Item_serverlistqueryrecenttext" color="#ff3000"/>
		<item name="Item_serverlistqueryrecentbackground" color="#dbdbdb"/>
		<item name="Item_transferlisterrortext" color="#0080ff"/>
		<item name="Item_transferlistcompletetext" color="#800080"/>
		<item name="Item_transferlistnormaltext" color="#000000"/>
		<item name="Item_transferlistbackground" color="#dbdbdb"/>
		<item name="Item_eventlogtext" color="#000000"/>
		<item name="Item_eventlogbackground" color="#dbdbdb"/>
		<item name="Item_urlcatchertext" color="#000000"/>
		<item name="Item_urlcatcherurltext" color="#000000"/>
		<item name="Item_urlcatcherbackground" color="#dbdbdb"/>
		<item name="Item_noticelogtext" color="#000000"/>
		<item name="Item_noticelogbackground" color="#dbdbdb"/>
		<item name="Item_querylogtext" color="#000000"/>
		<item name="Item_querylogbackground" color="#dbdbdb"/>
		<item name="Item_headertext" color="#ab2efe"/>
		<item name="Item_headerbackground" color="#dbdbdb"/>
		<item name="Item_infotext" color="#ab2efe"/>
		<item name="Item_infobackground" color="#dbdbdb"/>
	</colorscheme>
</HydraIRCColorSchemeCollection>
