<?xml version="1.0"?>
<!-- DO NOT EDIT THIS FILE! - FUTURE VERSION OF HYDRAIRC WILL OVERWRITE IT - TAKE A COPY!! -->
<HydraIRCColorSchemeCollection name="Collection 1" author="imajes">
  <colorscheme name="Muted-Sky" author="imajes" version="1.1" date="17/June/2003">
    <item name="Color_white" color="#FFFFFF"/>
    <item name="Color_black" color="#FFFFFF"/>
    <item name="Color_darkblue" color="#00007F"/>
    <item name="Color_darkgreen" color="#009300"/>
    <item name="Color_red" color="#FF0000"/>
    <item name="Color_brown" color="#7F0000"/>
    <item name="Color_purple" color="#9c009c"/>
    <item name="Color_orange" color="#Fc7F00"/>
    <item name="Color_yellow" color="#FFFF00"/>
    <item name="Color_green" color="#00Fc00"/>
    <item name="Color_darkcyan" color="#009393"/>
    <item name="Color_cyan" color="#00FFFF"/>
    <item name="Color_blue" color="#0000Fc"/>
    <item name="Color_pink" color="#FF00FF"/>
    <item name="Color_gray" color="#7F7F7F"/>
    <item name="Color_lightgray" color="#FFFFFF"/>

    <item name="Item_background" color="#333333"/>
    <item name="Item_normal" color="#CC9933"/>
    <item name="Item_notice" color="#FFFFFF"/>
    <item name="Item_topic" color="#CCCC66"/>
    <item name="Item_join" color="#CCCC66"/>
    <item name="Item_kick" color="#CCCC66"/>
    <item name="Item_mode" color="#CCCC66"/>
    <item name="Item_nick" color="#CCCC66"/>
    <item name="Item_part" color="#CCCC66"/>
    <item name="Item_action" color="#CC9933"/>
    <item name="Item_ctcp" color="#CCCC66"/>
    <item name="Item_quit" color="#CCCC66"/>
    <item name="Item_connecting" color="#CCCC66"/>
    <item name="Item_querytext" color="#FFFFFF"/>
    <item name="Item_owntext" color="#CC9933"/>
    
    <item name="Item_info" color="#FFFFFF"/>
    <item name="Item_warning" color="#bbbbbb"/>
    <item name="Item_error" color="#bbbbbb"/>
    
    <item name="Item_timestamp" color="#CCCC66"/>

    <item name="Item_userlistbackground" color="#333333"/>
    <item name="Item_userlistnormaltext" color="#CC9933"/>
    <item name="Item_userlistselectedbackground" color="-1"/>

    <item name="Item_textinputbackground" color="#333333"/>
    <item name="Item_textinputnormaltext" color="#CC9933"/>

    <item name="Item_globaluserlistbackground" color="#333333"/>
    <item name="Item_globaluserlistnormaltext" color="#CC9933"/>
    <item name="Item_globaluserlistselectedbackground" color="-1"/>

    <item name="Item_serverlistbackground" color="#333333"/>
    <item name="Item_serverlistnormaltext" color="#CC9933"/>
    <item name="Item_serverlistselectedbackground" color="-1"/>
    <item name="Item_serverlistdisconnected" color="#CCCC66"/>
    <item name="Item_serverlistconnecting" color="#CCCC66"/>
    <item name="Item_serverlistconnected" color="#CC9933"/>
    <item name="Item_serverlistserverdirtytext" color="#CC9933"/>
    <item name="Item_serverlistserverdirtybackground" color="#333333"/>
    <item name="Item_serverlistdccchatdirtytext" color="#CC9933"/>
    <item name="Item_serverlistdccchatdirtybackground" color="#333333"/>
    <item name="Item_serverlistchanneldirtytext" color="#CC9933"/>
    <item name="Item_serverlistchanneldirtybackground" color="#333333"/>
    <item name="Item_serverlistquerydirtytext" color="#CC9933"/>
    <item name="Item_serverlistquerydirtybackground" color="#333333"/>
    <item name="Item_serverlistserverrecenttext" color="-1"/>
    <item name="Item_serverlistserverrecentbackground" color="#333333"/>
    <item name="Item_serverlistdccchatrecenttext" color="#ffff00"/>
    <item name="Item_serverlistdccchatrecentbackground" color="#333333"/>
    <item name="Item_serverlistchannelrecenttext" color="#ffff00"/>
    <item name="Item_serverlistchannelrecentbackground" color="#333333"/>
    <item name="Item_serverlistqueryrecenttext" color="#ffff00"/>
    <item name="Item_serverlistqueryrecentbackground" color="#333333"/>

    <item name="Item_transFerlisterrortext" color="#930000"/>
    <item name="Item_transFerlistcompletetext" color="#009300"/>
    <item name="Item_transFerlistnormaltext" color="#000000"/>
  </colorscheme>
</HydraIRCColorSchemeCollection>
